region,year,week,total_a,total_b,total_specimens,total_cases
New England,2015,40,2,3,693,5
Middle Atlantic,2015,40,5,1,1584,6
East North Central,2015,40,13,3,1918,16
West North Central,2015,40,3,1,978,4
South Atlantic,2015,40,20,12,2403,32
East South Central,2015,40,4,4,615,8
West South Central,2015,40,8,16,1592,24
Mountain,2015,40,1,1,943,2
Pacific,2015,40,28,2,1303,30
New England,2015,41,11,4,752,15
Middle Atlantic,2015,41,5,3,1830,8
East North Central,2015,41,13,6,2114,19
West North Central,2015,41,7,5,1046,12
South Atlantic,2015,41,34,14,2728,48
East South Central,2015,41,5,3,665,8
West South Central,2015,41,10,16,1734,26
Mountain,2015,41,3,0,1040,3
Pacific,2015,41,28,3,1202,31
New England,2015,42,4,3,708,7
Middle Atlantic,2015,42,4,3,1836,7
East North Central,2015,42,4,7,2222,11
West North Central,2015,42,7,1,1137,8
South Atlantic,2015,42,55,19,2807,74
East South Central,2015,42,8,2,746,10
West South Central,2015,42,6,15,1702,21
Mountain,2015,42,2,2,1056,4
Pacific,2015,42,7,0,1227,7
New England,2015,43,1,1,716,2
Middle Atlantic,2015,43,8,5,1826,13
East North Central,2015,43,12,6,2352,18
West North Central,2015,43,5,5,1133,10
South Atlantic,2015,43,42,22,2783,64
East South Central,2015,43,5,5,725,10
West South Central,2015,43,19,5,1566,24
Mountain,2015,43,2,1,1084,3
Pacific,2015,43,4,2,1352,6
New England,2015,44,0,1,781,1
Middle Atlantic,2015,44,8,3,1856,11
East North Central,2015,44,13,9,2331,22
West North Central,2015,44,2,5,1211,7
South Atlantic,2015,44,42,27,3112,69
East South Central,2015,44,3,11,914,14
West South Central,2015,44,14,7,1756,21
Mountain,2015,44,4,2,1266,6
Pacific,2015,44,11,3,1460,14
New England,2015,45,2,1,682,3
Middle Atlantic,2015,45,8,2,1906,10
East North Central,2015,45,23,3,2366,26
West North Central,2015,45,1,0,1119,1
South Atlantic,2015,45,50,49,3300,99
East South Central,2015,45,8,10,841,18
West South Central,2015,45,20,15,2004,35
Mountain,2015,45,3,0,1337,3
Pacific,2015,45,7,6,1493,13
New England,2015,46,1,1,779,2
Middle Atlantic,2015,46,5,6,2018,11
East North Central,2015,46,15,8,2459,23
West North Central,2015,46,2,4,1085,6
South Atlantic,2015,46,32,53,3121,85
East South Central,2015,46,5,6,1005,11
West South Central,2015,46,20,17,1851,37
Mountain,2015,46,0,0,1313,0
Pacific,2015,46,4,3,1619,7
New England,2015,47,2,1,788,3
Middle Atlantic,2015,47,11,5,1825,16
East North Central,2015,47,9,5,2263,14
West North Central,2015,47,1,1,1002,2
South Atlantic,2015,47,74,55,3361,129
East South Central,2015,47,2,11,954,13
West South Central,2015,47,12,11,2176,23
Mountain,2015,47,4,1,1398,5
Pacific,2015,47,4,2,1467,6
New England,2015,48,2,1,780,3
Middle Atlantic,2015,48,19,4,2149,23
East North Central,2015,48,15,4,2574,19
West North Central,2015,48,5,1,1197,6
South Atlantic,2015,48,53,35,2944,88
East South Central,2015,48,13,14,1042,27
West South Central,2015,48,12,10,2230,22
Mountain,2015,48,10,3,1530,13
Pacific,2015,48,16,9,1755,25
New England,2015,49,2,5,821,7
Middle Atlantic,2015,49,16,4,2252,20
East North Central,2015,49,14,6,2676,20
West North Central,2015,49,7,3,1170,10
South Atlantic,2015,49,59,50,3306,109
East South Central,2015,49,7,13,1022,20
West South Central,2015,49,14,12,2219,26
Mountain,2015,49,10,7,1503,17
Pacific,2015,49,11,6,1704,17
New England,2015,50,1,2,842,3
Middle Atlantic,2015,50,13,6,2402,19
East North Central,2015,50,14,4,2642,18
West North Central,2015,50,10,3,1210,13
South Atlantic,2015,50,157,116,3816,273
East South Central,2015,50,6,15,970,21
West South Central,2015,50,11,15,2320,26
Mountain,2015,50,8,15,1495,23
Pacific,2015,50,24,16,1661,40
New England,2015,51,9,2,886,11
Middle Atlantic,2015,51,11,6,2263,17
East North Central,2015,51,20,7,2533,27
West North Central,2015,51,6,4,1136,10
South Atlantic,2015,51,96,83,3362,179
East South Central,2015,51,4,6,989,10
West South Central,2015,51,21,24,2518,45
Mountain,2015,51,25,13,1426,38
Pacific,2015,51,28,21,1765,49
New England,2015,52,6,1,991,7
Middle Atlantic,2015,52,29,17,2415,46
East North Central,2015,52,13,6,2998,19
West North Central,2015,52,6,2,1266,8
South Atlantic,2015,52,110,96,3823,206
East South Central,2015,52,3,14,1082,17
West South Central,2015,52,17,15,2542,32
Mountain,2015,52,30,19,1713,49
Pacific,2015,52,50,30,2035,80
New England,2016,1,12,5,1181,17
Middle Atlantic,2016,1,30,7,3026,37
East North Central,2016,1,54,11,3091,65
West North Central,2016,1,9,4,1381,13
South Atlantic,2016,1,91,45,3432,136
East South Central,2016,1,6,10,1012,16
West South Central,2016,1,32,13,2502,45
Mountain,2016,1,60,30,1883,90
Pacific,2016,1,102,59,2278,161
New England,2016,2,35,3,1025,38
Middle Atlantic,2016,2,56,12,2734,68
East North Central,2016,2,48,5,2899,53
West North Central,2016,2,17,2,1275,19
South Atlantic,2016,2,186,53,3314,239
East South Central,2016,2,15,12,904,27
West South Central,2016,2,36,18,2466,54
Mountain,2016,2,40,35,1739,75
Pacific,2016,2,138,84,2333,222
New England,2016,3,39,9,1097,48
Middle Atlantic,2016,3,68,10,2533,78
East North Central,2016,3,77,10,2887,87
West North Central,2016,3,26,2,1300,28
South Atlantic,2016,3,202,71,3136,273
East South Central,2016,3,12,9,850,21
West South Central,2016,3,37,26,2437,63
Mountain,2016,3,83,42,1924,125
Pacific,2016,3,172,136,2634,308
New England,2016,4,67,7,1273,74
Middle Atlantic,2016,4,103,13,2599,116
East North Central,2016,4,159,18,3312,177
West North Central,2016,4,34,6,1333,40
South Atlantic,2016,4,277,88,3607,365
East South Central,2016,4,16,12,912,28
West South Central,2016,4,59,42,2649,101
Mountain,2016,4,99,78,2171,177
Pacific,2016,4,221,148,2935,369
New England,2016,5,102,4,1266,106
Middle Atlantic,2016,5,176,24,2691,200
East North Central,2016,5,280,39,3719,319
West North Central,2016,5,46,10,1521,56
South Atlantic,2016,5,445,132,3946,577
East South Central,2016,5,15,11,844,26
West South Central,2016,5,68,64,2534,132
Mountain,2016,5,169,130,2603,299
Pacific,2016,5,271,173,3137,444
New England,2016,6,85,28,1402,113
Middle Atlantic,2016,6,281,43,3126,324
East North Central,2016,6,389,43,4025,432
West North Central,2016,6,78,9,1723,87
South Atlantic,2016,6,569,140,4477,709
East South Central,2016,6,24,18,877,42
West South Central,2016,6,116,109,2745,225
Mountain,2016,6,308,180,2933,488
Pacific,2016,6,415,294,3626,709
New England,2016,7,161,24,1311,185
Middle Atlantic,2016,7,423,70,3357,493
East North Central,2016,7,630,72,4666,702
West North Central,2016,7,143,19,1923,162
South Atlantic,2016,7,620,138,4563,758
East South Central,2016,7,66,9,1021,75
West South Central,2016,7,225,235,3041,460
Mountain,2016,7,385,197,3487,582
Pacific,2016,7,482,328,3839,810
New England,2016,8,260,26,1726,286
Middle Atlantic,2016,8,729,75,4066,804
East North Central,2016,8,999,113,5638,1112
West North Central,2016,8,208,18,2116,226
South Atlantic,2016,8,961,184,5489,1145
East South Central,2016,8,116,36,1177,152
West South Central,2016,8,316,188,3141,504
Mountain,2016,8,381,228,3572,609
Pacific,2016,8,440,408,4041,848
New England,2016,9,332,69,1997,401
Middle Atlantic,2016,9,1043,133,4644,1176
East North Central,2016,9,1353,156,6392,1509
West North Central,2016,9,254,44,2229,298
South Atlantic,2016,9,1046,225,6084,1271
East South Central,2016,9,124,36,1198,160
West South Central,2016,9,338,273,3353,611
Mountain,2016,9,574,289,4002,863
Pacific,2016,9,459,404,3981,863
New England,2016,10,565,102,2480,667
Middle Atlantic,2016,10,1286,255,5329,1541
East North Central,2016,10,1679,236,7383,1915
West North Central,2016,10,373,69,2620,442
South Atlantic,2016,10,1252,366,6677,1618
East South Central,2016,10,195,54,1460,249
West South Central,2016,10,356,307,3427,663
Mountain,2016,10,601,270,3824,871
Pacific,2016,10,372,359,3581,731
New England,2016,11,469,118,2527,587
Middle Atlantic,2016,11,1079,285,5136,1364
East North Central,2016,11,1089,226,6432,1315
West North Central,2016,11,255,59,2386,314
South Atlantic,2016,11,872,297,5861,1169
East South Central,2016,11,145,52,1390,197
West South Central,2016,11,288,225,3136,513
Mountain,2016,11,535,240,3712,775
Pacific,2016,11,315,288,3653,603
New England,2016,12,398,128,2462,526
Middle Atlantic,2016,12,868,278,4878,1146
East North Central,2016,12,691,203,5163,894
West North Central,2016,12,208,43,2114,251
South Atlantic,2016,12,684,288,5170,972
East South Central,2016,12,142,43,1259,185
West South Central,2016,12,193,187,2626,380
Mountain,2016,12,472,219,3416,691
Pacific,2016,12,263,263,3073,526
New England,2016,13,352,141,2380,493
Middle Atlantic,2016,13,595,267,4418,862
East North Central,2016,13,510,154,4506,664
West North Central,2016,13,168,51,1983,219
South Atlantic,2016,13,448,272,4462,720
East South Central,2016,13,93,53,1295,146
West South Central,2016,13,214,197,2792,411
Mountain,2016,13,371,195,2955,566
Pacific,2016,13,214,184,2812,398
New England,2016,14,184,132,1964,316
Middle Atlantic,2016,14,343,236,3581,579
East North Central,2016,14,344,140,4054,484
West North Central,2016,14,101,53,1676,154
South Atlantic,2016,14,316,307,4386,623
East South Central,2016,14,69,44,995,113
West South Central,2016,14,203,178,2544,381
Mountain,2016,14,254,147,2194,401
Pacific,2016,14,157,153,2585,310
New England,2016,15,142,154,1743,296
Middle Atlantic,2016,15,250,263,3186,513
East North Central,2016,15,348,166,3524,514
West North Central,2016,15,97,58,1549,155
South Atlantic,2016,15,257,298,4127,555
East South Central,2016,15,41,46,903,87
West South Central,2016,15,128,181,2375,309
Mountain,2016,15,142,109,2046,251
Pacific,2016,15,101,89,2230,190
New England,2016,16,114,147,1602,261
Middle Atlantic,2016,16,186,290,2908,476
East North Central,2016,16,208,164,3020,372
West North Central,2016,16,54,63,1449,117
South Atlantic,2016,16,221,334,3940,555
East South Central,2016,16,43,46,888,89
West South Central,2016,16,128,120,2408,248
Mountain,2016,16,88,109,1750,197
Pacific,2016,16,81,56,1895,137
New England,2016,17,79,127,1354,206
Middle Atlantic,2016,17,103,231,2720,334
East North Central,2016,17,130,178,2673,308
West North Central,2016,17,29,50,1183,79
South Atlantic,2016,17,130,314,3751,444
East South Central,2016,17,13,32,752,45
West South Central,2016,17,103,105,2178,208
Mountain,2016,17,44,57,1455,101
Pacific,2016,17,70,49,1904,119
New England,2016,18,45,92,1139,137
Middle Atlantic,2016,18,59,179,2275,238
East North Central,2016,18,55,109,2217,164
West North Central,2016,18,17,21,1051,38
South Atlantic,2016,18,73,234,3130,307
East South Central,2016,18,19,28,722,47
West South Central,2016,18,70,84,1951,154
Mountain,2016,18,44,38,1226,82
Pacific,2016,18,45,37,1669,82
New England,2016,19,27,86,1028,113
Middle Atlantic,2016,19,34,122,2040,156
East North Central,2016,19,29,97,1947,126
West North Central,2016,19,7,17,962,24
South Atlantic,2016,19,59,211,3011,270
East South Central,2016,19,11,20,641,31
West South Central,2016,19,65,69,1919,134
Mountain,2016,19,17,19,1140,36
Pacific,2016,19,31,21,1402,52
New England,2016,20,13,70,851,83
Middle Atlantic,2016,20,23,85,1844,108
East North Central,2016,20,20,69,1636,89
West North Central,2016,20,9,7,873,16
South Atlantic,2016,20,49,151,2618,200
East South Central,2016,20,9,22,599,31
West South Central,2016,20,71,65,1783,136
Mountain,2016,20,11,21,1028,32
Pacific,2016,20,19,15,1313,34
New England,2016,21,5,35,701,40
Middle Atlantic,2016,21,9,72,1576,81
East North Central,2016,21,11,40,1489,51
West North Central,2016,21,3,8,809,11
South Atlantic,2016,21,56,157,2637,213
East South Central,2016,21,3,14,536,17
West South Central,2016,21,35,50,1697,85
Mountain,2016,21,8,14,947,22
Pacific,2016,21,9,18,1199,27
New England,2016,22,3,9,521,12
Middle Atlantic,2016,22,8,30,1481,38
East North Central,2016,22,2,17,1118,19
West North Central,2016,22,3,9,731,12
South Atlantic,2016,22,29,100,2287,129
East South Central,2016,22,3,10,452,13
West South Central,2016,22,25,39,1536,64
Mountain,2016,22,0,5,836,5
Pacific,2016,22,9,7,1105,16
New England,2016,23,0,7,391,7
Middle Atlantic,2016,23,4,11,1389,15
East North Central,2016,23,1,12,1073,13
West North Central,2016,23,5,3,693,8
South Atlantic,2016,23,18,116,2083,134
East South Central,2016,23,0,2,354,2
West South Central,2016,23,29,39,1515,68
Mountain,2016,23,3,4,630,7
Pacific,2016,23,10,13,1044,23
New England,2016,24,3,2,367,5
Middle Atlantic,2016,24,8,10,1232,18
East North Central,2016,24,2,3,1058,5
West North Central,2016,24,2,0,604,2
South Atlantic,2016,24,18,51,1752,69
East South Central,2016,24,2,5,333,7
West South Central,2016,24,14,20,1361,34
Mountain,2016,24,1,0,656,1
Pacific,2016,24,9,3,1001,12
New England,2016,25,1,2,296,3
Middle Atlantic,2016,25,2,8,1146,10
East North Central,2016,25,2,2,929,4
West North Central,2016,25,1,2,509,3
South Atlantic,2016,25,16,48,1541,64
East South Central,2016,25,1,2,358,3
West South Central,2016,25,15,15,1136,30
Mountain,2016,25,2,1,534,3
Pacific,2016,25,4,3,968,7
New England,2016,26,1,0,268,1
Middle Atlantic,2016,26,1,4,1021,5
East North Central,2016,26,1,2,728,3
West North Central,2016,26,0,1,513,1
South Atlantic,2016,26,13,27,1224,40
East South Central,2016,26,0,1,276,1
West South Central,2016,26,3,12,816,15
Mountain,2016,26,2,0,596,2
Pacific,2016,26,5,4,856,9
New England,2016,27,1,0,246,1
Middle Atlantic,2016,27,2,1,840,3
East North Central,2016,27,0,1,734,1
West North Central,2016,27,0,3,473,3
South Atlantic,2016,27,12,20,1247,32
East South Central,2016,27,1,0,260,1
West South Central,2016,27,4,4,972,8
Mountain,2016,27,2,0,560,2
Pacific,2016,27,2,1,646,3
New England,2016,28,0,0,228,0
Middle Atlantic,2016,28,2,2,945,4
East North Central,2016,28,1,1,860,2
West North Central,2016,28,1,1,507,2
South Atlantic,2016,28,10,9,1169,19
East South Central,2016,28,1,0,261,1
West South Central,2016,28,6,11,915,17
Mountain,2016,28,1,1,562,2
Pacific,2016,28,2,6,881,8
New England,2016,29,1,1,95,2
Middle Atlantic,2016,29,0,3,878,3
East North Central,2016,29,1,0,694,1
West North Central,2016,29,2,1,453,3
South Atlantic,2016,29,6,17,1197,23
East South Central,2016,29,1,0,250,1
West South Central,2016,29,2,3,841,5
Mountain,2016,29,3,1,557,4
Pacific,2016,29,8,0,923,8
New England,2016,30,0,0,112,0
Middle Atlantic,2016,30,1,0,885,1
East North Central,2016,30,2,0,694,2
West North Central,2016,30,0,0,492,0
South Atlantic,2016,30,8,16,1149,24
East South Central,2016,30,2,0,265,2
West South Central,2016,30,4,7,830,11
Mountain,2016,30,0,0,539,0
Pacific,2016,30,3,2,790,5
New England,2016,31,0,1,203,1
Middle Atlantic,2016,31,1,0,831,1
East North Central,2016,31,4,1,729,5
West North Central,2016,31,3,0,474,3
South Atlantic,2016,31,11,11,1142,22
East South Central,2016,31,1,0,239,1
West South Central,2016,31,5,6,739,11
Mountain,2016,31,5,0,553,5
Pacific,2016,31,3,1,765,4
New England,2016,32,0,0,177,0
Middle Atlantic,2016,32,0,0,881,0
East North Central,2016,32,3,0,761,3
West North Central,2016,32,0,0,506,0
South Atlantic,2016,32,8,20,1207,28
East South Central,2016,32,3,1,271,4
West South Central,2016,32,4,4,735,8
Mountain,2016,32,1,0,525,1
Pacific,2016,32,3,5,710,8
New England,2016,33,1,0,188,1
Middle Atlantic,2016,33,5,1,849,6
East North Central,2016,33,6,0,689,6
West North Central,2016,33,0,0,521,0
South Atlantic,2016,33,12,13,1264,25
East South Central,2016,33,1,0,284,1
West South Central,2016,33,2,6,769,8
Mountain,2016,33,0,0,574,0
Pacific,2016,33,0,1,836,1
New England,2016,34,0,0,172,0
Middle Atlantic,2016,34,0,1,772,1
East North Central,2016,34,2,1,839,3
West North Central,2016,34,0,0,532,0
South Atlantic,2016,34,21,17,1376,38
East South Central,2016,34,1,1,324,2
West South Central,2016,34,31,4,901,35
Mountain,2016,34,1,0,621,1
Pacific,2016,34,7,1,727,8
New England,2016,35,2,0,180,2
Middle Atlantic,2016,35,3,1,841,4
East North Central,2016,35,5,2,797,7
West North Central,2016,35,0,0,557,0
South Atlantic,2016,35,8,24,1465,32
East South Central,2016,35,1,2,397,3
West South Central,2016,35,45,12,1235,57
Mountain,2016,35,3,0,779,3
Pacific,2016,35,11,0,842,11
New England,2016,36,1,0,239,1
Middle Atlantic,2016,36,0,2,850,2
East North Central,2016,36,2,1,890,3
West North Central,2016,36,3,0,670,3
South Atlantic,2016,36,21,35,1766,56
East South Central,2016,36,0,0,404,0
West South Central,2016,36,20,17,1286,37
Mountain,2016,36,3,0,786,3
Pacific,2016,36,7,1,841,8
New England,2016,37,0,0,315,0
Middle Atlantic,2016,37,6,2,1035,8
East North Central,2016,37,8,4,1134,12
West North Central,2016,37,0,0,668,0
South Atlantic,2016,37,28,34,1811,62
East South Central,2016,37,6,2,450,8
West South Central,2016,37,10,15,1403,25
Mountain,2016,37,3,0,876,3
Pacific,2016,37,13,1,1035,14
New England,2016,38,2,0,415,2
Middle Atlantic,2016,38,2,1,1153,3
East North Central,2016,38,7,4,1143,11
West North Central,2016,38,4,1,762,5
South Atlantic,2016,38,38,36,1919,74
East South Central,2016,38,2,2,504,4
West South Central,2016,38,12,19,1468,31
Mountain,2016,38,4,0,856,4
Pacific,2016,38,26,4,1198,30
New England,2016,39,2,0,465,2
Middle Atlantic,2016,39,7,2,1313,9
East North Central,2016,39,7,3,1392,10
West North Central,2016,39,2,0,936,2
South Atlantic,2016,39,45,51,2244,96
East South Central,2016,39,1,3,559,4
West South Central,2016,39,15,18,1432,33
Mountain,2016,39,2,2,906,4
Pacific,2016,39,25,4,1349,29
New England,2016,40,5,1,654,6
Middle Atlantic,2016,40,10,4,1579,14
East North Central,2016,40,6,5,2176,11
West North Central,2016,40,3,0,1104,3
South Atlantic,2016,40,43,62,2785,105
East South Central,2016,40,4,4,844,8
West South Central,2016,40,21,13,1738,34
Mountain,2016,40,8,0,1067,8
Pacific,2016,40,20,1,1433,21
New England,2016,41,5,1,810,6
Middle Atlantic,2016,41,2,3,1580,5
East North Central,2016,41,8,7,2459,15
West North Central,2016,41,2,0,1144,2
South Atlantic,2016,41,38,40,2599,78
East South Central,2016,41,12,7,968,19
West South Central,2016,41,18,20,1852,38
Mountain,2016,41,9,3,1142,12
Pacific,2016,41,14,2,1499,16
New England,2016,42,1,0,870,1
Middle Atlantic,2016,42,17,1,2037,18
East North Central,2016,42,10,14,2578,24
West North Central,2016,42,4,2,1261,6
South Atlantic,2016,42,36,56,2852,92
East South Central,2016,42,6,7,973,13
West South Central,2016,42,11,12,1876,23
Mountain,2016,42,7,2,1197,9
Pacific,2016,42,23,3,1466,26
New England,2016,43,2,2,790,4
Middle Atlantic,2016,43,8,5,1998,13
East North Central,2016,43,5,4,2637,9
West North Central,2016,43,2,2,1355,4
South Atlantic,2016,43,35,47,2902,82
East South Central,2016,43,6,6,932,12
West South Central,2016,43,18,18,1908,36
Mountain,2016,43,13,0,1260,13
Pacific,2016,43,54,4,1530,58
New England,2016,44,10,3,790,13
Middle Atlantic,2016,44,15,2,2129,17
East North Central,2016,44,15,9,2890,24
West North Central,2016,44,6,2,1329,8
South Atlantic,2016,44,63,77,3344,140
East South Central,2016,44,16,11,1049,27
West South Central,2016,44,21,12,2059,33
Mountain,2016,44,14,1,1317,15
Pacific,2016,44,41,1,1745,42
New England,2016,45,7,2,883,9
Middle Atlantic,2016,45,21,3,2258,24
East North Central,2016,45,10,6,3134,16
West North Central,2016,45,2,0,1263,2
South Atlantic,2016,45,90,84,3401,174
East South Central,2016,45,6,2,1170,8
West South Central,2016,45,22,21,2360,43
Mountain,2016,45,26,0,1446,26
Pacific,2016,45,87,3,1896,90
New England,2016,46,12,1,919,13
Middle Atlantic,2016,46,27,6,2355,33
East North Central,2016,46,21,14,3157,35
West North Central,2016,46,8,3,1420,11
South Atlantic,2016,46,97,81,3747,178
East South Central,2016,46,16,9,1210,25
West South Central,2016,46,45,27,2730,72
Mountain,2016,46,21,1,1513,22
Pacific,2016,46,100,2,2009,102
New England,2016,47,8,4,915,12
Middle Atlantic,2016,47,41,5,2303,46
East North Central,2016,47,36,9,3023,45
West North Central,2016,47,14,2,1307,16
South Atlantic,2016,47,142,109,3791,251
East South Central,2016,47,17,11,1174,28
West South Central,2016,47,38,21,2491,59
Mountain,2016,47,40,1,1512,41
Pacific,2016,47,115,7,2004,122
New England,2016,48,29,3,1135,32
Middle Atlantic,2016,48,72,15,2787,87
East North Central,2016,48,31,11,3632,42
West North Central,2016,48,25,5,1614,30
South Atlantic,2016,48,151,96,4144,247
East South Central,2016,48,23,17,1356,40
West South Central,2016,48,31,27,2786,58
Mountain,2016,48,58,0,1775,58
Pacific,2016,48,112,9,2313,121
New England,2016,49,18,5,1042,23
Middle Atlantic,2016,49,75,5,2248,80
East North Central,2016,49,66,20,3629,86
West North Central,2016,49,25,1,1620,26
South Atlantic,2016,49,216,94,4133,310
East South Central,2016,49,25,10,1326,35
West South Central,2016,49,55,31,2619,86
Mountain,2016,49,68,4,1619,72
Pacific,2016,49,148,10,2328,158
New England,2016,50,40,4,1115,44
Middle Atlantic,2016,50,160,10,2913,170
East North Central,2016,50,94,19,3880,113
West North Central,2016,50,43,2,1591,45
South Atlantic,2016,50,394,123,4435,517
East South Central,2016,50,45,13,1498,58
West South Central,2016,50,132,28,3168,160
Mountain,2016,50,144,2,2105,146
Pacific,2016,50,307,9,2771,316
New England,2016,51,96,9,1291,105
Middle Atlantic,2016,51,394,26,3454,420
East North Central,2016,51,180,39,4166,219
West North Central,2016,51,91,7,1761,98
South Atlantic,2016,51,637,148,5370,785
East South Central,2016,51,71,18,1752,89
West South Central,2016,51,211,73,3305,284
Mountain,2016,51,342,10,2522,352
Pacific,2016,51,541,11,3313,552
New England,2016,52,234,13,1951,247
Middle Atlantic,2016,52,846,30,4501,876
East North Central,2016,52,355,52,5181,407
West North Central,2016,52,152,10,2099,162
South Atlantic,2016,52,702,140,5808,842
East South Central,2016,52,116,28,1856,144
West South Central,2016,52,265,75,4082,340
Mountain,2016,52,552,11,3153,563
Pacific,2016,52,1048,29,4642,1077
New England,2017,1,223,20,2070,243
Middle Atlantic,2017,1,796,39,5052,835
East North Central,2017,1,425,67,5669,492
West North Central,2017,1,190,13,2285,203
South Atlantic,2017,1,559,119,5491,678
East South Central,2017,1,93,19,1693,112
West South Central,2017,1,298,82,3901,380
Mountain,2017,1,459,5,3396,464
Pacific,2017,1,1245,22,5471,1267
New England,2017,2,300,16,2145,316
Middle Atlantic,2017,2,966,73,5287,1039
East North Central,2017,2,574,101,5842,675
West North Central,2017,2,291,26,2612,317
South Atlantic,2017,2,528,108,4810,636
East South Central,2017,2,115,26,1530,141
West South Central,2017,2,444,95,4032,539
Mountain,2017,2,468,7,3337,475
Pacific,2017,2,1249,24,5603,1273
New England,2017,3,388,22,2310,410
Middle Atlantic,2017,3,1237,80,5429,1317
East North Central,2017,3,784,150,6277,934
West North Central,2017,3,427,31,2710,458
South Atlantic,2017,3,912,177,5817,1089
East South Central,2017,3,134,29,1465,163
West South Central,2017,3,574,116,4185,690
Mountain,2017,3,432,10,3114,442
Pacific,2017,3,1174,40,5425,1214
New England,2017,4,445,25,2615,470
Middle Atlantic,2017,4,1433,106,5985,1539
East North Central,2017,4,886,219,6466,1105
West North Central,2017,4,443,34,2842,477
South Atlantic,2017,4,899,211,5757,1110
East South Central,2017,4,135,21,1494,156
West South Central,2017,4,701,113,4727,814
Mountain,2017,4,425,19,3209,444
Pacific,2017,4,887,49,4957,936
New England,2017,5,552,31,2580,583
Middle Atlantic,2017,5,1597,110,6125,1707
East North Central,2017,5,1174,284,6913,1458
West North Central,2017,5,582,84,3239,666
South Atlantic,2017,5,1250,244,6762,1494
East South Central,2017,5,211,44,1876,255
West South Central,2017,5,1104,223,5830,1327
Mountain,2017,5,522,21,3360,543
Pacific,2017,5,787,56,4750,843
New England,2017,6,762,53,2903,815
Middle Atlantic,2017,6,1779,168,6381,1947
East North Central,2017,6,1923,670,9234,2593
West North Central,2017,6,740,138,3899,878
South Atlantic,2017,6,1525,348,8005,1873
East South Central,2017,6,305,65,2226,370
West South Central,2017,6,1476,349,7130,1825
Mountain,2017,6,602,55,3928,657
Pacific,2017,6,590,44,4289,634
New England,2017,7,664,73,2880,737
Middle Atlantic,2017,7,1404,185,6111,1589
East North Central,2017,7,2467,933,10713,3400
West North Central,2017,7,789,241,4253,1030
South Atlantic,2017,7,1544,523,8480,2067
East South Central,2017,7,333,97,2412,430
West South Central,2017,7,1366,379,6786,1745
Mountain,2017,7,593,44,3824,637
Pacific,2017,7,386,77,3897,463
New England,2017,8,650,91,2706,741
Middle Atlantic,2017,8,1192,214,5723,1406
East North Central,2017,8,2511,1196,11328,3707
West North Central,2017,8,619,264,3810,883
South Atlantic,2017,8,1573,573,8298,2146
East South Central,2017,8,334,131,2407,465
West South Central,2017,8,1131,348,6075,1479
Mountain,2017,8,472,70,3703,542
Pacific,2017,8,281,65,3331,346
New England,2017,9,416,113,2434,529
Middle Atlantic,2017,9,621,161,4657,782
East North Central,2017,9,1476,920,9442,2396
West North Central,2017,9,310,168,2884,478
South Atlantic,2017,9,1014,426,7149,1440
East South Central,2017,9,223,106,2001,329
West South Central,2017,9,963,351,5676,1314
Mountain,2017,9,377,84,3212,461
Pacific,2017,9,205,60,2976,265
New England,2017,10,322,127,2185,449
Middle Atlantic,2017,10,350,189,4097,539
East North Central,2017,10,1163,1004,8807,2167
West North Central,2017,10,260,283,2941,543
South Atlantic,2017,10,887,505,6734,1392
East South Central,2017,10,205,121,2125,326
West South Central,2017,10,954,360,5481,1314
Mountain,2017,10,337,117,3143,454
Pacific,2017,10,154,79,2974,233
New England,2017,11,231,143,2054,374
Middle Atlantic,2017,11,263,239,3515,502
East North Central,2017,11,959,1103,8419,2062
West North Central,2017,11,188,327,2888,515
South Atlantic,2017,11,776,640,6866,1416
East South Central,2017,11,173,113,1942,286
West South Central,2017,11,817,371,5089,1188
Mountain,2017,11,257,152,2956,409
Pacific,2017,11,131,83,2869,214
New England,2017,12,212,229,2111,441
Middle Atlantic,2017,12,176,305,3524,481
East North Central,2017,12,968,1362,8767,2330
West North Central,2017,12,152,379,2640,531
South Atlantic,2017,12,968,761,7110,1729
East South Central,2017,12,186,199,2178,385
West South Central,2017,12,296,261,3788,557
Mountain,2017,12,169,142,2522,311
Pacific,2017,12,94,77,2548,171
New England,2017,13,202,331,2151,533
Middle Atlantic,2017,13,150,421,3664,571
East North Central,2017,13,745,1274,8072,2019
West North Central,2017,13,106,359,2482,465
South Atlantic,2017,13,631,679,6392,1310
East South Central,2017,13,109,148,1643,257
West South Central,2017,13,212,227,3466,439
Mountain,2017,13,115,150,2372,265
Pacific,2017,13,75,69,2239,144
New England,2017,14,170,416,2387,586
Middle Atlantic,2017,14,84,477,3764,561
East North Central,2017,14,395,838,6573,1233
West North Central,2017,14,65,234,2325,299
South Atlantic,2017,14,384,506,5068,890
East South Central,2017,14,60,95,1330,155
West South Central,2017,14,153,174,3135,327
Mountain,2017,14,65,150,1932,215
Pacific,2017,14,67,96,2199,163
New England,2017,15,126,354,2233,480
Middle Atlantic,2017,15,52,398,3410,450
East North Central,2017,15,235,553,5314,788
West North Central,2017,15,28,182,1963,210
South Atlantic,2017,15,246,363,4395,609
East South Central,2017,15,45,76,1088,121
West South Central,2017,15,105,132,2730,237
Mountain,2017,15,36,149,2068,185
Pacific,2017,15,29,76,1800,105
New England,2017,16,64,259,1905,323
Middle Atlantic,2017,16,36,236,2942,272
East North Central,2017,16,115,376,4568,491
West North Central,2017,16,19,107,1771,126
South Atlantic,2017,16,153,259,3744,412
East South Central,2017,16,29,55,1067,84
West South Central,2017,16,78,93,2525,171
Mountain,2017,16,57,127,1889,184
Pacific,2017,16,16,63,1680,79
New England,2017,17,30,180,1540,210
Middle Atlantic,2017,17,21,114,2232,135
East North Central,2017,17,41,176,3537,217
West North Central,2017,17,8,58,1525,66
South Atlantic,2017,17,113,165,3318,278
East South Central,2017,17,17,36,878,53
West South Central,2017,17,47,70,2288,117
Mountain,2017,17,31,95,1903,126
Pacific,2017,17,18,52,1574,70
New England,2017,18,12,87,1100,99
Middle Atlantic,2017,18,15,68,1945,83
East North Central,2017,18,17,107,2967,124
West North Central,2017,18,3,43,1369,46
South Atlantic,2017,18,94,161,2992,255
East South Central,2017,18,6,24,743,30
West South Central,2017,18,39,55,1916,94
Mountain,2017,18,48,105,1746,153
Pacific,2017,18,18,58,1445,76
New England,2017,19,15,41,1060,56
Middle Atlantic,2017,19,6,48,1752,54
East North Central,2017,19,26,68,2683,94
West North Central,2017,19,6,33,1198,39
South Atlantic,2017,19,97,169,2928,266
East South Central,2017,19,11,26,769,37
West South Central,2017,19,26,62,1913,88
Mountain,2017,19,33,81,1562,114
Pacific,2017,19,12,56,1437,68
New England,2017,20,7,36,906,43
Middle Atlantic,2017,20,14,34,1731,48
East North Central,2017,20,11,59,2383,70
West North Central,2017,20,3,19,1135,22
South Atlantic,2017,20,95,123,2606,218
East South Central,2017,20,12,24,661,36
West South Central,2017,20,34,51,1933,85
Mountain,2017,20,33,78,1493,111
Pacific,2017,20,7,55,1444,62
New England,2017,21,1,9,680,10
Middle Atlantic,2017,21,5,19,1495,24
East North Central,2017,21,8,35,2042,43
West North Central,2017,21,7,12,930,19
South Atlantic,2017,21,92,127,2531,219
East South Central,2017,21,20,16,679,36
West South Central,2017,21,22,39,1816,61
Mountain,2017,21,13,71,1284,84
Pacific,2017,21,12,50,1364,62
New England,2017,22,2,6,600,8
Middle Atlantic,2017,22,8,4,1328,12
East North Central,2017,22,7,13,1776,20
West North Central,2017,22,1,4,821,5
South Atlantic,2017,22,105,130,2538,235
East South Central,2017,22,8,15,527,23
West South Central,2017,22,19,36,1564,55
Mountain,2017,22,15,69,1244,84
Pacific,2017,22,6,37,1246,43
New England,2017,23,0,3,449,3
Middle Atlantic,2017,23,1,5,1314,6
East North Central,2017,23,3,10,1585,13
West North Central,2017,23,1,4,774,5
South Atlantic,2017,23,101,95,2246,196
East South Central,2017,23,4,2,547,6
West South Central,2017,23,9,23,1527,32
Mountain,2017,23,11,46,1048,57
Pacific,2017,23,6,37,1172,43
New England,2017,24,0,0,430,0
Middle Atlantic,2017,24,9,6,1308,15
East North Central,2017,24,6,5,1403,11
West North Central,2017,24,2,1,756,3
South Atlantic,2017,24,88,94,2104,182
East South Central,2017,24,5,2,381,7
West South Central,2017,24,7,8,1245,15
Mountain,2017,24,10,32,938,42
Pacific,2017,24,4,14,1003,18
New England,2017,25,5,0,350,5
Middle Atlantic,2017,25,5,5,1119,10
East North Central,2017,25,7,6,1281,13
West North Central,2017,25,1,4,651,5
South Atlantic,2017,25,71,59,1849,130
East South Central,2017,25,2,5,341,7
West South Central,2017,25,8,7,1165,15
Mountain,2017,25,2,12,773,14
Pacific,2017,25,6,19,926,25
New England,2017,26,1,1,301,2
Middle Atlantic,2017,26,5,1,1014,6
East North Central,2017,26,6,4,1239,10
West North Central,2017,26,4,0,584,4
South Atlantic,2017,26,56,55,1507,111
East South Central,2017,26,4,2,327,6
West South Central,2017,26,2,5,951,7
Mountain,2017,26,3,13,737,16
Pacific,2017,26,13,15,838,28
New England,2017,27,1,0,285,1
Middle Atlantic,2017,27,2,1,824,3
East North Central,2017,27,1,2,1006,3
West North Central,2017,27,2,1,572,3
South Atlantic,2017,27,50,45,1611,95
East South Central,2017,27,1,3,364,4
West South Central,2017,27,4,6,941,10
Mountain,2017,27,4,8,660,12
Pacific,2017,27,10,13,808,23
New England,2017,28,4,0,257,4
Middle Atlantic,2017,28,4,2,951,6
East North Central,2017,28,7,4,1131,11
West North Central,2017,28,0,0,580,0
South Atlantic,2017,28,60,43,1641,103
East South Central,2017,28,0,4,346,4
West South Central,2017,28,7,7,976,14
Mountain,2017,28,1,3,696,4
Pacific,2017,28,9,5,816,14
New England,2017,29,1,0,249,1
Middle Atlantic,2017,29,5,0,873,5
East North Central,2017,29,14,6,1092,20
West North Central,2017,29,1,1,618,2
South Atlantic,2017,29,48,23,1536,71
East South Central,2017,29,3,2,357,5
West South Central,2017,29,7,7,955,14
Mountain,2017,29,2,2,700,4
Pacific,2017,29,6,4,798,10
New England,2017,30,3,0,290,3
Middle Atlantic,2017,30,2,3,871,5
East North Central,2017,30,8,7,1005,15
West North Central,2017,30,2,0,575,2
South Atlantic,2017,30,40,27,1444,67
East South Central,2017,30,1,2,280,3
West South Central,2017,30,7,1,825,8
Mountain,2017,30,4,3,677,7
Pacific,2017,30,5,7,788,12
New England,2017,31,2,1,244,3
Middle Atlantic,2017,31,4,1,856,5
East North Central,2017,31,12,1,1047,13
West North Central,2017,31,5,0,505,5
South Atlantic,2017,31,53,25,1488,78
East South Central,2017,31,1,1,301,2
West South Central,2017,31,12,4,905,16
Mountain,2017,31,3,1,665,4
Pacific,2017,31,4,1,714,5
New England,2017,32,3,1,273,4
Middle Atlantic,2017,32,1,1,878,2
East North Central,2017,32,7,3,964,10
West North Central,2017,32,1,0,520,1
South Atlantic,2017,32,45,40,1568,85
East South Central,2017,32,3,3,342,6
West South Central,2017,32,6,1,943,7
Mountain,2017,32,2,0,723,2
Pacific,2017,32,8,6,682,14
New England,2017,33,1,1,295,2
Middle Atlantic,2017,33,1,0,942,1
East North Central,2017,33,5,2,1171,7
West North Central,2017,33,0,0,502,0
South Atlantic,2017,33,36,21,1726,57
East South Central,2017,33,0,3,376,3
West South Central,2017,33,10,8,1112,18
Mountain,2017,33,5,1,739,6
Pacific,2017,33,4,4,733,8
New England,2017,34,1,1,286,2
Middle Atlantic,2017,34,4,1,921,5
East North Central,2017,34,10,1,1212,11
West North Central,2017,34,1,0,560,1
South Atlantic,2017,34,44,19,1800,63
East South Central,2017,34,1,4,537,5
West South Central,2017,34,8,6,1175,14
Mountain,2017,34,5,0,838,5
Pacific,2017,34,6,5,831,11
New England,2017,35,1,0,301,1
Middle Atlantic,2017,35,4,0,932,4
East North Central,2017,35,10,3,1429,13
West North Central,2017,35,5,0,657,5
South Atlantic,2017,35,66,40,2219,106
East South Central,2017,35,5,4,567,9
West South Central,2017,35,15,10,1334,25
Mountain,2017,35,3,0,878,3
Pacific,2017,35,11,5,1087,16
New England,2017,36,5,0,347,5
Middle Atlantic,2017,36,5,1,1063,6
East North Central,2017,36,16,2,1661,18
West North Central,2017,36,1,0,707,1
South Atlantic,2017,36,57,40,2341,97
East South Central,2017,36,4,7,624,11
West South Central,2017,36,19,11,1562,30
Mountain,2017,36,8,1,982,9
Pacific,2017,36,13,6,1094,19
New England,2017,37,7,0,435,7
Middle Atlantic,2017,37,18,1,1302,19
East North Central,2017,37,24,3,2108,27
West North Central,2017,37,9,1,808,10
South Atlantic,2017,37,52,41,2308,93
East South Central,2017,37,9,5,683,14
West South Central,2017,37,13,15,1858,28
Mountain,2017,37,5,1,1043,6
Pacific,2017,37,11,5,1057,16
New England,2017,38,3,1,552,4
Middle Atlantic,2017,38,7,4,1317,11
East North Central,2017,38,24,6,2326,30
West North Central,2017,38,5,1,882,6
South Atlantic,2017,38,51,28,2492,79
East South Central,2017,38,4,13,739,17
West South Central,2017,38,15,20,1997,35
Mountain,2017,38,12,1,1135,13
Pacific,2017,38,16,1,1259,17
New England,2017,39,4,0,583,4
Middle Atlantic,2017,39,11,3,1436,14
East North Central,2017,39,16,2,2457,18
West North Central,2017,39,5,0,897,5
South Atlantic,2017,39,61,23,2613,84
East South Central,2017,39,2,13,819,15
West South Central,2017,39,30,27,2116,57
Mountain,2017,39,8,2,1182,10
Pacific,2017,39,18,7,1519,25
New England,2017,40,3,1,781,4
Middle Atlantic,2017,40,16,3,1877,19
East North Central,2017,40,22,10,2657,32
West North Central,2017,40,2,1,1104,3
South Atlantic,2017,40,97,39,3061,136
East South Central,2017,40,12,26,914,38
West South Central,2017,40,51,19,1898,70
Mountain,2017,40,9,3,1418,12
Pacific,2017,40,18,10,1822,28
New England,2017,41,5,0,846,5
Middle Atlantic,2017,41,22,5,1963,27
East North Central,2017,41,19,4,2889,23
West North Central,2017,41,3,1,1196,4
South Atlantic,2017,41,80,39,3329,119
East South Central,2017,41,19,25,967,44
West South Central,2017,41,42,17,1971,59
Mountain,2017,41,20,0,1455,20
Pacific,2017,41,38,7,1941,45
New England,2017,42,7,1,879,8
Middle Atlantic,2017,42,18,4,2145,22
East North Central,2017,42,28,6,3091,34
West North Central,2017,42,7,1,1255,8
South Atlantic,2017,42,99,55,3653,154
East South Central,2017,42,17,16,1005,33
West South Central,2017,42,41,14,2246,55
Mountain,2017,42,20,3,1507,23
Pacific,2017,42,41,10,2046,51
New England,2017,43,2,4,943,6
Middle Atlantic,2017,43,26,5,2293,31
East North Central,2017,43,20,2,3175,22
West North Central,2017,43,4,1,1142,5
South Atlantic,2017,43,123,71,3733,194
East South Central,2017,43,24,20,1005,44
West South Central,2017,43,62,22,2394,84
Mountain,2017,43,24,2,1631,26
Pacific,2017,43,55,8,2075,63
New England,2017,44,12,1,980,13
Middle Atlantic,2017,44,24,5,2400,29
East North Central,2017,44,42,6,3335,48
West North Central,2017,44,37,6,1214,43
South Atlantic,2017,44,116,85,4034,201
East South Central,2017,44,21,25,1125,46
West South Central,2017,44,104,58,2861,162
Mountain,2017,44,68,4,1837,72
Pacific,2017,44,79,29,2229,108
New England,2017,45,20,1,1091,21
Middle Atlantic,2017,45,21,7,2740,28
East North Central,2017,45,52,8,3628,60
West North Central,2017,45,16,10,1350,26
South Atlantic,2017,45,174,89,4351,263
East South Central,2017,45,41,26,1303,67
West South Central,2017,45,167,74,3036,241
Mountain,2017,45,79,6,1960,85
Pacific,2017,45,119,19,2427,138
New England,2017,46,18,4,1266,22
Middle Atlantic,2017,46,27,14,2790,41
East North Central,2017,46,96,18,3983,114
West North Central,2017,46,28,19,1505,47
South Atlantic,2017,46,228,103,4677,331
East South Central,2017,46,35,31,1443,66
West South Central,2017,46,243,95,3666,338
Mountain,2017,46,120,7,2020,127
Pacific,2017,46,144,31,2444,175
New England,2017,47,22,4,1277,26
Middle Atlantic,2017,47,44,30,2616,74
East North Central,2017,47,130,20,3740,150
West North Central,2017,47,46,13,1346,59
South Atlantic,2017,47,335,130,5057,465
East South Central,2017,47,42,32,1201,74
West South Central,2017,47,270,83,3637,353
Mountain,2017,47,183,13,2192,196
Pacific,2017,47,264,28,2764,292
New England,2017,48,28,13,1422,41
Middle Atlantic,2017,48,62,42,3211,104
East North Central,2017,48,236,35,4747,271
West North Central,2017,48,87,11,1650,98
South Atlantic,2017,48,237,139,5083,376
East South Central,2017,48,43,29,1665,72
West South Central,2017,48,327,96,3806,423
Mountain,2017,48,226,22,2496,248
Pacific,2017,48,306,49,3133,355
New England,2017,49,31,14,1468,45
Middle Atlantic,2017,49,78,62,3408,140
East North Central,2017,49,339,44,5207,383
West North Central,2017,49,144,35,1809,179
South Atlantic,2017,49,353,143,5296,496
East South Central,2017,49,56,21,1587,77
West South Central,2017,49,583,119,4282,702
Mountain,2017,49,373,307,4093,680
Pacific,2017,49,522,82,3617,604
New England,2017,50,97,17,1701,114
Middle Atlantic,2017,50,136,82,3602,218
East North Central,2017,50,743,87,6381,830
West North Central,2017,50,209,22,2082,231
South Atlantic,2017,50,525,166,5961,691
East South Central,2017,50,183,42,2015,225
West South Central,2017,50,1316,221,6026,1537
Mountain,2017,50,410,45,2890,455
Pacific,2017,50,941,162,4536,1103
New England,2017,51,146,42,1925,188
Middle Atlantic,2017,51,269,135,4029,404
East North Central,2017,51,1597,132,8595,1729
West North Central,2017,51,509,53,2645,562
South Atlantic,2017,51,1053,385,8212,1438
East South Central,2017,51,527,61,2894,588
West South Central,2017,51,2739,421,9388,3160
Mountain,2017,51,813,96,3987,909
Pacific,2017,51,1584,373,6334,1957
New England,2017,52,266,54,2176,320
Middle Atlantic,2017,52,455,236,4741,691
East North Central,2017,52,2678,195,10889,2873
West North Central,2017,52,681,65,3112,746
South Atlantic,2017,52,1643,422,9856,2065
East South Central,2017,52,558,73,3100,631
West South Central,2017,52,2597,398,9283,2995
Mountain,2017,52,1225,172,5142,1397
Pacific,2017,52,1899,477,7219,2376
New England,2018,1,388,78,2939,466
Middle Atlantic,2018,1,703,276,5445,979
East North Central,2018,1,3307,291,13129,3598
West North Central,2018,1,899,123,3918,1022
South Atlantic,2018,1,1910,381,10078,2291
East South Central,2018,1,690,118,3518,808
West South Central,2018,1,2249,463,9032,2712
Mountain,2018,1,1182,281,5636,1463
Pacific,2018,1,1690,524,7621,2214
New England,2018,2,547,105,3104,652
Middle Atlantic,2018,2,1043,370,6681,1413
East North Central,2018,2,3902,351,14581,4253
West North Central,2018,2,1127,171,4529,1298
South Atlantic,2018,2,2748,552,12331,3300
East South Central,2018,2,904,120,3971,1024
West South Central,2018,2,2416,648,9535,3064
Mountain,2018,2,1176,302,5960,1478
Pacific,2018,2,1286,627,7584,1913
New England,2018,3,672,140,3457,812
Middle Atlantic,2018,3,1253,537,7094,1790
East North Central,2018,3,4065,462,14961,4527
West North Central,2018,3,1083,175,4492,1258
South Atlantic,2018,3,2801,719,13514,3520
East South Central,2018,3,781,154,3620,935
West South Central,2018,3,2284,813,9283,3097
Mountain,2018,3,968,358,5895,1326
Pacific,2018,3,875,547,6808,1422
New England,2018,4,1007,262,4605,1269
Middle Atlantic,2018,4,1881,953,9703,2834
East North Central,2018,4,4600,651,16651,5251
West North Central,2018,4,1123,223,5020,1346
South Atlantic,2018,4,3587,714,16830,4301
East South Central,2018,4,645,187,3758,832
West South Central,2018,4,2195,1256,10126,3451
Mountain,2018,4,851,516,6568,1367
Pacific,2018,4,745,588,7061,1333
New England,2018,5,1177,348,5205,1525
Middle Atlantic,2018,5,2186,1161,10797,3347
East North Central,2018,5,4029,769,16238,4798
West North Central,2018,5,1016,358,5297,1374
South Atlantic,2018,5,3115,1117,16557,4232
East South Central,2018,5,559,204,3499,763
West South Central,2018,5,1746,1635,10507,3381
Mountain,2018,5,755,685,6865,1440
Pacific,2018,5,610,638,6722,1248
New England,2018,6,1317,515,5560,1832
Middle Atlantic,2018,6,2292,1382,11227,3674
East North Central,2018,6,3751,920,15866,4671
West North Central,2018,6,886,458,4989,1344
South Atlantic,2018,6,2935,1385,16903,4320
East South Central,2018,6,506,325,3743,831
West South Central,2018,6,1346,1566,9835,2912
Mountain,2018,6,545,659,6554,1204
Pacific,2018,6,538,648,6714,1186
New England,2018,7,1323,604,5694,1927
Middle Atlantic,2018,7,2100,1444,11267,3544
East North Central,2018,7,3157,1220,14896,4377
West North Central,2018,7,731,554,4970,1285
South Atlantic,2018,7,2012,1214,13625,3226
East South Central,2018,7,321,294,3394,615
West South Central,2018,7,942,1611,8889,2553
Mountain,2018,7,388,673,6126,1061
Pacific,2018,7,397,596,6112,993
New England,2018,8,904,513,4752,1417
Middle Atlantic,2018,8,1271,1110,8573,2381
East North Central,2018,8,2184,1298,12772,3482
West North Central,2018,8,568,519,4432,1087
South Atlantic,2018,8,984,767,9864,1751
East South Central,2018,8,137,183,2425,320
West South Central,2018,8,491,945,6666,1436
Mountain,2018,8,315,514,5171,829
Pacific,2018,8,323,551,5379,874
New England,2018,9,605,355,3753,960
Middle Atlantic,2018,9,581,548,6084,1129
East North Central,2018,9,1387,977,10181,2364
West North Central,2018,9,339,495,3722,834
South Atlantic,2018,9,566,474,7665,1040
East South Central,2018,9,60,100,1780,160
West South Central,2018,9,248,573,5097,821
Mountain,2018,9,299,501,4960,800
Pacific,2018,9,320,536,5247,856
New England,2018,10,297,256,3042,553
Middle Atlantic,2018,10,356,341,4772,697
East North Central,2018,10,843,857,8443,1700
West North Central,2018,10,220,385,3171,605
South Atlantic,2018,10,422,367,6576,789
East South Central,2018,10,27,75,1535,102
West South Central,2018,10,120,284,4077,404
Mountain,2018,10,254,421,4355,675
Pacific,2018,10,358,548,5007,906
New England,2018,11,230,202,2451,432
Middle Atlantic,2018,11,250,324,4364,574
East North Central,2018,11,769,975,8013,1744
West North Central,2018,11,167,296,2621,463
South Atlantic,2018,11,376,399,6268,775
East South Central,2018,11,21,71,1388,92
West South Central,2018,11,74,180,3192,254
Mountain,2018,11,203,385,3853,588
Pacific,2018,11,259,552,4644,811
New England,2018,12,188,184,2385,372
Middle Atlantic,2018,12,251,292,4010,543
East North Central,2018,12,731,1147,7882,1878
West North Central,2018,12,105,223,2334,328
South Atlantic,2018,12,346,422,5780,768
East South Central,2018,12,28,68,1220,96
West South Central,2018,12,49,122,2604,171
Mountain,2018,12,143,261,3158,404
Pacific,2018,12,182,384,4069,566
New England,2018,13,159,201,2076,360
Middle Atlantic,2018,13,285,319,3863,604
East North Central,2018,13,594,1211,7720,1805
West North Central,2018,13,79,185,2088,264
South Atlantic,2018,13,283,391,5168,674
East South Central,2018,13,18,60,1173,78
West South Central,2018,13,25,56,2258,81
Mountain,2018,13,93,180,2678,273
Pacific,2018,13,172,324,3644,496
New England,2018,14,125,224,2076,349
Middle Atlantic,2018,14,200,258,3211,458
East North Central,2018,14,361,897,6999,1258
West North Central,2018,14,64,152,1831,216
South Atlantic,2018,14,174,346,4707,520
East South Central,2018,14,16,36,1111,52
West South Central,2018,14,18,53,1954,71
Mountain,2018,14,56,116,2294,172
Pacific,2018,14,118,255,3156,373
New England,2018,15,115,197,1919,312
Middle Atlantic,2018,15,141,146,2802,287
East North Central,2018,15,298,862,6571,1160
West North Central,2018,15,51,96,1719,147
South Atlantic,2018,15,156,308,4568,464
East South Central,2018,15,19,28,935,47
West South Central,2018,15,8,39,1795,47
Mountain,2018,15,51,73,2170,124
Pacific,2018,15,62,168,2573,230
New England,2018,16,73,153,1654,226
Middle Atlantic,2018,16,126,91,2555,217
East North Central,2018,16,168,648,5484,816
West North Central,2018,16,40,105,1600,145
South Atlantic,2018,16,111,219,4142,330
East South Central,2018,16,6,24,902,30
West South Central,2018,16,5,26,1670,31
Mountain,2018,16,29,63,1751,92
Pacific,2018,16,37,95,1725,132
New England,2018,17,48,101,1425,149
Middle Atlantic,2018,17,99,90,2273,189
East North Central,2018,17,120,450,4694,570
West North Central,2018,17,35,69,1414,104
South Atlantic,2018,17,80,204,3909,284
East South Central,2018,17,5,14,803,19
West South Central,2018,17,9,17,1526,26
Mountain,2018,17,29,53,1470,82
Pacific,2018,17,47,76,1814,123
New England,2018,18,15,50,1094,65
Middle Atlantic,2018,18,67,52,2139,119
East North Central,2018,18,114,337,4086,451
West North Central,2018,18,30,43,1157,73
South Atlantic,2018,18,74,159,3621,233
East South Central,2018,18,4,13,734,17
West South Central,2018,18,3,11,1320,14
Mountain,2018,18,25,32,1412,57
Pacific,2018,18,14,27,1532,41
New England,2018,19,4,20,843,24
Middle Atlantic,2018,19,36,50,1927,86
East North Central,2018,19,41,198,3411,239
West North Central,2018,19,10,27,1115,37
South Atlantic,2018,19,67,118,3193,185
East South Central,2018,19,3,11,685,14
West South Central,2018,19,7,9,1204,16
Mountain,2018,19,14,14,1327,28
Pacific,2018,19,9,20,1273,29
New England,2018,20,12,10,768,22
Middle Atlantic,2018,20,27,21,1749,48
East North Central,2018,20,33,74,2649,107
West North Central,2018,20,5,14,937,19
South Atlantic,2018,20,83,86,2960,169
East South Central,2018,20,2,5,639,7
West South Central,2018,20,4,8,1071,12
Mountain,2018,20,4,7,1127,11
Pacific,2018,20,6,11,1113,17
New England,2018,21,8,4,650,12
Middle Atlantic,2018,21,18,9,1587,27
East North Central,2018,21,14,33,2257,47
West North Central,2018,21,3,12,911,15
South Atlantic,2018,21,62,75,2831,137
East South Central,2018,21,1,4,588,5
West South Central,2018,21,2,4,985,6
Mountain,2018,21,2,7,977,9
Pacific,2018,21,9,15,1013,24
New England,2018,22,2,3,588,5
Middle Atlantic,2018,22,13,3,1397,16
East North Central,2018,22,1,6,2103,7
West North Central,2018,22,0,7,804,7
South Atlantic,2018,22,49,55,2679,104
East South Central,2018,22,0,3,505,3
West South Central,2018,22,4,1,912,5
Mountain,2018,22,3,7,908,10
Pacific,2018,22,4,4,893,8
New England,2018,23,1,2,498,3
Middle Atlantic,2018,23,5,2,1311,7
East North Central,2018,23,9,6,1661,15
West North Central,2018,23,1,2,752,3
South Atlantic,2018,23,48,47,2337,95
East South Central,2018,23,2,3,448,5
West South Central,2018,23,3,3,870,6
Mountain,2018,23,0,5,912,5
Pacific,2018,23,4,10,914,14
New England,2018,24,0,1,491,1
Middle Atlantic,2018,24,3,0,1230,3
East North Central,2018,24,2,2,1538,4
West North Central,2018,24,0,0,666,0
South Atlantic,2018,24,41,54,2220,95
East South Central,2018,24,0,1,411,1
West South Central,2018,24,1,1,830,2
Mountain,2018,24,3,4,768,7
Pacific,2018,24,1,2,775,3
New England,2018,25,0,0,435,0
Middle Atlantic,2018,25,0,0,1146,0
East North Central,2018,25,0,1,1418,1
West North Central,2018,25,5,0,690,5
South Atlantic,2018,25,39,28,2109,67
East South Central,2018,25,0,1,400,1
West South Central,2018,25,4,3,720,7
Mountain,2018,25,0,3,752,3
Pacific,2018,25,1,2,832,3
New England,2018,26,2,0,305,2
Middle Atlantic,2018,26,1,0,983,1
East North Central,2018,26,4,1,1356,5
West North Central,2018,26,1,1,699,2
South Atlantic,2018,26,40,23,1956,63
East South Central,2018,26,2,1,392,3
West South Central,2018,26,3,2,742,5
Mountain,2018,26,1,1,696,2
Pacific,2018,26,3,0,594,3
New England,2018,27,0,0,322,0
Middle Atlantic,2018,27,0,0,984,0
East North Central,2018,27,1,1,1119,2
West North Central,2018,27,0,1,463,1
South Atlantic,2018,27,37,17,1767,54
East South Central,2018,27,0,0,354,0
West South Central,2018,27,1,2,611,3
Mountain,2018,27,3,0,629,3
Pacific,2018,27,2,4,630,6
New England,2018,28,1,0,321,1
Middle Atlantic,2018,28,8,0,1052,8
East North Central,2018,28,1,1,1156,2
West North Central,2018,28,1,0,639,1
South Atlantic,2018,28,33,10,1672,43
East South Central,2018,28,1,0,365,1
West South Central,2018,28,1,0,643,1
Mountain,2018,28,2,0,617,2
Pacific,2018,28,3,2,521,5
New England,2018,29,0,0,314,0
Middle Atlantic,2018,29,8,0,1025,8
East North Central,2018,29,6,0,1243,6
West North Central,2018,29,0,0,581,0
South Atlantic,2018,29,32,14,1696,46
East South Central,2018,29,1,0,265,1
West South Central,2018,29,5,0,610,5
Mountain,2018,29,2,0,585,2
Pacific,2018,29,3,1,516,4
New England,2018,30,2,1,309,3
Middle Atlantic,2018,30,3,1,974,4
East North Central,2018,30,5,2,1205,7
West North Central,2018,30,1,0,590,1
South Atlantic,2018,30,29,14,1613,43
East South Central,2018,30,0,0,305,0
West South Central,2018,30,3,0,617,3
Mountain,2018,30,1,0,657,1
Pacific,2018,30,4,1,463,5
New England,2018,31,0,0,301,0
Middle Atlantic,2018,31,1,1,898,2
East North Central,2018,31,4,0,1079,4
West North Central,2018,31,0,1,535,1
South Atlantic,2018,31,31,13,1551,44
East South Central,2018,31,1,0,294,1
West South Central,2018,31,3,1,570,4
Mountain,2018,31,0,0,628,0
Pacific,2018,31,3,1,436,4
New England,2018,32,0,0,321,0
Middle Atlantic,2018,32,1,1,1002,2
East North Central,2018,32,2,0,1155,2
West North Central,2018,32,1,1,635,2
South Atlantic,2018,32,30,15,1624,45
East South Central,2018,32,1,0,322,1
West South Central,2018,32,1,3,620,4
Mountain,2018,32,2,2,650,4
Pacific,2018,32,5,0,461,5
New England,2018,33,0,0,307,0
Middle Atlantic,2018,33,0,0,954,0
East North Central,2018,33,2,1,1258,3
West North Central,2018,33,0,0,680,0
South Atlantic,2018,33,24,16,1667,40
East South Central,2018,33,0,1,371,1
West South Central,2018,33,5,0,686,5
Mountain,2018,33,3,0,679,3
Pacific,2018,33,2,0,463,2
New England,2018,34,0,0,322,0
Middle Atlantic,2018,34,2,0,1050,2
East North Central,2018,34,13,3,1223,16
West North Central,2018,34,1,0,745,1
South Atlantic,2018,34,51,21,1933,72
East South Central,2018,34,2,0,517,2
West South Central,2018,34,5,1,758,6
Mountain,2018,34,0,1,745,1
Pacific,2018,34,3,1,490,4
New England,2018,35,0,0,287,0
Middle Atlantic,2018,35,1,3,988,4
East North Central,2018,35,1,1,1301,2
West North Central,2018,35,1,0,801,1
South Atlantic,2018,35,84,23,2434,107
East South Central,2018,35,5,3,574,8
West South Central,2018,35,3,3,938,6
Mountain,2018,35,2,0,828,2
Pacific,2018,35,1,0,561,1
New England,2018,36,1,0,347,1
Middle Atlantic,2018,36,4,0,981,4
East North Central,2018,36,4,1,1612,5
West North Central,2018,36,7,0,927,7
South Atlantic,2018,36,89,31,2730,120
East South Central,2018,36,1,2,587,3
West South Central,2018,36,8,15,1124,23
Mountain,2018,36,0,1,865,1
Pacific,2018,36,5,2,613,7
New England,2018,37,0,0,486,0
Middle Atlantic,2018,37,2,0,1457,2
East North Central,2018,37,10,2,2016,12
West North Central,2018,37,6,0,1215,6
South Atlantic,2018,37,122,36,2995,158
East South Central,2018,37,2,2,684,4
West South Central,2018,37,4,6,1349,10
Mountain,2018,37,2,0,1029,2
Pacific,2018,37,7,2,799,9
New England,2018,38,1,1,609,2
Middle Atlantic,2018,38,6,1,1465,7
East North Central,2018,38,9,8,2411,17
West North Central,2018,38,8,2,1239,10
South Atlantic,2018,38,109,40,3376,149
East South Central,2018,38,5,1,730,6
West South Central,2018,38,11,10,1515,21
Mountain,2018,38,2,0,990,2
Pacific,2018,38,7,3,847,10
New England,2018,39,8,1,793,9
Middle Atlantic,2018,39,8,3,1838,11
East North Central,2018,39,14,4,2815,18
West North Central,2018,39,4,0,1360,4
South Atlantic,2018,39,115,32,3572,147
East South Central,2018,39,2,3,743,5
West South Central,2018,39,7,4,1525,11
Mountain,2018,39,3,0,1087,3
Pacific,2018,39,8,5,1030,13
New England,2018,40,2,1,922,3
Middle Atlantic,2018,40,12,3,1951,15
East North Central,2018,40,7,6,2916,13
West North Central,2018,40,4,0,1453,4
South Atlantic,2018,40,161,43,4003,204
East South Central,2018,40,3,3,957,6
West South Central,2018,40,15,12,1764,27
Mountain,2018,40,3,1,1237,4
Pacific,2018,40,11,2,1325,13
New England,2018,41,2,2,971,4
Middle Atlantic,2018,41,13,3,2510,16
East North Central,2018,41,13,6,3204,19
West North Central,2018,41,2,0,1588,2
South Atlantic,2018,41,145,46,4042,191
East South Central,2018,41,5,4,990,9
West South Central,2018,41,17,16,1917,33
Mountain,2018,41,8,0,1367,8
Pacific,2018,41,18,6,1446,24
New England,2018,42,2,0,1110,2
Middle Atlantic,2018,42,8,0,2662,8
East North Central,2018,42,7,4,3727,11
West North Central,2018,42,7,1,1695,8
South Atlantic,2018,42,248,55,4714,303
East South Central,2018,42,7,4,1128,11
West South Central,2018,42,19,19,2141,38
Mountain,2018,42,4,3,1495,7
Pacific,2018,42,10,5,1549,15
New England,2018,43,12,4,1152,16
Middle Atlantic,2018,43,11,3,2845,14
East North Central,2018,43,20,8,3924,28
West North Central,2018,43,6,0,1773,6
South Atlantic,2018,43,252,62,5177,314
East South Central,2018,43,6,6,1061,12
West South Central,2018,43,21,14,2422,35
Mountain,2018,43,2,1,1507,3
Pacific,2018,43,10,3,1596,13
New England,2018,44,19,5,1279,24
Middle Atlantic,2018,44,12,2,2800,14
East North Central,2018,44,35,6,4097,41
West North Central,2018,44,7,2,1758,9
South Atlantic,2018,44,254,48,5362,302
East South Central,2018,44,5,3,1171,8
West South Central,2018,44,33,26,2731,59
Mountain,2018,44,6,3,1737,9
Pacific,2018,44,19,4,1561,23
New England,2018,45,25,0,1268,25
Middle Atlantic,2018,45,27,1,2828,28
East North Central,2018,45,45,10,4186,55
West North Central,2018,45,15,0,1935,15
South Atlantic,2018,45,360,60,5554,420
East South Central,2018,45,9,5,1260,14
West South Central,2018,45,34,15,3001,49
Mountain,2018,45,11,3,1663,14
Pacific,2018,45,20,4,1868,24
New England,2018,46,14,4,1234,18
Middle Atlantic,2018,46,32,1,2851,33
East North Central,2018,46,78,12,4466,90
West North Central,2018,46,37,0,2104,37
South Atlantic,2018,46,417,56,5876,473
East South Central,2018,46,10,6,1302,16
West South Central,2018,46,36,22,3007,58
Mountain,2018,46,18,2,1818,20
Pacific,2018,46,26,3,1861,29
New England,2018,47,24,0,1256,24
Middle Atlantic,2018,47,43,4,2940,47
East North Central,2018,47,86,8,4359,94
West North Central,2018,47,43,0,1950,43
South Atlantic,2018,47,510,36,6050,546
East South Central,2018,47,10,5,1211,15
West South Central,2018,47,97,18,3315,115
Mountain,2018,47,22,3,1705,25
Pacific,2018,47,62,2,1986,64
New England,2018,48,39,3,1551,42
Middle Atlantic,2018,48,85,8,3440,93
East North Central,2018,48,125,6,5212,131
West North Central,2018,48,34,1,2182,35
South Atlantic,2018,48,490,55,6348,545
East South Central,2018,48,13,3,1359,16
West South Central,2018,48,80,25,3813,105
Mountain,2018,48,51,4,2094,55
Pacific,2018,48,85,2,2329,87
New England,2018,49,72,5,1568,77
Middle Atlantic,2018,49,113,11,3625,124
East North Central,2018,49,179,12,5232,191
West North Central,2018,49,60,4,2340,64
South Atlantic,2018,49,768,73,6605,841
East South Central,2018,49,43,7,1500,50
West South Central,2018,49,131,27,3570,158
Mountain,2018,49,111,11,2110,122
Pacific,2018,49,183,2,2528,185
New England,2018,50,136,5,1748,141
Middle Atlantic,2018,50,229,10,3996,239
East North Central,2018,50,304,22,5603,326
West North Central,2018,50,153,1,2498,154
South Atlantic,2018,50,1375,94,7975,1469
East South Central,2018,50,147,5,1706,152
West South Central,2018,50,339,40,4234,379
Mountain,2018,50,232,13,2390,245
Pacific,2018,50,327,4,3002,331
New England,2018,51,264,1,2194,265
Middle Atlantic,2018,51,401,5,4583,406
East North Central,2018,51,596,24,6439,620
West North Central,2018,51,247,2,2977,249
South Atlantic,2018,51,1971,89,9085,2060
East South Central,2018,51,299,8,1976,307
West South Central,2018,51,722,43,4930,765
Mountain,2018,51,437,15,3069,452
Pacific,2018,51,352,5,3170,357
New England,2018,52,465,5,2731,470
Middle Atlantic,2018,52,733,14,5074,747
East North Central,2018,52,990,17,7518,1007
West North Central,2018,52,361,2,3573,363
South Atlantic,2018,52,2049,118,9985,2167
East South Central,2018,52,368,3,2146,371
West South Central,2018,52,844,54,5035,898
Mountain,2018,52,635,24,3731,659
Pacific,2018,52,404,7,3584,411
New England,2019,1,552,1,3314,553
Middle Atlantic,2019,1,762,5,5868,767
East North Central,2019,1,814,12,8984,826
West North Central,2019,1,339,2,3556,341
South Atlantic,2019,1,889,48,8038,937
East South Central,2019,1,331,10,2343,341
West South Central,2019,1,524,53,4610,577
Mountain,2019,1,628,12,3848,640
Pacific,2019,1,404,10,3892,414
New England,2019,2,596,6,3305,602
Middle Atlantic,2019,2,798,14,5720,812
East North Central,2019,2,715,26,7635,741
West North Central,2019,2,387,5,3550,392
South Atlantic,2019,2,688,62,7513,750
East South Central,2019,2,227,5,1831,232
West South Central,2019,2,525,68,4307,593
Mountain,2019,2,661,20,3676,681
Pacific,2019,2,478,12,4069,490
New England,2019,3,702,5,3355,707
Middle Atlantic,2019,3,1043,2,5756,1045
East North Central,2019,3,1041,18,7562,1059
West North Central,2019,3,440,3,3511,443
South Atlantic,2019,3,971,68,7523,1039
East South Central,2019,3,216,11,1907,227
West South Central,2019,3,887,46,4552,933
Mountain,2019,3,810,22,4069,832
Pacific,2019,3,563,12,3806,575
New England,2019,4,921,5,3538,926
Middle Atlantic,2019,4,1273,10,5734,1283
East North Central,2019,4,1174,26,7492,1200
West North Central,2019,4,609,8,3706,617
South Atlantic,2019,4,1185,79,8127,1264
East South Central,2019,4,341,10,1987,351
West South Central,2019,4,1221,66,5428,1287
Mountain,2019,4,885,25,4101,910
Pacific,2019,4,714,18,4081,732
New England,2019,5,978,8,3688,986
Middle Atlantic,2019,5,1326,4,6009,1330
East North Central,2019,5,1487,24,7541,1511
West North Central,2019,5,805,8,3868,813
South Atlantic,2019,5,1568,88,8757,1656
East South Central,2019,5,501,15,2561,516
West South Central,2019,5,2110,92,7012,2202
Mountain,2019,5,1016,44,4564,1060
Pacific,2019,5,885,9,4640,894
New England,2019,6,1004,6,3889,1010
Middle Atlantic,2019,6,1812,12,6818,1824
East North Central,2019,6,1615,48,8186,1663
West North Central,2019,6,914,9,3959,923
South Atlantic,2019,6,2064,115,9931,2179
East South Central,2019,6,593,16,2685,609
West South Central,2019,6,3035,131,9274,3166
Mountain,2019,6,1257,75,5021,1332
Pacific,2019,6,857,17,4267,874
New England,2019,7,805,11,3403,816
Middle Atlantic,2019,7,1848,85,6926,1933
East North Central,2019,7,2240,58,8826,2298
West North Central,2019,7,1143,13,4293,1156
South Atlantic,2019,7,1910,85,9526,1995
East South Central,2019,7,475,18,2611,493
West South Central,2019,7,2743,121,8941,2864
Mountain,2019,7,1281,109,4546,1390
Pacific,2019,7,909,15,4217,924
New England,2019,8,677,8,3223,685
Middle Atlantic,2019,8,1720,19,6221,1739
East North Central,2019,8,2661,59,9922,2720
West North Central,2019,8,1336,11,4521,1347
South Atlantic,2019,8,2076,107,9973,2183
East South Central,2019,8,360,21,2244,381
West South Central,2019,8,2260,123,7934,2383
Mountain,2019,8,1431,108,5103,1539
Pacific,2019,8,1187,22,4920,1209
New England,2019,9,567,20,2903,587
Middle Atlantic,2019,9,1369,20,5951,1389
East North Central,2019,9,3154,79,10580,3233
West North Central,2019,9,1399,18,4530,1417
South Atlantic,2019,9,1661,73,9183,1734
East South Central,2019,9,309,15,2160,324
West South Central,2019,9,2073,137,7527,2210
Mountain,2019,9,1539,67,5237,1606
Pacific,2019,9,1365,12,5150,1377
New England,2019,10,475,20,2611,495
Middle Atlantic,2019,10,1290,22,5962,1312
East North Central,2019,10,3847,101,12071,3948
West North Central,2019,10,1342,14,4916,1356
South Atlantic,2019,10,1322,87,8501,1409
East South Central,2019,10,219,16,1758,235
West South Central,2019,10,1824,136,7246,1960
Mountain,2019,10,1231,26,4657,1257
Pacific,2019,10,1649,16,5534,1665
New England,2019,11,480,46,2704,526
Middle Atlantic,2019,11,1354,22,5907,1376
East North Central,2019,11,4288,142,13284,4430
West North Central,2019,11,1374,34,4693,1408
South Atlantic,2019,11,1290,94,8304,1384
East South Central,2019,11,206,18,1835,224
West South Central,2019,11,1278,126,5845,1404
Mountain,2019,11,1021,48,4069,1069
Pacific,2019,11,2085,39,6723,2124
New England,2019,12,465,90,2631,555
Middle Atlantic,2019,12,1105,34,5735,1139
East North Central,2019,12,3463,175,12261,3638
West North Central,2019,12,917,16,3766,933
South Atlantic,2019,12,1072,122,7788,1194
East South Central,2019,12,108,11,1526,119
West South Central,2019,12,633,101,4710,734
Mountain,2019,12,736,37,3873,773
Pacific,2019,12,1837,37,6459,1874
New England,2019,13,417,110,2638,527
Middle Atlantic,2019,13,999,24,5422,1023
East North Central,2019,13,2874,199,11287,3073
West North Central,2019,13,665,24,3598,689
South Atlantic,2019,13,710,55,5846,765
East South Central,2019,13,123,10,1503,133
West South Central,2019,13,392,123,3958,515
Mountain,2019,13,384,34,3164,418
Pacific,2019,13,1108,19,5426,1127
New England,2019,14,380,139,2443,519
Middle Atlantic,2019,14,499,29,4141,528
East North Central,2019,14,1834,177,9191,2011
West North Central,2019,14,396,18,3146,414
South Atlantic,2019,14,670,93,6536,763
East South Central,2019,14,88,11,1355,99
West South Central,2019,14,229,80,3425,309
Mountain,2019,14,221,19,2362,240
Pacific,2019,14,575,31,4136,606
New England,2019,15,316,172,2445,488
Middle Atlantic,2019,15,581,41,4671,622
East North Central,2019,15,1182,152,7896,1334
West North Central,2019,15,253,15,2675,268
South Atlantic,2019,15,294,48,4692,342
East South Central,2019,15,27,3,1125,30
West South Central,2019,15,167,98,2919,265
Mountain,2019,15,145,18,2134,163
Pacific,2019,15,246,20,3166,266
New England,2019,16,150,129,1999,279
Middle Atlantic,2019,16,328,32,3958,360
East North Central,2019,16,634,98,6208,732
West North Central,2019,16,116,26,2249,142
South Atlantic,2019,16,263,95,5039,358
East South Central,2019,16,21,7,1001,28
West South Central,2019,16,105,90,2421,195
Mountain,2019,16,128,25,2247,153
Pacific,2019,16,148,16,2877,164
New England,2019,17,69,85,1638,154
Middle Atlantic,2019,17,139,30,3288,169
East North Central,2019,17,304,112,5262,416
West North Central,2019,17,58,17,1833,75
South Atlantic,2019,17,200,74,4789,274
East South Central,2019,17,22,1,961,23
West South Central,2019,17,62,64,2375,126
Mountain,2019,17,95,15,2052,110
Pacific,2019,17,82,15,2513,97
New England,2019,18,35,44,1442,79
Middle Atlantic,2019,18,38,11,2318,49
East North Central,2019,18,174,81,4308,255
West North Central,2019,18,46,11,1273,57
South Atlantic,2019,18,159,65,4273,224
East South Central,2019,18,16,4,757,20
West South Central,2019,18,43,84,2038,127
Mountain,2019,18,68,13,1859,81
Pacific,2019,18,55,25,1899,80
New England,2019,19,28,35,1151,63
Middle Atlantic,2019,19,34,5,1811,39
East North Central,2019,19,84,62,3616,146
West North Central,2019,19,17,11,1286,28
South Atlantic,2019,19,110,74,3839,184
East South Central,2019,19,6,12,822,18
West South Central,2019,19,46,60,1888,106
Mountain,2019,19,34,13,1633,47
Pacific,2019,19,45,5,1689,50
New England,2019,20,12,29,1160,41
Middle Atlantic,2019,20,22,5,1946,27
East North Central,2019,20,59,60,3328,119
West North Central,2019,20,27,15,1396,42
South Atlantic,2019,20,129,87,3738,216
East South Central,2019,20,3,7,840,10
West South Central,2019,20,25,48,1713,73
Mountain,2019,20,35,8,1461,43
Pacific,2019,20,21,10,1416,31
New England,2019,21,6,20,1034,26
Middle Atlantic,2019,21,20,5,1804,25
East North Central,2019,21,35,45,2794,80
West North Central,2019,21,14,12,1259,26
South Atlantic,2019,21,115,96,3669,211
East South Central,2019,21,5,4,732,9
West South Central,2019,21,28,50,1589,78
Mountain,2019,21,24,12,1379,36
Pacific,2019,21,29,16,1414,45
New England,2019,22,5,14,818,19
Middle Atlantic,2019,22,23,4,1775,27
East North Central,2019,22,19,35,2637,54
West North Central,2019,22,6,7,1111,13
South Atlantic,2019,22,103,100,3438,203
East South Central,2019,22,2,6,558,8
West South Central,2019,22,10,33,1453,43
Mountain,2019,22,25,10,1260,35
Pacific,2019,22,19,22,1321,41
New England,2019,23,4,8,719,12
Middle Atlantic,2019,23,9,0,1517,9
East North Central,2019,23,10,30,2329,40
West North Central,2019,23,3,11,1034,14
South Atlantic,2019,23,61,97,2901,158
East South Central,2019,23,6,4,616,10
West South Central,2019,23,8,33,1258,41
Mountain,2019,23,23,6,1109,29
Pacific,2019,23,20,19,1134,39
New England,2019,24,6,5,683,11
Middle Atlantic,2019,24,6,2,1388,8
East North Central,2019,24,10,13,1973,23
West North Central,2019,24,2,0,885,2
South Atlantic,2019,24,66,74,2652,140
East South Central,2019,24,3,1,530,4
West South Central,2019,24,5,13,1309,18
Mountain,2019,24,15,5,836,20
Pacific,2019,24,16,22,1144,38
New England,2019,25,5,1,594,6
Middle Atlantic,2019,25,8,0,1456,8
East North Central,2019,25,7,8,1691,15
West North Central,2019,25,2,2,786,4
South Atlantic,2019,25,61,54,2391,115
East South Central,2019,25,3,3,474,6
West South Central,2019,25,6,8,1171,14
Mountain,2019,25,10,5,964,15
Pacific,2019,25,7,9,936,16
New England,2019,26,5,2,373,7
Middle Atlantic,2019,26,2,0,1289,2
East North Central,2019,26,14,8,1592,22
West North Central,2019,26,3,1,476,4
South Atlantic,2019,26,42,54,2139,96
East South Central,2019,26,2,5,528,7
West South Central,2019,26,12,13,1029,25
Mountain,2019,26,5,2,851,7
Pacific,2019,26,8,12,855,20
New England,2019,27,8,0,426,8
Middle Atlantic,2019,27,3,0,1202,3
East North Central,2019,27,16,3,1399,19
West North Central,2019,27,4,1,673,5
South Atlantic,2019,27,62,57,2164,119
East South Central,2019,27,2,2,506,4
West South Central,2019,27,6,6,899,12
Mountain,2019,27,18,5,755,23
Pacific,2019,27,10,12,828,22
New England,2019,28,3,0,458,3
Middle Atlantic,2019,28,5,0,1256,5
East North Central,2019,28,3,2,1330,5
West North Central,2019,28,0,1,739,1
South Atlantic,2019,28,58,54,2201,112
East South Central,2019,28,6,2,537,8
West South Central,2019,28,8,2,929,10
Mountain,2019,28,6,2,761,8
Pacific,2019,28,13,18,864,31
New England,2019,29,2,0,396,2
Middle Atlantic,2019,29,8,1,1195,9
East North Central,2019,29,12,3,1293,15
West North Central,2019,29,5,0,714,5
South Atlantic,2019,29,51,60,2091,111
East South Central,2019,29,2,2,288,4
West South Central,2019,29,14,3,887,17
Mountain,2019,29,4,1,707,5
Pacific,2019,29,7,10,768,17
New England,2019,30,4,0,379,4
Middle Atlantic,2019,30,6,0,1068,6
East North Central,2019,30,4,1,1201,5
West North Central,2019,30,4,0,639,4
South Atlantic,2019,30,53,68,2092,121
East South Central,2019,30,2,1,335,3
West South Central,2019,30,13,4,863,17
Mountain,2019,30,11,4,678,15
Pacific,2019,30,7,7,696,14
New England,2019,31,5,0,330,5
Middle Atlantic,2019,31,3,1,1094,4
East North Central,2019,31,11,0,1197,11
West North Central,2019,31,2,1,636,3
South Atlantic,2019,31,58,60,1899,118
East South Central,2019,31,3,3,466,6
West South Central,2019,31,10,7,864,17
Mountain,2019,31,5,2,629,7
Pacific,2019,31,7,11,766,18
New England,2019,32,0,2,354,2
Middle Atlantic,2019,32,4,1,1136,5
East North Central,2019,32,2,0,1341,2
West North Central,2019,32,1,0,657,1
South Atlantic,2019,32,58,66,2094,124
East South Central,2019,32,2,6,395,8
West South Central,2019,32,2,4,840,6
Mountain,2019,32,3,0,625,3
Pacific,2019,32,7,8,638,15
New England,2019,33,1,2,388,3
Middle Atlantic,2019,33,5,1,1170,6
East North Central,2019,33,1,1,1224,2
West North Central,2019,33,2,1,671,3
South Atlantic,2019,33,46,65,2079,111
East South Central,2019,33,1,11,477,12
West South Central,2019,33,3,5,886,8
Mountain,2019,33,10,2,668,12
Pacific,2019,33,9,7,747,16
New England,2019,34,0,1,349,1
Middle Atlantic,2019,34,10,1,1071,11
East North Central,2019,34,8,1,1288,9
West North Central,2019,34,4,0,721,4
South Atlantic,2019,34,61,74,2392,135
East South Central,2019,34,0,27,606,27
West South Central,2019,34,2,11,1014,13
Mountain,2019,34,4,0,750,4
Pacific,2019,34,5,1,701,6
New England,2019,35,3,0,405,3
Middle Atlantic,2019,35,9,2,1166,11
East North Central,2019,35,9,3,1451,12
West North Central,2019,35,4,1,875,5
South Atlantic,2019,35,90,159,3035,249
East South Central,2019,35,0,41,745,41
West South Central,2019,35,6,7,1213,13
Mountain,2019,35,7,3,736,10
Pacific,2019,35,14,5,880,19
New England,2019,36,6,0,463,6
Middle Atlantic,2019,36,11,0,1249,11
East North Central,2019,36,17,1,1738,18
West North Central,2019,36,1,0,904,1
South Atlantic,2019,36,77,158,3275,235
East South Central,2019,36,0,49,818,49
West South Central,2019,36,12,10,1515,22
Mountain,2019,36,6,3,1006,9
Pacific,2019,36,6,9,848,15
New England,2019,37,10,0,722,10
Middle Atlantic,2019,37,13,1,1537,14
East North Central,2019,37,43,3,2320,46
West North Central,2019,37,2,0,1086,2
South Atlantic,2019,37,56,128,3217,184
East South Central,2019,37,5,32,864,37
West South Central,2019,37,5,12,1602,17
Mountain,2019,37,7,1,955,8
Pacific,2019,37,11,3,1063,14
New England,2019,38,10,2,826,12
Middle Atlantic,2019,38,13,2,1825,15
East North Central,2019,38,29,6,2792,35
West North Central,2019,38,4,2,1155,6
South Atlantic,2019,38,78,190,3614,268
East South Central,2019,38,0,19,901,19
West South Central,2019,38,12,20,1653,32
Mountain,2019,38,5,2,1034,7
Pacific,2019,38,11,10,1255,21
New England,2019,39,6,1,1091,7
Middle Atlantic,2019,39,11,2,2026,13
East North Central,2019,39,23,7,3117,30
West North Central,2019,39,2,2,1296,4
South Atlantic,2019,39,73,247,4100,320
East South Central,2019,39,2,24,971,26
West South Central,2019,39,9,33,1776,42
Mountain,2019,39,7,1,1243,8
Pacific,2019,39,20,6,1729,26
New England,2019,40,3,1,1071,4
Middle Atlantic,2019,40,7,0,1924,7
East North Central,2019,40,12,7,3550,19
West North Central,2019,40,2,3,1511,5
South Atlantic,2019,40,32,27,3092,59
East South Central,2019,40,3,14,979,17
West South Central,2019,40,23,46,2446,69
Mountain,2019,40,13,3,1520,16
Pacific,2019,40,41,23,3758,64
New England,2019,41,8,2,1192,10
Middle Atlantic,2019,41,7,5,2166,12
East North Central,2019,41,13,5,3794,18
West North Central,2019,41,8,1,1778,9
South Atlantic,2019,41,33,49,3292,82
East South Central,2019,41,4,15,1018,19
West South Central,2019,41,17,73,3016,90
Mountain,2019,41,14,12,1541,26
Pacific,2019,41,42,19,4316,61
New England,2019,42,5,0,1170,5
Middle Atlantic,2019,42,7,4,2348,11
East North Central,2019,42,11,8,4029,19
West North Central,2019,42,2,6,1963,8
South Atlantic,2019,42,46,26,3518,72
East South Central,2019,42,3,8,1091,11
West South Central,2019,42,26,95,3036,121
Mountain,2019,42,15,13,1726,28
Pacific,2019,42,57,27,4250,84
New England,2019,43,9,3,1315,12
Middle Atlantic,2019,43,19,7,2404,26
East North Central,2019,43,19,18,4710,37
West North Central,2019,43,4,12,2008,16
South Atlantic,2019,43,51,67,3884,118
East South Central,2019,43,1,18,1168,19
West South Central,2019,43,33,169,3440,202
Mountain,2019,43,25,11,1468,36
Pacific,2019,43,40,49,4233,89
New England,2019,44,4,2,1280,6
Middle Atlantic,2019,44,24,8,2549,32
East North Central,2019,44,16,18,4761,34
West North Central,2019,44,5,15,2040,20
South Atlantic,2019,44,46,73,3945,119
East South Central,2019,44,5,20,1189,25
West South Central,2019,44,42,322,3526,364
Mountain,2019,44,16,13,1740,29
Pacific,2019,44,63,85,4387,148
New England,2019,45,5,4,1366,9
Middle Atlantic,2019,45,28,18,2795,46
East North Central,2019,45,30,16,5275,46
West North Central,2019,45,9,42,1682,51
South Atlantic,2019,45,64,123,4535,187
East South Central,2019,45,11,18,1436,29
West South Central,2019,45,83,623,4658,706
Mountain,2019,45,33,43,1944,76
Pacific,2019,45,151,188,5151,339
New England,2019,46,7,5,1583,12
Middle Atlantic,2019,46,29,29,2869,58
East North Central,2019,46,42,48,5320,90
West North Central,2019,46,26,53,1767,79
South Atlantic,2019,46,72,211,5253,283
East South Central,2019,46,34,30,1526,64
West South Central,2019,46,108,764,5351,872
Mountain,2019,46,51,74,2206,125
Pacific,2019,46,166,375,5564,541
New England,2019,47,18,9,1694,27
Middle Atlantic,2019,47,51,37,3025,88
East North Central,2019,47,96,112,6057,208
West North Central,2019,47,68,80,2829,148
South Atlantic,2019,47,168,377,5750,545
East South Central,2019,47,54,80,1831,134
West South Central,2019,47,202,1298,6918,1500
Mountain,2019,47,76,116,2486,192
Pacific,2019,47,170,472,5907,642
New England,2019,48,46,19,1670,65
Middle Atlantic,2019,48,96,75,3075,171
East North Central,2019,48,102,212,6246,314
West North Central,2019,48,74,110,2720,184
South Atlantic,2019,48,222,462,5848,684
East South Central,2019,48,69,97,1699,166
West South Central,2019,48,210,975,5750,1185
Mountain,2019,48,56,211,2396,267
Pacific,2019,48,204,632,5994,836
New England,2019,49,55,49,2073,104
Middle Atlantic,2019,49,118,119,3541,237
East North Central,2019,49,167,401,7808,568
West North Central,2019,49,86,169,3113,255
South Atlantic,2019,49,250,399,6138,649
East South Central,2019,49,77,108,2096,185
West South Central,2019,49,269,956,6490,1225
Mountain,2019,49,107,274,3037,381
Pacific,2019,49,297,986,7633,1283
New England,2019,50,86,71,2155,157
Middle Atlantic,2019,50,229,246,3951,475
East North Central,2019,50,262,778,8542,1040
West North Central,2019,50,153,387,3759,540
South Atlantic,2019,50,504,607,6928,1111
East South Central,2019,50,136,140,2189,276
West South Central,2019,50,329,975,5696,1304
Mountain,2019,50,80,326,2827,406
Pacific,2019,50,379,1567,8864,1946
New England,2019,51,140,164,2339,304
Middle Atlantic,2019,51,311,352,4673,663
East North Central,2019,51,539,1626,10879,2165
West North Central,2019,51,224,753,4562,977
South Atlantic,2019,51,801,843,7828,1644
East South Central,2019,51,255,222,2465,477
West South Central,2019,51,557,1688,7222,2245
Mountain,2019,51,240,645,4031,885
Pacific,2019,51,630,2286,10481,2916
New England,2019,52,294,297,3088,591
Middle Atlantic,2019,52,557,791,5556,1348
East North Central,2019,52,989,2739,13702,3728
West North Central,2019,52,407,1028,5291,1435
South Atlantic,2019,52,1369,1074,9625,2443
East South Central,2019,52,395,349,3087,744
West South Central,2019,52,945,2000,8056,2945
Mountain,2019,52,342,772,4463,1114
Pacific,2019,52,682,2214,11156,2896
New England,2020,1,357,466,3613,823
Middle Atlantic,2020,1,667,878,6678,1545
East North Central,2020,1,923,2385,14228,3308
West North Central,2020,1,386,795,5216,1181
South Atlantic,2020,1,940,735,8618,1675
East South Central,2020,1,296,231,2883,527
West South Central,2020,1,691,1366,7079,2057
Mountain,2020,1,442,907,5129,1349
Pacific,2020,1,943,1901,11733,2844
New England,2020,2,414,614,3978,1028
Middle Atlantic,2020,2,697,736,6445,1433
East North Central,2020,2,1036,1989,13336,3025
West North Central,2020,2,343,655,4805,998
South Atlantic,2020,2,889,555,7455,1444
East South Central,2020,2,203,146,2315,349
West South Central,2020,2,854,1007,6532,1861
Mountain,2020,2,546,707,4567,1253
Pacific,2020,2,1127,1519,11284,2646
New England,2020,3,506,833,4176,1339
Middle Atlantic,2020,3,798,750,6201,1548
East North Central,2020,3,1427,2080,12878,3507
West North Central,2020,3,389,770,4664,1159
South Atlantic,2020,3,956,512,7322,1468
East South Central,2020,3,183,114,1986,297
West South Central,2020,3,1259,920,6775,2179
Mountain,2020,3,699,765,5211,1464
Pacific,2020,3,1495,1276,11103,2771
New England,2020,4,575,1160,4872,1735
Middle Atlantic,2020,4,852,780,6242,1632
East North Central,2020,4,1898,2550,14287,4448
West North Central,2020,4,602,835,4932,1437
South Atlantic,2020,4,1005,571,7383,1576
East South Central,2020,4,210,143,2149,353
West South Central,2020,4,1499,708,7187,2207
Mountain,2020,4,927,788,5712,1715
Pacific,2020,4,1910,1229,11738,3139
New England,2020,5,807,1336,5581,2143
Middle Atlantic,2020,5,1082,931,6955,2013
East North Central,2020,5,2691,2989,16549,5680
West North Central,2020,5,857,871,5372,1728
South Atlantic,2020,5,1347,721,8639,2068
East South Central,2020,5,330,166,2524,496
West South Central,2020,5,2050,976,8905,3026
Mountain,2020,5,979,696,5873,1675
Pacific,2020,5,1959,985,11826,2944
New England,2020,6,902,1177,5607,2079
Middle Atlantic,2020,6,1051,855,6458,1906
East North Central,2020,6,3671,2831,17442,6502
West North Central,2020,6,1084,967,5857,2051
South Atlantic,2020,6,1333,925,9032,2258
East South Central,2020,6,374,189,2675,563
West South Central,2020,6,1787,602,8117,2389
Mountain,2020,6,1038,496,5642,1534
Pacific,2020,6,1720,745,11038,2465
New England,2020,7,821,912,4955,1733
Middle Atlantic,2020,7,1113,638,6383,1751
East North Central,2020,7,4004,2412,16925,6416
West North Central,2020,7,1368,829,6193,2197
South Atlantic,2020,7,1139,677,8206,1816
East South Central,2020,7,305,134,2522,439
West South Central,2020,7,1715,509,7626,2224
Mountain,2020,7,1061,420,5599,1481
Pacific,2020,7,1846,649,10848,2495
New England,2020,8,785,588,4465,1373
Middle Atlantic,2020,8,941,471,5775,1412
East North Central,2020,8,4258,2111,17248,6369
West North Central,2020,8,1361,701,5808,2062
South Atlantic,2020,8,914,461,7384,1375
East South Central,2020,8,234,123,2258,357
West South Central,2020,8,1694,430,7747,2124
Mountain,2020,8,952,334,4942,1286
Pacific,2020,8,1575,536,9585,2111
New England,2020,9,664,429,4096,1093
Middle Atlantic,2020,9,974,390,5951,1364
East North Central,2020,9,3829,1549,15978,5378
West North Central,2020,9,1294,582,5831,1876
South Atlantic,2020,9,853,312,6884,1165
East South Central,2020,9,202,98,2021,300
West South Central,2020,9,1261,269,6315,1530
Mountain,2020,9,911,253,4888,1164
Pacific,2020,9,1725,481,10463,2206
New England,2020,10,539,252,3693,791
Middle Atlantic,2020,10,817,235,5931,1052
East North Central,2020,10,3687,1226,16004,4913
West North Central,2020,10,985,367,4568,1352
South Atlantic,2020,10,934,310,7623,1244
East South Central,2020,10,238,85,2361,323
West South Central,2020,10,1148,292,6707,1440
Mountain,2020,10,949,180,5329,1129
Pacific,2020,10,1753,431,11933,2184
New England,2020,11,475,214,3792,689
Middle Atlantic,2020,11,652,183,6268,835
East North Central,2020,11,3161,949,18475,4110
West North Central,2020,11,886,351,6105,1237
South Atlantic,2020,11,856,279,9594,1135
East South Central,2020,11,228,97,2816,325
West South Central,2020,11,785,234,7122,1019
Mountain,2020,11,881,151,6730,1032
Pacific,2020,11,1153,232,13514,1385
New England,2020,12,201,100,3644,301
Middle Atlantic,2020,12,337,105,6305,442
East North Central,2020,12,1464,505,19352,1969
West North Central,2020,12,373,169,6140,542
South Atlantic,2020,12,506,135,10956,641
East South Central,2020,12,73,73,2845,146
West South Central,2020,12,247,89,5362,336
Mountain,2020,12,555,95,9323,650
Pacific,2020,12,375,81,9163,456
New England,2020,13,32,18,2284,50
Middle Atlantic,2020,13,56,15,4016,71
East North Central,2020,13,227,98,11177,325
West North Central,2020,13,63,17,2456,80
South Atlantic,2020,13,105,42,6895,147
East South Central,2020,13,23,23,2518,46
West South Central,2020,13,42,24,3108,66
Mountain,2020,13,110,20,6476,130
Pacific,2020,13,101,23,5824,124
New England,2020,14,13,11,2384,24
Middle Atlantic,2020,14,16,10,2335,26
East North Central,2020,14,44,40,8103,84
West North Central,2020,14,18,11,2532,29
South Atlantic,2020,14,34,16,4492,50
East South Central,2020,14,2,3,1459,5
West South Central,2020,14,8,13,1864,21
Mountain,2020,14,13,3,3382,16
Pacific,2020,14,48,15,4287,63
New England,2020,15,1,5,1570,6
Middle Atlantic,2020,15,0,1,1393,1
East North Central,2020,15,15,8,4299,23
West North Central,2020,15,4,1,1727,5
South Atlantic,2020,15,13,9,2860,22
East South Central,2020,15,4,2,1117,6
West South Central,2020,15,8,10,1420,18
Mountain,2020,15,1,2,2199,3
Pacific,2020,15,29,8,2987,37
New England,2020,16,7,12,1456,19
Middle Atlantic,2020,16,1,0,811,1
East North Central,2020,16,3,4,2986,7
West North Central,2020,16,6,2,1200,8
South Atlantic,2020,16,12,0,2003,12
East South Central,2020,16,0,1,787,1
West South Central,2020,16,1,4,1100,5
Mountain,2020,16,2,1,1903,3
Pacific,2020,16,26,8,2197,34
New England,2020,17,1,1,1237,2
Middle Atlantic,2020,17,1,0,587,1
East North Central,2020,17,4,4,2731,8
West North Central,2020,17,0,0,1047,0
South Atlantic,2020,17,4,0,1753,4
East South Central,2020,17,1,1,739,2
West South Central,2020,17,3,1,1002,4
Mountain,2020,17,4,1,1750,5
Pacific,2020,17,2,0,1976,2
New England,2020,18,2,2,841,4
Middle Atlantic,2020,18,0,0,560,0
East North Central,2020,18,5,3,2013,8
West North Central,2020,18,3,1,754,4
South Atlantic,2020,18,5,0,1485,5
East South Central,2020,18,0,0,630,0
West South Central,2020,18,2,0,1131,2
Mountain,2020,18,2,1,1527,3
Pacific,2020,18,0,1,1327,1
New England,2020,19,0,1,718,1
Middle Atlantic,2020,19,1,0,457,1
East North Central,2020,19,2,2,1790,4
West North Central,2020,19,1,2,713,3
South Atlantic,2020,19,6,5,1389,11
East South Central,2020,19,1,1,588,2
West South Central,2020,19,3,4,822,7
Mountain,2020,19,0,0,1216,0
Pacific,2020,19,0,0,1198,0
New England,2020,20,0,2,598,2
Middle Atlantic,2020,20,2,1,504,3
East North Central,2020,20,2,2,1635,4
West North Central,2020,20,0,0,402,0
South Atlantic,2020,20,7,2,1235,9
East South Central,2020,20,0,0,515,0
West South Central,2020,20,1,3,871,4
Mountain,2020,20,1,0,905,1
Pacific,2020,20,1,0,1179,1
New England,2020,21,1,1,548,2
Middle Atlantic,2020,21,0,0,435,0
East North Central,2020,21,2,0,1376,2
West North Central,2020,21,1,1,605,2
South Atlantic,2020,21,3,2,1319,5
East South Central,2020,21,0,1,453,1
West South Central,2020,21,1,3,825,4
Mountain,2020,21,0,0,1029,0
Pacific,2020,21,0,0,933,0
New England,2020,22,0,1,398,1
Middle Atlantic,2020,22,0,0,408,0
East North Central,2020,22,0,2,1169,2
West North Central,2020,22,0,0,302,0
South Atlantic,2020,22,5,0,1070,5
East South Central,2020,22,0,0,412,0
West South Central,2020,22,1,0,776,1
Mountain,2020,22,1,0,854,1
Pacific,2020,22,0,0,665,0
New England,2020,23,0,0,507,0
Middle Atlantic,2020,23,0,0,432,0
East North Central,2020,23,1,0,1122,1
West North Central,2020,23,1,0,553,1
South Atlantic,2020,23,1,2,1062,3
East South Central,2020,23,0,3,400,3
West South Central,2020,23,0,1,748,1
Mountain,2020,23,6,6,655,12
Pacific,2020,23,0,0,702,0
New England,2020,24,0,0,359,0
Middle Atlantic,2020,24,0,1,483,1
East North Central,2020,24,1,1,913,2
West North Central,2020,24,0,0,487,0
South Atlantic,2020,24,5,2,977,7
East South Central,2020,24,0,0,356,0
West South Central,2020,24,2,4,786,6
Mountain,2020,24,0,0,682,0
Pacific,2020,24,0,0,675,0
New England,2020,25,0,0,279,0
Middle Atlantic,2020,25,0,0,409,0
East North Central,2020,25,6,3,853,9
West North Central,2020,25,0,0,264,0
South Atlantic,2020,25,2,1,1103,3
East South Central,2020,25,0,0,332,0
West South Central,2020,25,4,4,830,8
Mountain,2020,25,0,0,676,0
Pacific,2020,25,0,0,501,0
New England,2020,26,0,0,293,0
Middle Atlantic,2020,26,0,0,430,0
East North Central,2020,26,1,2,1023,3
West North Central,2020,26,0,1,492,1
South Atlantic,2020,26,2,0,1172,2
East South Central,2020,26,0,0,338,0
West South Central,2020,26,6,4,847,10
Mountain,2020,26,0,0,617,0
Pacific,2020,26,0,0,455,0
New England,2020,27,0,0,237,0
Middle Atlantic,2020,27,1,0,410,1
East North Central,2020,27,1,1,928,2
West North Central,2020,27,0,0,479,0
South Atlantic,2020,27,3,1,1375,4
East South Central,2020,27,0,0,413,0
West South Central,2020,27,1,3,906,4
Mountain,2020,27,0,0,611,0
Pacific,2020,27,2,0,899,2
New England,2020,28,0,0,259,0
Middle Atlantic,2020,28,0,0,490,0
East North Central,2020,28,2,1,1088,3
West North Central,2020,28,0,0,354,0
South Atlantic,2020,28,0,1,1383,1
East South Central,2020,28,0,1,405,1
West South Central,2020,28,1,2,840,3
Mountain,2020,28,0,0,513,0
Pacific,2020,28,3,0,990,3
New England,2020,29,0,0,244,0
Middle Atlantic,2020,29,0,0,481,0
East North Central,2020,29,2,0,1016,2
West North Central,2020,29,0,2,556,2
South Atlantic,2020,29,4,4,1070,8
East South Central,2020,29,0,0,396,0
West South Central,2020,29,4,5,727,9
Mountain,2020,29,1,1,794,2
Pacific,2020,29,0,0,892,0
New England,2020,30,0,0,241,0
Middle Atlantic,2020,30,1,1,547,2
East North Central,2020,30,3,0,881,3
West North Central,2020,30,0,0,620,0
South Atlantic,2020,30,1,0,1028,1
East South Central,2020,30,0,0,405,0
West South Central,2020,30,0,3,491,3
Mountain,2020,30,0,0,955,0
Pacific,2020,30,0,0,874,0
New England,2020,31,0,0,222,0
Middle Atlantic,2020,31,0,0,507,0
East North Central,2020,31,0,0,972,0
West North Central,2020,31,0,1,530,1
South Atlantic,2020,31,0,1,1077,1
East South Central,2020,31,0,0,298,0
West South Central,2020,31,0,3,676,3
Mountain,2020,31,1,0,965,1
Pacific,2020,31,2,0,858,2
New England,2020,32,0,0,242,0
Middle Atlantic,2020,32,0,0,476,0
East North Central,2020,32,1,0,1032,1
West North Central,2020,32,1,0,587,1
South Atlantic,2020,32,2,0,1107,2
East South Central,2020,32,0,0,366,0
West South Central,2020,32,0,3,664,3
Mountain,2020,32,0,0,983,0
Pacific,2020,32,3,1,873,4
New England,2020,33,0,0,267,0
Middle Atlantic,2020,33,0,0,554,0
East North Central,2020,33,1,1,963,2
West North Central,2020,33,0,0,583,0
South Atlantic,2020,33,2,1,1190,3
East South Central,2020,33,0,0,350,0
West South Central,2020,33,0,2,504,2
Mountain,2020,33,0,0,811,0
Pacific,2020,33,1,0,898,1
New England,2020,34,0,0,289,0
Middle Atlantic,2020,34,0,0,700,0
East North Central,2020,34,4,1,987,5
West North Central,2020,34,0,0,639,0
South Atlantic,2020,34,1,3,1077,4
East South Central,2020,34,0,1,346,1
West South Central,2020,34,0,2,583,2
Mountain,2020,34,0,0,744,0
Pacific,2020,34,1,1,873,2
New England,2020,35,0,0,291,0
Middle Atlantic,2020,35,0,0,682,0
East North Central,2020,35,2,0,998,2
West North Central,2020,35,0,0,671,0
South Atlantic,2020,35,3,11,1143,14
East South Central,2020,35,1,1,404,2
West South Central,2020,35,1,1,667,2
Mountain,2020,35,0,0,702,0
Pacific,2020,35,0,0,885,0
New England,2020,36,0,0,324,0
Middle Atlantic,2020,36,0,0,709,0
East North Central,2020,36,3,0,1077,3
West North Central,2020,36,0,0,716,0
South Atlantic,2020,36,1,1,1153,2
East South Central,2020,36,0,0,307,0
West South Central,2020,36,2,4,726,6
Mountain,2020,36,0,1,794,1
Pacific,2020,36,1,0,737,1
New England,2020,37,0,1,408,1
Middle Atlantic,2020,37,0,0,782,0
East North Central,2020,37,0,0,1090,0
West North Central,2020,37,0,0,688,0
South Atlantic,2020,37,4,2,1275,6
East South Central,2020,37,0,0,287,0
West South Central,2020,37,1,3,813,4
Mountain,2020,37,0,0,951,0
Pacific,2020,37,2,0,765,2
New England,2020,38,0,0,394,0
Middle Atlantic,2020,38,2,2,878,4
East North Central,2020,38,2,2,1280,4
West North Central,2020,38,1,0,775,1
South Atlantic,2020,38,1,7,1467,8
East South Central,2020,38,0,1,309,1
West South Central,2020,38,7,5,921,12
Mountain,2020,38,0,1,1151,1
Pacific,2020,38,1,0,908,1
New England,2020,39,0,0,558,0
Middle Atlantic,2020,39,0,0,912,0
East North Central,2020,39,0,0,1423,0
West North Central,2020,39,0,0,977,0
South Atlantic,2020,39,3,2,1524,5
East South Central,2020,39,0,0,356,0
West South Central,2020,39,8,7,1058,15
Mountain,2020,39,0,0,1272,0
Pacific,2020,39,0,0,939,0
New England,2020,40,0,0,653,0
Middle Atlantic,2020,40,0,0,1293,0
East North Central,2020,40,2,2,2229,4
West North Central,2020,40,0,0,1130,0
South Atlantic,2020,40,9,9,2300,18
East South Central,2020,40,0,0,354,0
West South Central,2020,40,7,10,1378,17
Mountain,2020,40,0,0,1499,0
Pacific,2020,40,1,0,1364,1
New England,2020,41,0,1,788,1
Middle Atlantic,2020,41,0,0,1673,0
East North Central,2020,41,8,3,2917,11
West North Central,2020,41,1,1,1227,2
South Atlantic,2020,41,8,9,2612,17
East South Central,2020,41,0,0,456,0
West South Central,2020,41,11,10,1615,21
Mountain,2020,41,0,0,1818,0
Pacific,2020,41,2,4,1818,6
New England,2020,42,0,2,733,2
Middle Atlantic,2020,42,2,3,1971,5
East North Central,2020,42,5,4,2877,9
West North Central,2020,42,1,0,851,1
South Atlantic,2020,42,6,5,2585,11
East South Central,2020,42,4,1,489,5
West South Central,2020,42,3,8,1597,11
Mountain,2020,42,3,2,1844,5
Pacific,2020,42,3,1,2165,4
New England,2020,43,0,0,856,0
Middle Atlantic,2020,43,4,2,1938,6
East North Central,2020,43,6,6,3175,12
West North Central,2020,43,0,0,1360,0
South Atlantic,2020,43,2,5,2749,7
East South Central,2020,43,0,0,594,0
West South Central,2020,43,4,7,1483,11
Mountain,2020,43,1,0,2172,1
Pacific,2020,43,4,1,2284,5
New England,2020,44,0,0,987,0
Middle Atlantic,2020,44,0,0,4053,0
East North Central,2020,44,3,0,3407,3
West North Central,2020,44,1,0,1521,1
South Atlantic,2020,44,7,3,2863,10
East South Central,2020,44,0,0,581,0
West South Central,2020,44,5,8,1675,13
Mountain,2020,44,0,3,2902,3
Pacific,2020,44,6,5,2563,11
New England,2020,45,0,0,1123,0
Middle Atlantic,2020,45,4,0,2970,4
East North Central,2020,45,11,2,9126,13
West North Central,2020,45,0,0,1180,0
South Atlantic,2020,45,9,10,2868,19
East South Central,2020,45,2,0,658,2
West South Central,2020,45,4,10,2024,14
Mountain,2020,45,0,0,3978,0
Pacific,2020,45,1,3,3260,4
New England,2020,46,1,1,1276,2
Middle Atlantic,2020,46,3,0,3839,3
East North Central,2020,46,6,6,9649,12
West North Central,2020,46,0,1,1521,1
South Atlantic,2020,46,4,12,3082,16
East South Central,2020,46,0,0,822,0
West South Central,2020,46,9,16,2857,25
Mountain,2020,46,2,2,4028,4
Pacific,2020,46,7,6,7833,13
New England,2020,47,1,1,1414,2
Middle Atlantic,2020,47,1,1,4688,2
East North Central,2020,47,13,5,10016,18
West North Central,2020,47,0,0,1570,0
South Atlantic,2020,47,6,15,3033,21
East South Central,2020,47,2,4,789,6
West South Central,2020,47,5,24,3291,29
Mountain,2020,47,2,3,3615,5
Pacific,2020,47,4,1,10330,5
New England,2020,48,0,0,1769,0
Middle Atlantic,2020,48,0,1,4099,1
East North Central,2020,48,4,5,8840,9
West North Central,2020,48,0,0,1486,0
South Atlantic,2020,48,9,11,3428,20
East South Central,2020,48,0,0,650,0
West South Central,2020,48,4,18,2959,22
Mountain,2020,48,0,1,2872,1
Pacific,2020,48,2,0,9173,2
New England,2020,49,2,1,1940,3
Middle Atlantic,2020,49,2,0,5639,2
East North Central,2020,49,5,0,9144,5
West North Central,2020,49,0,3,2357,3
South Atlantic,2020,49,9,16,3901,25
East South Central,2020,49,1,1,875,2
West South Central,2020,49,7,31,2676,38
Mountain,2020,49,1,5,4699,6
Pacific,2020,49,4,8,11295,12
New England,2020,50,0,0,1585,0
Middle Atlantic,2020,50,3,2,5154,5
East North Central,2020,50,7,4,9130,11
West North Central,2020,50,1,1,3084,2
South Atlantic,2020,50,5,9,4093,14
East South Central,2020,50,3,5,1256,8
West South Central,2020,50,5,42,2843,47
Mountain,2020,50,0,1,2765,1
Pacific,2020,50,2,12,11868,14
New England,2020,51,1,2,1677,3
Middle Atlantic,2020,51,2,0,5011,2
East North Central,2020,51,1,2,8152,3
West North Central,2020,51,1,3,2920,4
South Atlantic,2020,51,13,14,4077,27
East South Central,2020,51,0,3,1187,3
West South Central,2020,51,12,55,2860,67
Mountain,2020,51,1,0,2523,1
Pacific,2020,51,5,2,12510,7
New England,2020,52,0,0,1884,0
Middle Atlantic,2020,52,2,1,5025,3
East North Central,2020,52,5,9,7037,14
West North Central,2020,52,2,1,2500,3
South Atlantic,2020,52,7,14,3841,21
East South Central,2020,52,1,1,1045,2
West South Central,2020,52,11,36,2627,47
Mountain,2020,52,0,1,2217,1
Pacific,2020,52,6,4,10134,10
New England,2020,53,0,1,1691,1
Middle Atlantic,2020,53,1,1,5320,2
East North Central,2020,53,2,1,7319,3
West North Central,2020,53,0,0,2679,0
South Atlantic,2020,53,10,7,4507,17
East South Central,2020,53,2,3,1242,5
West South Central,2020,53,7,56,2992,63
Mountain,2020,53,1,1,4567,2
Pacific,2020,53,11,3,10154,14
New England,2021,1,0,0,1730,0
Middle Atlantic,2021,1,1,1,5954,2
East North Central,2021,1,1,3,8282,4
West North Central,2021,1,0,1,2916,1
South Atlantic,2021,1,7,4,4280,11
East South Central,2021,1,2,3,1320,5
West South Central,2021,1,11,75,3367,86
Mountain,2021,1,0,2,4926,2
Pacific,2021,1,6,6,12196,12
New England,2021,2,0,0,1749,0
Middle Atlantic,2021,2,2,0,5538,2
East North Central,2021,2,0,2,7410,2
West North Central,2021,2,0,0,2760,0
South Atlantic,2021,2,7,6,4041,13
East South Central,2021,2,4,4,1322,8
West South Central,2021,2,6,33,2869,39
Mountain,2021,2,3,1,4399,4
Pacific,2021,2,2,2,11719,4
New England,2021,3,0,1,1652,1
Middle Atlantic,2021,3,2,1,5210,3
East North Central,2021,3,2,3,7007,5
West North Central,2021,3,1,0,2577,1
South Atlantic,2021,3,6,7,4053,13
East South Central,2021,3,1,7,1281,8
West South Central,2021,3,8,42,2990,50
Mountain,2021,3,0,0,4037,0
Pacific,2021,3,1,1,10195,2
New England,2021,4,0,0,1654,0
Middle Atlantic,2021,4,2,0,3951,2
East North Central,2021,4,0,3,6755,3
West North Central,2021,4,0,1,2533,1
South Atlantic,2021,4,6,13,3774,19
East South Central,2021,4,1,2,1141,3
West South Central,2021,4,2,28,3073,30
Mountain,2021,4,0,0,3864,0
Pacific,2021,4,1,3,9710,4
New England,2021,5,0,0,1445,0
Middle Atlantic,2021,5,1,0,4899,1
East North Central,2021,5,2,4,6159,6
West North Central,2021,5,1,2,2825,3
South Atlantic,2021,5,8,3,3947,11
East South Central,2021,5,1,0,1040,1
West South Central,2021,5,4,41,3055,45
Mountain,2021,5,1,0,3787,1
Pacific,2021,5,3,3,9402,6
New England,2021,6,0,2,1432,2
Middle Atlantic,2021,6,0,0,4587,0
East North Central,2021,6,2,4,6228,6
West North Central,2021,6,0,1,2684,1
South Atlantic,2021,6,2,5,3712,7
East South Central,2021,6,1,3,1106,4
West South Central,2021,6,3,18,2730,21
Mountain,2021,6,1,0,3763,1
Pacific,2021,6,2,2,7847,4
New England,2021,7,1,0,1340,1
Middle Atlantic,2021,7,3,1,4429,4
East North Central,2021,7,1,2,5592,3
West North Central,2021,7,0,0,2760,0
South Atlantic,2021,7,4,2,3438,6
East South Central,2021,7,0,1,917,1
West South Central,2021,7,8,6,1898,14
Mountain,2021,7,1,0,3694,1
Pacific,2021,7,1,10,8356,11
New England,2021,8,0,0,1416,0
Middle Atlantic,2021,8,4,2,4844,6
East North Central,2021,8,3,3,5732,6
West North Central,2021,8,0,3,2963,3
South Atlantic,2021,8,6,5,3415,11
East South Central,2021,8,0,0,1062,0
West South Central,2021,8,1,6,2603,7
Mountain,2021,8,2,2,3860,4
Pacific,2021,8,1,4,8433,5
New England,2021,9,0,1,1356,1
Middle Atlantic,2021,9,0,0,4853,0
East North Central,2021,9,3,4,5587,7
West North Central,2021,9,1,0,3094,1
South Atlantic,2021,9,5,6,3461,11
East South Central,2021,9,2,0,926,2
West South Central,2021,9,1,1,2536,2
Mountain,2021,9,1,1,3586,2
Pacific,2021,9,1,4,8785,5
New England,2021,10,0,3,1623,3
Middle Atlantic,2021,10,2,2,4722,4
East North Central,2021,10,0,2,5455,2
West North Central,2021,10,1,1,2985,2
South Atlantic,2021,10,4,3,3331,7
East South Central,2021,10,3,0,930,3
West South Central,2021,10,1,7,2562,8
Mountain,2021,10,3,2,3855,5
Pacific,2021,10,1,1,8728,2
New England,2021,11,2,2,1421,4
Middle Atlantic,2021,11,1,1,4583,2
East North Central,2021,11,2,3,5503,5
West North Central,2021,11,1,2,3018,3
South Atlantic,2021,11,6,3,3746,9
East South Central,2021,11,2,0,933,2
West South Central,2021,11,7,5,2644,12
Mountain,2021,11,1,1,3987,2
Pacific,2021,11,4,2,8845,6
New England,2021,12,0,0,1591,0
Middle Atlantic,2021,12,0,1,4364,1
East North Central,2021,12,3,4,5705,7
West North Central,2021,12,1,1,3029,2
South Atlantic,2021,12,3,4,4057,7
East South Central,2021,12,1,4,909,5
West South Central,2021,12,3,3,2875,6
Mountain,2021,12,0,0,4347,0
Pacific,2021,12,2,0,8886,2
New England,2021,13,0,2,1555,2
Middle Atlantic,2021,13,2,0,4879,2
East North Central,2021,13,1,1,5317,2
West North Central,2021,13,0,0,1461,0
South Atlantic,2021,13,6,3,4225,9
East South Central,2021,13,2,0,868,2
West South Central,2021,13,1,2,2802,3
Mountain,2021,13,0,1,4004,1
Pacific,2021,13,1,0,6789,1
New England,2021,14,0,0,1597,0
Middle Atlantic,2021,14,0,0,4999,0
East North Central,2021,14,0,0,5382,0
West North Central,2021,14,0,1,2806,1
South Atlantic,2021,14,5,6,3836,11
East South Central,2021,14,2,1,871,3
West South Central,2021,14,0,4,2887,4
Mountain,2021,14,0,1,4249,1
Pacific,2021,14,3,1,4893,4
New England,2021,15,0,1,1334,1
Middle Atlantic,2021,15,0,2,5325,2
East North Central,2021,15,3,2,4741,5
West North Central,2021,15,0,2,1910,2
South Atlantic,2021,15,3,3,3912,6
East South Central,2021,15,1,1,993,2
West South Central,2021,15,1,1,2759,2
Mountain,2021,15,0,0,4256,0
Pacific,2021,15,0,1,5008,1
New England,2021,16,0,0,1230,0
Middle Atlantic,2021,16,1,0,5028,1
East North Central,2021,16,4,4,3957,8
West North Central,2021,16,1,0,3305,1
South Atlantic,2021,16,4,5,3669,9
East South Central,2021,16,1,0,977,1
West South Central,2021,16,0,5,2818,5
Mountain,2021,16,0,0,4684,0
Pacific,2021,16,1,2,4900,3
New England,2021,17,0,1,1271,1
Middle Atlantic,2021,17,0,0,5036,0
East North Central,2021,17,5,2,4103,7
West North Central,2021,17,0,0,3397,0
South Atlantic,2021,17,4,4,3572,8
East South Central,2021,17,1,0,931,1
West South Central,2021,17,4,2,2880,6
Mountain,2021,17,0,0,4754,0
Pacific,2021,17,2,1,5303,3
New England,2021,18,2,3,1168,5
Middle Atlantic,2021,18,0,1,4965,1
East North Central,2021,18,0,1,3735,1
West North Central,2021,18,0,0,3417,0
South Atlantic,2021,18,5,8,3343,13
East South Central,2021,18,0,0,996,0
West South Central,2021,18,3,1,2987,4
Mountain,2021,18,0,0,4325,0
Pacific,2021,18,0,1,5240,1
New England,2021,19,2,0,1075,2
Middle Atlantic,2021,19,1,0,4322,1
East North Central,2021,19,2,1,3582,3
West North Central,2021,19,0,0,3828,0
South Atlantic,2021,19,8,9,3419,17
East South Central,2021,19,2,0,977,2
West South Central,2021,19,2,1,2766,3
Mountain,2021,19,0,1,4286,1
Pacific,2021,19,0,1,4780,1
New England,2021,20,0,0,916,0
Middle Atlantic,2021,20,3,0,4604,3
East North Central,2021,20,3,7,3266,10
West North Central,2021,20,0,0,4018,0
South Atlantic,2021,20,11,5,3234,16
East South Central,2021,20,1,2,941,3
West South Central,2021,20,1,3,3083,4
Mountain,2021,20,2,1,3871,3
Pacific,2021,20,2,2,4483,4
New England,2021,21,0,0,805,0
Middle Atlantic,2021,21,0,0,4141,0
East North Central,2021,21,0,13,3036,13
West North Central,2021,21,0,0,3618,0
South Atlantic,2021,21,6,4,2667,10
East South Central,2021,21,0,1,906,1
West South Central,2021,21,6,3,3025,9
Mountain,2021,21,0,1,1881,1
Pacific,2021,21,2,1,4495,3
New England,2021,22,0,0,791,0
Middle Atlantic,2021,22,1,0,3686,1
East North Central,2021,22,1,8,2820,9
West North Central,2021,22,0,0,3734,0
South Atlantic,2021,22,3,2,2478,5
East South Central,2021,22,1,1,944,2
West South Central,2021,22,1,3,3051,4
Mountain,2021,22,0,1,1822,1
Pacific,2021,22,0,0,4560,0
New England,2021,23,0,0,770,0
Middle Atlantic,2021,23,1,1,3553,2
East North Central,2021,23,2,9,2745,11
West North Central,2021,23,0,1,4066,1
South Atlantic,2021,23,2,3,2421,5
East South Central,2021,23,0,0,867,0
West South Central,2021,23,3,2,3183,5
Mountain,2021,23,0,2,3344,2
Pacific,2021,23,0,0,4309,0
New England,2021,24,0,0,817,0
Middle Atlantic,2021,24,10,2,3550,12
East North Central,2021,24,2,8,2805,10
West North Central,2021,24,1,0,3360,1
South Atlantic,2021,24,1,1,2472,2
East South Central,2021,24,1,0,940,1
West South Central,2021,24,2,1,3240,3
Mountain,2021,24,0,0,2839,0
Pacific,2021,24,0,0,4417,0
New England,2021,25,0,0,879,0
Middle Atlantic,2021,25,1,1,3646,2
East North Central,2021,25,2,10,2685,12
West North Central,2021,25,1,1,3236,2
South Atlantic,2021,25,2,2,2161,4
East South Central,2021,25,1,0,891,1
West South Central,2021,25,2,3,3388,5
Mountain,2021,25,0,0,1095,0
Pacific,2021,25,3,0,4385,3
New England,2021,26,0,0,820,0
Middle Atlantic,2021,26,0,1,3538,1
East North Central,2021,26,0,1,2644,1
West North Central,2021,26,0,0,3198,0
South Atlantic,2021,26,2,5,2021,7
East South Central,2021,26,0,0,706,0
West South Central,2021,26,1,3,3413,4
Mountain,2021,26,0,1,2835,1
Pacific,2021,26,0,2,3581,2
New England,2021,27,0,0,873,0
Middle Atlantic,2021,27,3,0,2715,3
East North Central,2021,27,0,0,2837,0
West North Central,2021,27,0,0,4610,0
South Atlantic,2021,27,0,1,2142,1
East South Central,2021,27,0,0,563,0
West South Central,2021,27,1,5,3795,6
Mountain,2021,27,1,0,3049,1
Pacific,2021,27,0,3,4480,3
New England,2021,28,1,2,988,3
Middle Atlantic,2021,28,1,2,3492,3
East North Central,2021,28,2,1,3081,3
West North Central,2021,28,0,0,3392,0
South Atlantic,2021,28,0,1,2349,1
East South Central,2021,28,1,0,622,1
West South Central,2021,28,3,9,3981,12
Mountain,2021,28,1,1,3400,2
Pacific,2021,28,2,1,4950,3
New England,2021,29,0,1,1147,1
Middle Atlantic,2021,29,1,0,3805,1
East North Central,2021,29,1,1,3155,2
West North Central,2021,29,0,0,3365,0
South Atlantic,2021,29,2,3,2625,5
East South Central,2021,29,0,0,591,0
West South Central,2021,29,1,5,4540,6
Mountain,2021,29,0,3,3749,3
Pacific,2021,29,0,0,4741,0
New England,2021,30,0,0,1283,0
Middle Atlantic,2021,30,0,0,3987,0
East North Central,2021,30,3,0,3577,3
West North Central,2021,30,0,1,2792,1
South Atlantic,2021,30,1,4,2988,5
East South Central,2021,30,0,1,769,1
West South Central,2021,30,6,6,4735,12
Mountain,2021,30,0,0,4517,0
Pacific,2021,30,1,0,5628,1
New England,2021,31,0,0,1352,0
Middle Atlantic,2021,31,0,0,4305,0
East North Central,2021,31,3,0,3808,3
West North Central,2021,31,0,1,3109,1
South Atlantic,2021,31,0,6,2378,6
East South Central,2021,31,1,0,636,1
West South Central,2021,31,8,7,4919,15
Mountain,2021,31,0,1,2198,1
Pacific,2021,31,2,3,6184,5
New England,2021,32,0,0,1471,0
Middle Atlantic,2021,32,0,0,4674,0
East North Central,2021,32,0,1,4585,1
West North Central,2021,32,0,0,3156,0
South Atlantic,2021,32,4,3,3071,7
East South Central,2021,32,0,0,807,0
West South Central,2021,32,3,7,5318,10
Mountain,2021,32,0,0,5819,0
Pacific,2021,32,1,0,6290,1
New England,2021,33,0,0,1530,0
Middle Atlantic,2021,33,2,0,4772,2
East North Central,2021,33,2,2,4617,4
West North Central,2021,33,0,0,3847,0
South Atlantic,2021,33,3,1,3045,4
East South Central,2021,33,2,2,856,4
West South Central,2021,33,5,4,5635,9
Mountain,2021,33,0,0,2747,0
Pacific,2021,33,0,1,6421,1
New England,2021,34,0,0,1428,0
Middle Atlantic,2021,34,0,0,5279,0
East North Central,2021,34,2,2,5655,4
West North Central,2021,34,0,0,3969,0
South Atlantic,2021,34,4,5,4193,9
East South Central,2021,34,0,0,924,0
West South Central,2021,34,4,2,6142,6
Mountain,2021,34,1,1,6935,2
Pacific,2021,34,2,1,5582,3
New England,2021,35,0,0,1558,0
Middle Atlantic,2021,35,1,0,5153,1
East North Central,2021,35,4,2,6052,6
West North Central,2021,35,1,2,4590,3
South Atlantic,2021,35,4,3,4069,7
East South Central,2021,35,0,0,858,0
West South Central,2021,35,5,4,5854,9
Mountain,2021,35,0,1,6745,1
Pacific,2021,35,7,1,6238,8
New England,2021,36,0,0,1420,0
Middle Atlantic,2021,36,1,0,5057,1
East North Central,2021,36,1,2,7078,3
West North Central,2021,36,0,0,5259,0
South Atlantic,2021,36,0,0,3998,0
East South Central,2021,36,0,0,643,0
West South Central,2021,36,5,5,5167,10
Mountain,2021,36,0,0,2041,0
Pacific,2021,36,4,2,6249,6
New England,2021,37,1,1,1556,2
Middle Atlantic,2021,37,1,1,5579,2
East North Central,2021,37,1,0,8345,1
West North Central,2021,37,0,3,5821,3
South Atlantic,2021,37,7,2,4259,9
East South Central,2021,37,0,0,1542,0
West South Central,2021,37,1,1,5019,2
Mountain,2021,37,0,3,5124,3
Pacific,2021,37,0,3,6265,3
New England,2021,38,0,0,1790,0
Middle Atlantic,2021,38,1,0,6040,1
East North Central,2021,38,3,3,5773,6
West North Central,2021,38,2,3,5428,5
South Atlantic,2021,38,2,3,4143,5
East South Central,2021,38,0,1,1647,1
West South Central,2021,38,3,5,4785,8
Mountain,2021,38,0,0,4864,0
Pacific,2021,38,1,2,6164,3
New England,2021,39,1,2,2079,3
Middle Atlantic,2021,39,3,3,6153,6
East North Central,2021,39,3,2,8853,5
West North Central,2021,39,7,1,5769,8
South Atlantic,2021,39,4,6,4142,10
East South Central,2021,39,0,0,1609,0
West South Central,2021,39,3,6,4715,9
Mountain,2021,39,4,1,4871,5
Pacific,2021,39,4,2,6065,6
New England,2021,40,1,1,2090,2
Middle Atlantic,2021,40,5,3,6214,8
East North Central,2021,40,10,9,9107,19
West North Central,2021,40,4,4,5852,8
South Atlantic,2021,40,9,9,4314,18
East South Central,2021,40,0,0,1427,0
West South Central,2021,40,4,5,8577,9
Mountain,2021,40,2,1,5149,3
Pacific,2021,40,6,5,6958,11
New England,2021,41,0,1,2203,1
Middle Atlantic,2021,41,4,2,5834,6
East North Central,2021,41,6,6,8287,12
West North Central,2021,41,1,2,5318,3
South Atlantic,2021,41,3,10,4461,13
East South Central,2021,41,0,0,1760,0
West South Central,2021,41,2,6,5485,8
Mountain,2021,41,1,1,5119,2
Pacific,2021,41,7,4,7846,11
New England,2021,42,0,1,2175,1
Middle Atlantic,2021,42,4,4,5990,8
East North Central,2021,42,7,12,8315,19
West North Central,2021,42,3,2,5791,5
South Atlantic,2021,42,1,5,4835,6
East South Central,2021,42,0,0,1369,0
West South Central,2021,42,5,12,5616,17
Mountain,2021,42,1,0,6814,1
Pacific,2021,42,5,3,8008,8
New England,2021,43,3,0,1925,3
Middle Atlantic,2021,43,3,2,6084,5
East North Central,2021,43,8,4,8490,12
West North Central,2021,43,2,2,5923,4
South Atlantic,2021,43,50,7,4796,57
East South Central,2021,43,3,2,1510,5
West South Central,2021,43,7,8,5826,15
Mountain,2021,43,2,2,5621,4
Pacific,2021,43,21,6,11739,27
New England,2021,44,8,1,2201,9
Middle Atlantic,2021,44,16,1,6267,17
East North Central,2021,44,19,10,10348,29
West North Central,2021,44,8,3,6616,11
South Atlantic,2021,44,40,10,5409,50
East South Central,2021,44,3,1,1826,4
West South Central,2021,44,4,3,5542,7
Mountain,2021,44,3,1,6816,4
Pacific,2021,44,23,7,12010,30
New England,2021,45,59,3,2409,62
Middle Atlantic,2021,45,48,2,6782,50
East North Central,2021,45,30,4,10906,34
West North Central,2021,45,13,1,8325,14
South Atlantic,2021,45,89,12,5782,101
East South Central,2021,45,0,0,2033,0
West South Central,2021,45,25,2,7040,27
Mountain,2021,45,9,4,7556,13
Pacific,2021,45,36,8,12435,44
New England,2021,46,72,1,2788,73
Middle Atlantic,2021,46,71,7,6607,78
East North Central,2021,46,246,6,17546,252
West North Central,2021,46,17,3,10103,20
South Atlantic,2021,46,87,13,5775,100
East South Central,2021,46,13,2,2272,15
West South Central,2021,46,106,6,7624,112
Mountain,2021,46,22,2,7812,24
Pacific,2021,46,53,5,12378,58
New England,2021,47,95,1,2825,96
Middle Atlantic,2021,47,101,0,6320,101
East North Central,2021,47,609,8,18999,617
West North Central,2021,47,55,2,8771,57
South Atlantic,2021,47,148,8,5979,156
East South Central,2021,47,17,0,2257,17
West South Central,2021,47,124,8,6535,132
Mountain,2021,47,48,2,7428,50
Pacific,2021,47,88,10,12774,98
New England,2021,48,273,1,4331,274
Middle Atlantic,2021,48,268,4,8184,272
East North Central,2021,48,652,12,16572,664
West North Central,2021,48,300,2,12637,302
South Atlantic,2021,48,245,14,7369,259
East South Central,2021,48,64,1,3145,65
West South Central,2021,48,239,15,8650,254
Mountain,2021,48,167,3,8836,170
Pacific,2021,48,187,19,15524,206
New England,2021,49,489,5,4714,494
Middle Atlantic,2021,49,408,2,9037,410
East North Central,2021,49,1119,24,27613,1143
West North Central,2021,49,560,1,13158,561
South Atlantic,2021,49,334,5,6988,339
East South Central,2021,49,115,2,2878,117
West South Central,2021,49,504,5,9312,509
Mountain,2021,49,170,2,8349,172
Pacific,2021,49,214,5,15733,219
New England,2021,50,513,3,5391,516
Middle Atlantic,2021,50,633,2,9302,635
East North Central,2021,50,2153,20,32427,2173
West North Central,2021,50,1205,1,14656,1206
South Atlantic,2021,50,542,11,8344,553
East South Central,2021,50,165,1,3007,166
West South Central,2021,50,813,8,10328,821
Mountain,2021,50,391,3,8143,394
Pacific,2021,50,266,12,16598,278
New England,2021,51,442,5,6278,447
Middle Atlantic,2021,51,556,4,11925,560
East North Central,2021,51,2393,12,40214,2405
West North Central,2021,51,1613,0,15613,1613
South Atlantic,2021,51,546,17,9396,563
East South Central,2021,51,114,11,6061,125
West South Central,2021,51,782,11,11071,793
Mountain,2021,51,523,3,8642,526
Pacific,2021,51,271,15,17704,286
New England,2021,52,356,3,7545,359
Middle Atlantic,2021,52,419,6,13478,425
East North Central,2021,52,2040,28,42775,2068
West North Central,2021,52,1481,6,17293,1487
South Atlantic,2021,52,424,38,12860,462
East South Central,2021,52,130,5,11629,135
West South Central,2021,52,521,14,13880,535
Mountain,2021,52,528,1,10653,529
Pacific,2021,52,189,8,16927,197
New England,2022,1,163,1,6552,164
Middle Atlantic,2022,1,196,2,13091,198
East North Central,2022,1,1117,21,38920,1138
West North Central,2022,1,1029,0,21895,1029
South Atlantic,2022,1,151,17,10344,168
East South Central,2022,1,63,4,9670,67
West South Central,2022,1,281,7,13799,288
Mountain,2022,1,439,5,12015,444
Pacific,2022,1,167,11,24586,178
New England,2022,2,70,1,5363,71
Middle Atlantic,2022,2,95,0,10675,95
East North Central,2022,2,699,29,29626,728
West North Central,2022,2,906,1,19644,907
South Atlantic,2022,2,117,10,10437,127
East South Central,2022,2,50,5,9028,55
West South Central,2022,2,279,7,13074,286
Mountain,2022,2,275,6,11179,281
Pacific,2022,2,109,13,20398,122
New England,2022,3,56,0,4095,56
Middle Atlantic,2022,3,45,3,8001,48
East North Central,2022,3,622,10,23044,632
West North Central,2022,3,822,3,19372,825
South Atlantic,2022,3,87,3,8433,90
East South Central,2022,3,52,13,8250,65
West South Central,2022,3,244,16,10236,260
Mountain,2022,3,197,2,9518,199
Pacific,2022,3,65,22,15822,87
New England,2022,4,38,1,3445,39
Middle Atlantic,2022,4,43,0,6889,43
East North Central,2022,4,520,12,17244,532
West North Central,2022,4,563,3,15883,566
South Atlantic,2022,4,105,9,7664,114
East South Central,2022,4,29,0,6832,29
West South Central,2022,4,214,2,8077,216
Mountain,2022,4,147,2,7696,149
Pacific,2022,4,63,17,13394,80
New England,2022,5,41,0,3053,41
Middle Atlantic,2022,5,51,1,6214,52
East North Central,2022,5,534,14,15196,548
West North Central,2022,5,443,4,9699,447
South Atlantic,2022,5,101,8,6769,109
East South Central,2022,5,31,0,4626,31
West South Central,2022,5,235,5,5651,240
Mountain,2022,5,87,1,6421,88
Pacific,2022,5,47,8,11264,55
New England,2022,6,35,0,2955,35
Middle Atlantic,2022,6,65,1,6432,66
East North Central,2022,6,540,17,13501,557
West North Central,2022,6,539,1,8770,540
South Atlantic,2022,6,130,13,6002,143
East South Central,2022,6,27,3,4315,30
West South Central,2022,6,366,3,6050,369
Mountain,2022,6,95,2,7250,97
Pacific,2022,6,58,7,9525,65
New England,2022,7,38,0,2861,38
Middle Atlantic,2022,7,79,2,6266,81
East North Central,2022,7,749,27,12672,776
West North Central,2022,7,652,3,8078,655
South Atlantic,2022,7,192,10,7468,202
East South Central,2022,7,41,1,3939,42
West South Central,2022,7,553,6,6529,559
Mountain,2022,7,147,4,5744,151
Pacific,2022,7,74,12,9396,86
New England,2022,8,38,0,2650,38
Middle Atlantic,2022,8,89,0,6022,89
East North Central,2022,8,830,16,12829,846
West North Central,2022,8,590,0,6943,590
South Atlantic,2022,8,233,4,7453,237
East South Central,2022,8,53,3,4320,56
West South Central,2022,8,715,5,6315,720
Mountain,2022,8,165,0,5467,165
Pacific,2022,8,100,5,9129,105
New England,2022,9,55,0,2833,55
Middle Atlantic,2022,9,107,0,6307,107
East North Central,2022,9,997,30,12198,1027
West North Central,2022,9,588,0,6370,588
South Atlantic,2022,9,233,5,7080,238
East South Central,2022,9,68,0,3681,68
West South Central,2022,9,1142,2,7289,1144
Mountain,2022,9,239,4,5670,243
Pacific,2022,9,183,2,9651,185
New England,2022,10,70,1,3006,71
Middle Atlantic,2022,10,189,1,6777,190
East North Central,2022,10,1164,13,12575,1177
West North Central,2022,10,598,3,5577,601
South Atlantic,2022,10,222,6,7266,228
East South Central,2022,10,67,5,3887,72
West South Central,2022,10,1400,13,7879,1413
Mountain,2022,10,291,2,5526,293
Pacific,2022,10,205,10,9516,215
New England,2022,11,124,1,3391,125
Middle Atlantic,2022,11,313,0,7142,313
East North Central,2022,11,1383,14,12684,1397
West North Central,2022,11,497,1,5829,498
South Atlantic,2022,11,247,8,6822,255
East South Central,2022,11,99,4,3255,103
West South Central,2022,11,1583,10,7783,1593
Mountain,2022,11,404,1,5455,405
Pacific,2022,11,301,13,10220,314
New England,2022,12,165,0,3348,165
Middle Atlantic,2022,12,511,0,7751,511
East North Central,2022,12,1681,8,14679,1689
West North Central,2022,12,420,0,5796,420
South Atlantic,2022,12,278,6,6382,284
East South Central,2022,12,103,3,4073,106
West South Central,2022,12,1449,5,8283,1454
Mountain,2022,12,476,2,5687,478
Pacific,2022,12,400,12,10582,412
New England,2022,13,225,0,3748,225
Middle Atlantic,2022,13,716,1,8523,717
East North Central,2022,13,1517,82,13795,1599
West North Central,2022,13,389,1,5959,390
South Atlantic,2022,13,248,5,6227,253
East South Central,2022,13,135,1,3815,136
West South Central,2022,13,1336,12,7817,1348
Mountain,2022,13,607,2,5812,609
Pacific,2022,13,391,11,10706,402
New England,2022,14,424,0,4464,424
Middle Atlantic,2022,14,1077,0,9578,1077
East North Central,2022,14,1989,7,16204,1996
West North Central,2022,14,416,1,5828,417
South Atlantic,2022,14,313,3,6455,316
East South Central,2022,14,180,1,3114,181
West South Central,2022,14,1149,13,7839,1162
Mountain,2022,14,677,3,5882,680
Pacific,2022,14,435,6,11133,441
New England,2022,15,501,1,4782,502
Middle Atlantic,2022,15,1057,0,9344,1057
East North Central,2022,15,1922,7,14967,1929
West North Central,2022,15,380,0,5749,380
South Atlantic,2022,15,360,1,6794,361
East South Central,2022,15,136,1,2878,137
West South Central,2022,15,1057,5,7447,1062
Mountain,2022,15,882,2,6248,884
Pacific,2022,15,549,9,11280,558
New England,2022,16,461,0,4928,461
Middle Atlantic,2022,16,782,0,9551,782
East North Central,2022,16,1757,23,16893,1780
West North Central,2022,16,322,0,5157,322
South Atlantic,2022,16,375,5,6959,380
East South Central,2022,16,157,4,3004,161
West South Central,2022,16,643,5,6164,648
Mountain,2022,16,1025,3,6885,1028
Pacific,2022,16,781,12,12374,793
New England,2022,17,407,1,5198,408
Middle Atlantic,2022,17,701,0,9361,701
East North Central,2022,17,1812,16,18972,1828
West North Central,2022,17,366,0,6230,366
South Atlantic,2022,17,388,8,7228,396
East South Central,2022,17,202,5,3005,207
West South Central,2022,17,487,7,6196,494
Mountain,2022,17,996,0,7268,996
Pacific,2022,17,876,6,13513,882
New England,2022,18,590,2,5579,592
Middle Atlantic,2022,18,794,0,9614,794
East North Central,2022,18,1953,21,20028,1974
West North Central,2022,18,262,0,5949,262
South Atlantic,2022,18,463,6,7372,469
East South Central,2022,18,180,2,3198,182
West South Central,2022,18,363,11,6015,374
Mountain,2022,18,1052,2,7367,1054
Pacific,2022,18,1045,7,14770,1052
New England,2022,19,741,3,6142,744
Middle Atlantic,2022,19,598,0,9602,598
East North Central,2022,19,1552,36,21018,1588
West North Central,2022,19,223,1,6448,224
South Atlantic,2022,19,607,2,8988,609
East South Central,2022,19,105,1,3201,106
West South Central,2022,19,301,2,5726,303
Mountain,2022,19,772,5,7202,777
Pacific,2022,19,1187,13,16227,1200
New England,2022,20,449,2,5629,451
Middle Atlantic,2022,20,514,0,9233,514
East North Central,2022,20,950,5,19695,955
West North Central,2022,20,112,0,5867,112
South Atlantic,2022,20,547,2,8313,549
East South Central,2022,20,50,1,3403,51
West South Central,2022,20,240,6,6481,246
Mountain,2022,20,675,2,8314,677
Pacific,2022,20,1522,9,17773,1531
New England,2022,21,268,0,5195,268
Middle Atlantic,2022,21,343,6,8765,349
East North Central,2022,21,565,6,17513,571
West North Central,2022,21,107,1,5683,108
South Atlantic,2022,21,885,1,9440,886
East South Central,2022,21,88,3,3224,91
West South Central,2022,21,189,9,6390,198
Mountain,2022,21,544,6,7114,550
Pacific,2022,21,1767,7,19518,1774
New England,2022,22,163,1,4791,164
Middle Atlantic,2022,22,213,0,7927,213
East North Central,2022,22,313,10,15457,323
West North Central,2022,22,92,0,5639,92
South Atlantic,2022,22,856,7,9172,863
East South Central,2022,22,42,4,3059,46
West South Central,2022,22,154,8,6308,162
Mountain,2022,22,319,2,7385,321
Pacific,2022,22,1633,14,18420,1647
New England,2022,23,81,3,4850,84
Middle Atlantic,2022,23,101,1,7990,102
East North Central,2022,23,184,10,14276,194
West North Central,2022,23,49,1,5492,50
South Atlantic,2022,23,515,4,8612,519
East South Central,2022,23,38,2,3185,40
West South Central,2022,23,95,6,6473,101
Mountain,2022,23,188,1,7298,189
Pacific,2022,23,1200,6,16867,1206
New England,2022,24,64,0,4433,64
Middle Atlantic,2022,24,72,2,7347,74
East North Central,2022,24,124,16,12745,140
West North Central,2022,24,35,0,5170,35
South Atlantic,2022,24,311,5,8284,316
East South Central,2022,24,27,7,3087,34
West South Central,2022,24,82,5,6360,87
Mountain,2022,24,97,0,7125,97
Pacific,2022,24,788,7,14925,795
New England,2022,25,40,1,3903,41
Middle Atlantic,2022,25,47,0,7152,47
East North Central,2022,25,82,12,11911,94
West North Central,2022,25,29,1,5124,30
South Atlantic,2022,25,155,3,7354,158
East South Central,2022,25,15,3,2936,18
West South Central,2022,25,59,9,6697,68
Mountain,2022,25,47,2,6884,49
Pacific,2022,25,610,9,14549,619
New England,2022,26,15,3,4010,18
Middle Atlantic,2022,26,36,0,7042,36
East North Central,2022,26,49,10,11140,59
West North Central,2022,26,16,1,4885,17
South Atlantic,2022,26,132,5,7839,137
East South Central,2022,26,10,12,3043,22
West South Central,2022,26,52,4,6395,56
Mountain,2022,26,23,1,6612,24
Pacific,2022,26,447,1,13463,448
New England,2022,27,8,0,3715,8
Middle Atlantic,2022,27,16,0,7179,16
East North Central,2022,27,22,1,10070,23
West North Central,2022,27,11,0,4846,11
South Atlantic,2022,27,96,5,7232,101
East South Central,2022,27,12,5,3045,17
West South Central,2022,27,44,13,6433,57
Mountain,2022,27,8,2,6771,10
Pacific,2022,27,376,4,14705,380
New England,2022,28,11,2,3580,13
Middle Atlantic,2022,28,15,2,6941,17
East North Central,2022,28,28,14,9295,42
West North Central,2022,28,15,2,5381,17
South Atlantic,2022,28,68,8,7362,76
East South Central,2022,28,7,11,3112,18
West South Central,2022,28,35,8,6152,43
Mountain,2022,28,13,1,6679,14
Pacific,2022,28,246,2,13056,248
New England,2022,29,5,1,3423,6
Middle Atlantic,2022,29,11,0,7055,11
East North Central,2022,29,22,3,9199,25
West North Central,2022,29,9,2,5543,11
South Atlantic,2022,29,62,4,8712,66
East South Central,2022,29,6,7,3293,13
West South Central,2022,29,35,13,6123,48
Mountain,2022,29,6,0,6749,6
Pacific,2022,29,192,8,12154,200
New England,2022,30,9,1,3424,10
Middle Atlantic,2022,30,10,0,7038,10
East North Central,2022,30,24,3,9332,27
West North Central,2022,30,9,2,5017,11
South Atlantic,2022,30,29,1,6234,30
East South Central,2022,30,7,16,3422,23
West South Central,2022,30,33,4,5619,37
Mountain,2022,30,8,1,6275,9
Pacific,2022,30,139,3,11576,142
New England,2022,31,4,0,3212,4
Middle Atlantic,2022,31,8,1,6927,9
East North Central,2022,31,23,0,8420,23
West North Central,2022,31,5,1,4830,6
South Atlantic,2022,31,26,5,6221,31
East South Central,2022,31,4,9,2965,13
West South Central,2022,31,25,10,5129,35
Mountain,2022,31,11,1,6120,12
Pacific,2022,31,134,2,11005,136
New England,2022,32,8,0,3207,8
Middle Atlantic,2022,32,10,0,6058,10
East North Central,2022,32,11,3,7519,14
West North Central,2022,32,5,0,4824,5
South Atlantic,2022,32,29,4,5581,33
East South Central,2022,32,4,7,2836,11
West South Central,2022,32,23,10,4662,33
Mountain,2022,32,3,0,6313,3
Pacific,2022,32,131,3,11169,134
New England,2022,33,5,0,3352,5
Middle Atlantic,2022,33,14,0,5559,14
East North Central,2022,33,12,3,7894,15
West North Central,2022,33,14,1,4693,15
South Atlantic,2022,33,18,5,5595,23
East South Central,2022,33,11,12,3096,23
West South Central,2022,33,35,8,5179,43
Mountain,2022,33,5,1,6965,6
Pacific,2022,33,109,4,11303,113
New England,2022,34,10,1,3279,11
Middle Atlantic,2022,34,14,0,5498,14
East North Central,2022,34,13,8,8652,21
West North Central,2022,34,3,0,4709,3
South Atlantic,2022,34,40,3,6618,43
East South Central,2022,34,10,16,3656,26
West South Central,2022,34,56,7,6583,63
Mountain,2022,34,6,0,7946,6
Pacific,2022,34,148,6,10555,154
New England,2022,35,11,1,3203,12
Middle Atlantic,2022,35,17,0,5518,17
East North Central,2022,35,22,3,9374,25
West North Central,2022,35,4,0,5217,4
South Atlantic,2022,35,38,4,6584,42
East South Central,2022,35,12,8,3527,20
West South Central,2022,35,95,14,7552,109
Mountain,2022,35,4,1,7446,5
Pacific,2022,35,132,4,11578,136
New England,2022,36,11,0,3383,11
Middle Atlantic,2022,36,18,0,5749,18
East North Central,2022,36,15,2,10030,17
West North Central,2022,36,8,1,5324,9
South Atlantic,2022,36,66,1,6526,67
East South Central,2022,36,17,3,3318,20
West South Central,2022,36,117,6,7512,123
Mountain,2022,36,7,1,6539,8
Pacific,2022,36,169,8,11367,177
New England,2022,37,7,0,3782,7
Middle Atlantic,2022,37,25,1,6625,26
East North Central,2022,37,26,1,9629,27
West North Central,2022,37,6,1,5473,7
South Atlantic,2022,37,113,5,6446,118
East South Central,2022,37,11,9,3260,20
West South Central,2022,37,159,12,8316,171
Mountain,2022,37,6,2,6221,8
Pacific,2022,37,150,6,12517,156
New England,2022,38,18,0,3962,18
Middle Atlantic,2022,38,23,0,7459,23
East North Central,2022,38,67,14,12256,81
West North Central,2022,38,9,2,5445,11
South Atlantic,2022,38,212,16,6526,228
East South Central,2022,38,20,12,3122,32
West South Central,2022,38,231,14,8265,245
Mountain,2022,38,11,0,6563,11
Pacific,2022,38,184,7,13857,191
New England,2022,39,18,0,4230,18
Middle Atlantic,2022,39,30,2,7694,32
East North Central,2022,39,66,24,10709,90
West North Central,2022,39,17,2,5265,19
South Atlantic,2022,39,374,22,6271,396
East South Central,2022,39,21,6,1546,27
West South Central,2022,39,392,16,8721,408
Mountain,2022,39,14,1,6256,15
Pacific,2022,39,336,10,16205,346
New England,2022,40,30,0,4684,30
Middle Atlantic,2022,40,36,1,8533,37
East North Central,2022,40,110,19,12355,129
West North Central,2022,40,46,14,8154,60
South Atlantic,2022,40,632,26,9708,658
East South Central,2022,40,49,13,1504,62
West South Central,2022,40,665,22,8738,687
Mountain,2022,40,17,1,6400,18
Pacific,2022,40,399,9,18173,408
New England,2022,41,35,2,4707,37
Middle Atlantic,2022,41,70,1,8838,71
East North Central,2022,41,241,17,14603,258
West North Central,2022,41,60,4,8251,64
South Atlantic,2022,41,715,21,9818,736
East South Central,2022,41,132,9,1762,141
West South Central,2022,41,1126,20,9687,1146
Mountain,2022,41,25,4,10012,29
Pacific,2022,41,557,10,20377,567
New England,2022,42,61,2,5231,63
Middle Atlantic,2022,42,145,1,9665,146
East North Central,2022,42,457,18,16885,475
West North Central,2022,42,210,10,9007,220
South Atlantic,2022,42,1392,16,11949,1408
East South Central,2022,42,243,6,2056,249
West South Central,2022,42,1685,29,11060,1714
Mountain,2022,42,44,5,5776,49
Pacific,2022,42,843,21,23798,864
New England,2022,43,124,4,5885,128
Middle Atlantic,2022,43,436,1,11410,437
East North Central,2022,43,1064,13,19567,1077
West North Central,2022,43,498,13,9488,511
South Atlantic,2022,43,2283,16,14511,2299
East South Central,2022,43,491,23,2697,514
West South Central,2022,43,2981,21,12861,3002
Mountain,2022,43,107,3,8199,110
Pacific,2022,43,1357,19,28233,1376
New England,2022,44,298,2,6461,300
Middle Atlantic,2022,44,934,5,12704,939
East North Central,2022,44,2116,31,23407,2147
West North Central,2022,44,1317,16,11723,1333
South Atlantic,2022,44,3777,15,18004,3792
East South Central,2022,44,785,31,3238,816
West South Central,2022,44,4463,21,15813,4484
Mountain,2022,44,376,6,9498,382
Pacific,2022,44,2887,18,32779,2905
New England,2022,45,467,2,6828,469
Middle Atlantic,2022,45,1412,5,12621,1417
East North Central,2022,45,2854,43,24535,2897
West North Central,2022,45,2027,14,12753,2041
South Atlantic,2022,45,3239,28,16649,3267
East South Central,2022,45,630,39,2974,669
West South Central,2022,45,4583,20,16506,4603
Mountain,2022,45,724,7,10756,731
Pacific,2022,45,5402,30,40504,5432
New England,2022,46,815,3,7749,818
Middle Atlantic,2022,46,2141,3,14094,2144
East North Central,2022,46,5423,56,28330,5479
West North Central,2022,46,3006,20,14095,3026
South Atlantic,2022,46,2503,17,14719,2520
East South Central,2022,46,556,42,2600,598
West South Central,2022,46,4290,27,16449,4317
Mountain,2022,46,1496,4,12455,1500
Pacific,2022,46,8520,17,47284,8537
New England,2022,47,1959,4,8740,1963
Middle Atlantic,2022,47,3871,6,14770,3877
East North Central,2022,47,8613,31,30000,8644
West North Central,2022,47,4304,16,14197,4320
South Atlantic,2022,47,2957,13,14756,2970
East South Central,2022,47,783,52,2907,835
West South Central,2022,47,4306,24,14682,4330
Mountain,2022,47,2574,9,12938,2583
Pacific,2022,47,11229,24,44970,11253
New England,2022,48,3069,6,11472,3075
Middle Atlantic,2022,48,5053,3,18067,5056
East North Central,2022,48,11485,24,38284,11509
West North Central,2022,48,5394,23,18790,5417
South Atlantic,2022,48,2717,13,15900,2730
East South Central,2022,48,678,36,2979,714
West South Central,2022,48,3269,32,15302,3301
Mountain,2022,48,3593,9,14659,3602
Pacific,2022,48,13577,26,56332,13603
New England,2022,49,3049,4,10722,3053
Middle Atlantic,2022,49,4651,7,17207,4658
East North Central,2022,49,12401,44,38414,12445
West North Central,2022,49,5807,16,19043,5823
South Atlantic,2022,49,1929,8,14434,1937
East South Central,2022,49,385,33,2533,418
West South Central,2022,49,3010,46,14737,3056
Mountain,2022,49,4568,20,14885,4588
Pacific,2022,49,11927,30,50525,11957
New England,2022,50,2758,15,10539,2773
Middle Atlantic,2022,50,3828,3,16658,3831
East North Central,2022,50,13057,40,40923,13097
West North Central,2022,50,5481,27,16532,5508
South Atlantic,2022,50,1253,15,13877,1268
East South Central,2022,50,213,26,2244,239
West South Central,2022,50,1979,51,12915,2030
Mountain,2022,50,4539,25,14605,4564
Pacific,2022,50,8965,14,44532,8979
New England,2022,51,2307,14,10017,2321
Middle Atlantic,2022,51,2841,3,14879,2844
East North Central,2022,51,8743,28,30881,8771
West North Central,2022,51,3925,9,14414,3934
South Atlantic,2022,51,950,10,12649,960
East South Central,2022,51,148,22,2045,170
West South Central,2022,51,1486,27,12065,1513
Mountain,2022,51,3563,15,12664,3578
Pacific,2022,51,7346,15,41770,7361
New England,2022,52,1504,10,9299,1514
Middle Atlantic,2022,52,1869,5,13179,1874
East North Central,2022,52,5285,22,26155,5307
West North Central,2022,52,2460,20,12951,2480
South Atlantic,2022,52,933,17,13625,950
East South Central,2022,52,104,30,2141,134
West South Central,2022,52,1206,30,12196,1236
Mountain,2022,52,2501,14,11933,2515
Pacific,2022,52,4639,25,37278,4664
New England,2023,1,789,20,8398,809
Middle Atlantic,2023,1,1038,9,12935,1047
East North Central,2023,1,2708,19,23235,2727
West North Central,2023,1,1166,12,10253,1178
South Atlantic,2023,1,579,27,13345,606
East South Central,2023,1,66,8,2055,74
West South Central,2023,1,741,33,11433,774
Mountain,2023,1,1218,12,10099,1230
Pacific,2023,1,1963,13,29249,1976
New England,2023,2,337,24,7495,361
Middle Atlantic,2023,2,396,14,12104,410
East North Central,2023,2,1246,18,20038,1264
West North Central,2023,2,624,24,9531,648
South Atlantic,2023,2,318,20,11871,338
East South Central,2023,2,29,7,1882,36
West South Central,2023,2,475,25,9821,500
Mountain,2023,2,499,7,8447,506
Pacific,2023,2,928,17,28021,945
New England,2023,3,217,30,6772,247
Middle Atlantic,2023,3,209,10,11184,219
East North Central,2023,3,780,24,17963,804
West North Central,2023,3,390,20,9412,410
South Atlantic,2023,3,240,8,10402,248
East South Central,2023,3,25,12,1829,37
West South Central,2023,3,328,25,16848,353
Mountain,2023,3,299,12,7831,311
Pacific,2023,3,494,17,24549,511
New England,2023,4,125,19,6954,144
Middle Atlantic,2023,4,126,22,10935,148
East North Central,2023,4,457,27,17396,484
West North Central,2023,4,237,27,9333,264
South Atlantic,2023,4,198,22,11123,220
East South Central,2023,4,19,4,1924,23
West South Central,2023,4,273,23,9803,296
Mountain,2023,4,155,8,7916,163
Pacific,2023,4,353,17,24232,370
New England,2023,5,80,12,6343,92
Middle Atlantic,2023,5,74,23,11231,97
East North Central,2023,5,303,20,16759,323
West North Central,2023,5,141,24,8662,165
South Atlantic,2023,5,208,25,10825,233
East South Central,2023,5,8,10,1913,18
West South Central,2023,5,217,52,8860,269
Mountain,2023,5,102,13,8010,115
Pacific,2023,5,293,21,24565,314
New England,2023,6,61,14,6509,75
Middle Atlantic,2023,6,60,44,11520,104
East North Central,2023,6,283,39,17051,322
West North Central,2023,6,87,33,9010,120
South Atlantic,2023,6,152,29,11648,181
East South Central,2023,6,14,11,2022,25
West South Central,2023,6,139,53,8671,192
Mountain,2023,6,68,18,8465,86
Pacific,2023,6,247,28,25858,275
New England,2023,7,45,30,6534,75
Middle Atlantic,2023,7,66,29,11644,95
East North Central,2023,7,166,29,15354,195
West North Central,2023,7,72,39,8951,111
South Atlantic,2023,7,104,35,10950,139
East South Central,2023,7,11,19,1868,30
West South Central,2023,7,128,32,7952,160
Mountain,2023,7,47,23,8300,70
Pacific,2023,7,141,25,24420,166
New England,2023,8,60,23,6062,83
Middle Atlantic,2023,8,63,28,10878,91
East North Central,2023,8,136,22,15061,158
West North Central,2023,8,50,25,8847,75
South Atlantic,2023,8,85,20,10092,105
East South Central,2023,8,5,16,1938,21
West South Central,2023,8,113,35,8364,148
Mountain,2023,8,61,17,8375,78
Pacific,2023,8,152,33,23079,185
New England,2023,9,39,14,5908,53
Middle Atlantic,2023,9,44,31,10714,75
East North Central,2023,9,134,29,15214,163
West North Central,2023,9,43,41,8792,84
South Atlantic,2023,9,56,15,9199,71
East South Central,2023,9,1,11,1668,12
West South Central,2023,9,103,33,7843,136
Mountain,2023,9,71,22,8324,93
Pacific,2023,9,118,31,22978,149
New England,2023,10,31,25,5963,56
Middle Atlantic,2023,10,66,44,10518,110
East North Central,2023,10,107,32,13937,139
West North Central,2023,10,50,59,8514,109
South Atlantic,2023,10,40,14,8739,54
East South Central,2023,10,2,11,1461,13
West South Central,2023,10,98,44,7586,142
Mountain,2023,10,64,26,7871,90
Pacific,2023,10,144,43,21787,187
New England,2023,11,28,20,5792,48
Middle Atlantic,2023,11,57,44,9980,101
East North Central,2023,11,103,20,12802,123
West North Central,2023,11,37,48,8378,85
South Atlantic,2023,11,50,29,9325,79
East South Central,2023,11,2,4,1342,6
West South Central,2023,11,76,37,6782,113
Mountain,2023,11,44,27,7470,71
Pacific,2023,11,93,35,22437,128
New England,2023,12,24,22,5807,46
Middle Atlantic,2023,12,58,52,10155,110
East North Central,2023,12,95,34,13358,129
West North Central,2023,12,52,56,8020,108
South Atlantic,2023,12,63,37,9151,100
East South Central,2023,12,4,9,1447,13
West South Central,2023,12,80,37,6939,117
Mountain,2023,12,25,18,6825,43
Pacific,2023,12,76,39,20572,115
New England,2023,13,21,41,5728,62
Middle Atlantic,2023,13,40,86,9256,126
East North Central,2023,13,60,57,12604,117
West North Central,2023,13,45,58,7491,103
South Atlantic,2023,13,38,19,7732,57
East South Central,2023,13,7,10,1177,17
West South Central,2023,13,57,25,6792,82
Mountain,2023,13,30,21,6220,51
Pacific,2023,13,82,39,19692,121
New England,2023,14,14,41,5506,55
Middle Atlantic,2023,14,57,73,8961,130
East North Central,2023,14,90,53,11662,143
West North Central,2023,14,44,58,6904,102
South Atlantic,2023,14,54,23,7689,77
East South Central,2023,14,5,16,1013,21
West South Central,2023,14,45,42,6398,87
Mountain,2023,14,30,24,5961,54
Pacific,2023,14,62,35,18435,97
New England,2023,15,16,27,5238,43
Middle Atlantic,2023,15,28,74,8655,102
East North Central,2023,15,69,37,9653,106
West North Central,2023,15,31,55,6555,86
South Atlantic,2023,15,40,38,6537,78
East South Central,2023,15,2,11,956,13
West South Central,2023,15,36,49,6372,85
Mountain,2023,15,24,22,5682,46
Pacific,2023,15,35,29,11791,64
New England,2023,16,10,17,4597,27
Middle Atlantic,2023,16,21,52,7703,73
East North Central,2023,16,47,24,8486,71
West North Central,2023,16,27,45,5229,72
South Atlantic,2023,16,30,28,6459,58
East South Central,2023,16,0,17,890,17
West South Central,2023,16,32,44,6627,76
Mountain,2023,16,15,15,5386,30
Pacific,2023,16,27,24,11324,51
New England,2023,17,9,14,4247,23
Middle Atlantic,2023,17,24,56,6664,80
East North Central,2023,17,57,39,8228,96
West North Central,2023,17,27,43,4713,70
South Atlantic,2023,17,27,45,6621,72
East South Central,2023,17,2,9,999,11
West South Central,2023,17,25,29,6119,54
Mountain,2023,17,15,31,4923,46
Pacific,2023,17,35,23,10928,58
New England,2023,18,9,25,3934,34
Middle Atlantic,2023,18,22,50,6936,72
East North Central,2023,18,47,32,8077,79
West North Central,2023,18,35,45,5278,80
South Atlantic,2023,18,21,35,6201,56
East South Central,2023,18,2,14,1049,16
West South Central,2023,18,17,40,5971,57
Mountain,2023,18,17,35,4798,52
Pacific,2023,18,29,24,10644,53
New England,2023,19,5,24,4009,29
Middle Atlantic,2023,19,26,76,6442,102
East North Central,2023,19,51,31,7113,82
West North Central,2023,19,22,32,4985,54
South Atlantic,2023,19,30,83,11477,113
East South Central,2023,19,1,12,1046,13
West South Central,2023,19,25,44,5072,69
Mountain,2023,19,7,39,4498,46
Pacific,2023,19,31,18,10071,49
New England,2023,20,10,17,3581,27
Middle Atlantic,2023,20,31,66,6213,97
East North Central,2023,20,29,39,7086,68
West North Central,2023,20,9,31,4911,40
South Atlantic,2023,20,28,84,6226,112
East South Central,2023,20,0,10,878,10
West South Central,2023,20,24,57,5173,81
Mountain,2023,20,16,37,4141,53
Pacific,2023,20,45,31,9749,76
New England,2023,21,17,18,3471,35
Middle Atlantic,2023,21,27,62,5649,89
East North Central,2023,21,29,33,6478,62
West North Central,2023,21,12,21,4555,33
South Atlantic,2023,21,36,54,5424,90
East South Central,2023,21,2,10,833,12
West South Central,2023,21,26,53,4627,79
Mountain,2023,21,18,26,3953,44
Pacific,2023,21,58,25,9143,83
New England,2023,22,13,16,3220,29
Middle Atlantic,2023,22,49,55,5380,104
East North Central,2023,22,33,18,5751,51
West North Central,2023,22,12,14,4283,26
South Atlantic,2023,22,30,104,5873,134
East South Central,2023,22,3,12,786,15
West South Central,2023,22,30,34,4311,64
Mountain,2023,22,10,24,3652,34
Pacific,2023,22,70,28,9260,98
New England,2023,23,17,13,3241,30
Middle Atlantic,2023,23,24,31,5116,55
East North Central,2023,23,26,28,5292,54
West North Central,2023,23,10,13,3684,23
South Atlantic,2023,23,18,51,5530,69
East South Central,2023,23,3,6,726,9
West South Central,2023,23,22,24,3992,46
Mountain,2023,23,8,14,3290,22
Pacific,2023,23,96,28,8599,124
New England,2023,24,8,9,3190,17
Middle Atlantic,2023,24,19,19,4110,38
East North Central,2023,24,27,33,4936,60
West North Central,2023,24,22,9,3458,31
South Atlantic,2023,24,20,44,5040,64
East South Central,2023,24,0,8,663,8
West South Central,2023,24,21,18,3628,39
Mountain,2023,24,19,16,3053,35
Pacific,2023,24,76,30,7860,106
New England,2023,25,6,6,2678,12
Middle Atlantic,2023,25,11,6,3232,17
East North Central,2023,25,30,15,4647,45
West North Central,2023,25,13,10,3289,23
South Atlantic,2023,25,14,17,4630,31
East South Central,2023,25,1,4,542,5
West South Central,2023,25,25,18,3433,43
Mountain,2023,25,17,17,2933,34
Pacific,2023,25,73,29,7554,102
New England,2023,26,12,5,2264,17
Middle Atlantic,2023,26,14,7,3664,21
East North Central,2023,26,30,4,4378,34
West North Central,2023,26,10,14,2992,24
South Atlantic,2023,26,6,18,4249,24
East South Central,2023,26,2,4,633,6
West South Central,2023,26,20,17,3179,37
Mountain,2023,26,11,10,2726,21
Pacific,2023,26,116,35,6246,151
New England,2023,27,13,8,1868,21
Middle Atlantic,2023,27,15,4,4076,19
East North Central,2023,27,111,4,4043,115
West North Central,2023,27,11,2,2914,13
South Atlantic,2023,27,10,15,4102,25
East South Central,2023,27,2,5,578,7
West South Central,2023,27,18,23,3316,41
Mountain,2023,27,6,3,2693,9
Pacific,2023,27,82,34,6699,116
New England,2023,28,18,4,1996,22
Middle Atlantic,2023,28,18,3,4176,21
East North Central,2023,28,20,7,4133,27
West North Central,2023,28,9,10,3036,19
South Atlantic,2023,28,26,19,4257,45
East South Central,2023,28,4,8,599,12
West South Central,2023,28,27,23,3225,50
Mountain,2023,28,12,11,2625,23
Pacific,2023,28,53,34,6614,87
New England,2023,29,9,4,1709,13
Middle Atlantic,2023,29,10,3,3871,13
East North Central,2023,29,24,9,4431,33
West North Central,2023,29,8,11,2906,19
South Atlantic,2023,29,22,12,4306,34
East South Central,2023,29,4,2,611,6
West South Central,2023,29,37,22,3652,59
Mountain,2023,29,8,3,2677,11
Pacific,2023,29,78,42,6694,120
New England,2023,30,9,3,1854,12
Middle Atlantic,2023,30,12,7,3580,19
East North Central,2023,30,20,9,4453,29
West North Central,2023,30,7,10,2660,17
South Atlantic,2023,30,21,13,4873,34
East South Central,2023,30,0,3,678,3
West South Central,2023,30,27,17,3794,44
Mountain,2023,30,10,6,2634,16
Pacific,2023,30,77,61,6861,138
New England,2023,31,5,5,1930,10
Middle Atlantic,2023,31,18,5,3682,23
East North Central,2023,31,28,3,4868,31
West North Central,2023,31,11,12,3040,23
South Atlantic,2023,31,19,19,5321,38
East South Central,2023,31,4,4,728,8
West South Central,2023,31,34,30,4550,64
Mountain,2023,31,5,3,1186,8
Pacific,2023,31,79,61,7120,140
New England,2023,32,7,1,2217,8
Middle Atlantic,2023,32,21,5,4009,26
East North Central,2023,32,21,4,5206,25
West North Central,2023,32,6,9,3256,15
South Atlantic,2023,32,13,13,5175,26
East South Central,2023,32,2,8,841,10
West South Central,2023,32,25,19,4893,44
Mountain,2023,32,13,8,2792,21
Pacific,2023,32,76,58,7744,134
New England,2023,33,13,6,2300,19
Middle Atlantic,2023,33,17,2,4480,19
East North Central,2023,33,28,13,5786,41
West North Central,2023,33,14,29,3828,43
South Atlantic,2023,33,15,7,5705,22
East South Central,2023,33,6,13,1037,19
West South Central,2023,33,34,32,6170,66
Mountain,2023,33,8,14,3428,22
Pacific,2023,33,77,35,7722,112
New England,2023,34,14,3,2424,17
Middle Atlantic,2023,34,15,3,4438,18
East North Central,2023,34,26,8,6880,34
West North Central,2023,34,17,13,3550,30
South Atlantic,2023,34,35,19,7651,54
East South Central,2023,34,3,14,1332,17
West South Central,2023,34,48,37,8376,85
Mountain,2023,34,4,1,3911,5
Pacific,2023,34,71,34,8854,105
New England,2023,35,10,6,2638,16
Middle Atlantic,2023,35,23,9,5144,32
East North Central,2023,35,29,5,8035,34
West North Central,2023,35,13,8,4380,21
South Atlantic,2023,35,26,13,7692,39
East South Central,2023,35,5,2,1447,7
West South Central,2023,35,53,31,9828,84
Mountain,2023,35,12,2,4102,14
Pacific,2023,35,95,39,9793,134
New England,2023,36,10,3,3222,13
Middle Atlantic,2023,36,22,4,5352,26
East North Central,2023,36,23,4,9420,27
West North Central,2023,36,10,10,4767,20
South Atlantic,2023,36,39,6,8132,45
East South Central,2023,36,6,4,1367,10
West South Central,2023,36,36,49,9084,85
Mountain,2023,36,12,4,4211,16
Pacific,2023,36,104,42,9777,146
New England,2023,37,5,7,3216,12
Middle Atlantic,2023,37,21,4,6108,25
East North Central,2023,37,46,14,11044,60
West North Central,2023,37,13,12,5245,25
South Atlantic,2023,37,34,19,8244,53
East South Central,2023,37,2,8,1299,10
West South Central,2023,37,38,33,8000,71
Mountain,2023,37,22,3,4200,25
Pacific,2023,37,133,48,10932,181
New England,2023,38,10,16,3744,26
Middle Atlantic,2023,38,30,6,7428,36
East North Central,2023,38,59,21,12534,80
West North Central,2023,38,11,8,5382,19
South Atlantic,2023,38,62,45,9134,107
East South Central,2023,38,6,2,1144,8
West South Central,2023,38,23,48,6117,71
Mountain,2023,38,22,3,4514,25
Pacific,2023,38,124,68,11605,192
New England,2023,39,17,12,3531,29
Middle Atlantic,2023,39,18,5,7231,23
East North Central,2023,39,56,32,11946,88
West North Central,2023,39,8,3,4842,11
South Atlantic,2023,39,49,24,8115,73
East South Central,2023,39,9,11,1167,20
West South Central,2023,39,66,59,7909,125
Mountain,2023,39,26,6,4831,32
Pacific,2023,39,111,65,12238,176
New England,2023,40,17,4,5008,21
Middle Atlantic,2023,40,30,8,7624,38
East North Central,2023,40,47,29,12517,76
West North Central,2023,40,26,4,6350,30
South Atlantic,2023,40,76,70,9206,146
East South Central,2023,40,11,13,1233,24
West South Central,2023,40,61,60,7736,121
Mountain,2023,40,29,8,4916,37
Pacific,2023,40,133,89,10349,222
New England,2023,41,18,13,4739,31
Middle Atlantic,2023,41,33,7,7027,40
East North Central,2023,41,74,28,13116,102
West North Central,2023,41,37,5,6482,42
South Atlantic,2023,41,90,51,9159,141
East South Central,2023,41,10,19,1302,29
West South Central,2023,41,115,80,7856,195
Mountain,2023,41,39,16,5107,55
Pacific,2023,41,178,71,10726,249
New England,2023,42,19,8,4754,27
Middle Atlantic,2023,42,61,11,7233,72
East North Central,2023,42,77,19,13688,96
West North Central,2023,42,40,6,6871,46
South Atlantic,2023,42,100,88,8540,188
East South Central,2023,42,17,9,1289,26
West South Central,2023,42,132,79,8191,211
Mountain,2023,42,36,16,5276,52
Pacific,2023,42,211,82,10959,293
New England,2023,43,48,13,4834,61
Middle Atlantic,2023,43,63,9,7444,72
East North Central,2023,43,91,24,14404,115
West North Central,2023,43,26,14,6997,40
South Atlantic,2023,43,147,91,9394,238
East South Central,2023,43,16,10,1338,26
West South Central,2023,43,173,130,8764,303
Mountain,2023,43,51,20,5198,71
Pacific,2023,43,247,82,10856,329
New England,2023,44,79,21,5066,100
Middle Atlantic,2023,44,88,11,7597,99
East North Central,2023,44,117,22,14085,139
West North Central,2023,44,60,19,7378,79
South Atlantic,2023,44,210,120,10079,330
East South Central,2023,44,44,28,1502,72
West South Central,2023,44,223,221,9217,444
Mountain,2023,44,109,20,5622,129
Pacific,2023,44,526,104,16647,630
New England,2023,45,111,39,5637,150
Middle Atlantic,2023,45,139,21,8119,160
East North Central,2023,45,279,42,16410,321
West North Central,2023,45,102,32,8621,134
South Atlantic,2023,45,383,240,11225,623
East South Central,2023,45,63,85,1677,148
West South Central,2023,45,431,402,10966,833
Mountain,2023,45,153,59,6266,212
Pacific,2023,45,921,152,23380,1073
New England,2023,46,162,42,6172,204
Middle Atlantic,2023,46,196,28,8962,224
East North Central,2023,46,517,62,18032,579
West North Central,2023,46,124,43,8858,167
South Atlantic,2023,46,372,216,10707,588
East South Central,2023,46,62,120,1905,182
West South Central,2023,46,590,469,12182,1059
Mountain,2023,46,323,111,6716,434
Pacific,2023,46,1301,159,27123,1460
New England,2023,47,214,28,6063,242
Middle Atlantic,2023,47,299,26,8516,325
East North Central,2023,47,711,78,17612,789
West North Central,2023,47,155,54,8817,209
South Atlantic,2023,47,523,316,10994,839
East South Central,2023,47,55,112,1736,167
West South Central,2023,47,539,448,10786,987
Mountain,2023,47,429,111,6528,540
Pacific,2023,47,1409,174,24913,1583
New England,2023,48,291,51,6968,342
Middle Atlantic,2023,48,566,48,10591,614
East North Central,2023,48,1051,139,22757,1190
West North Central,2023,48,294,85,11191,379
South Atlantic,2023,48,805,347,13533,1152
East South Central,2023,48,66,134,2080,200
West South Central,2023,48,685,521,12388,1206
Mountain,2023,48,655,131,7867,786
Pacific,2023,48,2158,249,31377,2407
New England,2023,49,443,67,7371,510
Middle Atlantic,2023,49,957,67,11011,1024
East North Central,2023,49,1605,176,23602,1781
West North Central,2023,49,533,167,12314,700
South Atlantic,2023,49,1078,339,14464,1417
East South Central,2023,49,138,201,2204,339
West South Central,2023,49,1117,714,13096,1831
Mountain,2023,49,1041,186,8693,1227
Pacific,2023,49,3257,290,33544,3547
New England,2023,50,672,65,7617,737
Middle Atlantic,2023,50,1647,142,12964,1789
East North Central,2023,50,2477,321,26462,2798
West North Central,2023,50,844,344,13801,1188
South Atlantic,2023,50,1875,531,16994,2406
East South Central,2023,50,196,250,2449,446
West South Central,2023,50,1413,985,12610,2398
Mountain,2023,50,1688,338,9103,2026
Pacific,2023,50,4444,364,36909,4808
New England,2023,51,1047,82,8487,1129
Middle Atlantic,2023,51,2449,151,13985,2600
East North Central,2023,51,3843,481,29205,4324
West North Central,2023,51,1250,446,14720,1696
South Atlantic,2023,51,2347,882,18312,3229
East South Central,2023,51,226,284,2383,510
West South Central,2023,51,2519,1356,15911,3875
Mountain,2023,51,2175,513,10339,2688
Pacific,2023,51,6429,493,42380,6922
New England,2023,52,1454,75,9546,1529
Middle Atlantic,2023,52,2824,224,14515,3048
East North Central,2023,52,4562,632,29689,5194
West North Central,2023,52,1348,504,14321,1852
South Atlantic,2023,52,3090,1193,20530,4283
East South Central,2023,52,237,258,2514,495
West South Central,2023,52,2072,1165,14179,3237
Mountain,2023,52,2094,553,10080,2647
Pacific,2023,52,5236,431,38548,5667
New England,2024,1,1053,79,9489,1132
Middle Atlantic,2024,1,1791,157,13933,1948
East North Central,2024,1,3061,571,27741,3632
West North Central,2024,1,1120,367,13084,1487
South Atlantic,2024,1,1492,644,16220,2136
East South Central,2024,1,208,193,2493,401
West South Central,2024,1,1866,984,12695,2850
Mountain,2024,1,629,274,4051,903
Pacific,2024,1,4154,397,38263,4551
New England,2024,2,944,77,8331,1021
Middle Atlantic,2024,2,1575,166,12947,1741
East North Central,2024,2,2988,610,25206,3598
West North Central,2024,2,1136,398,11599,1534
South Atlantic,2024,2,1229,618,13702,1847
East South Central,2024,2,174,160,2156,334
West South Central,2024,2,1929,895,12420,2824
Mountain,2024,2,1246,423,8763,1669
Pacific,2024,2,3155,359,35279,3514
New England,2024,3,902,77,7322,979
Middle Atlantic,2024,3,1207,161,10939,1368
East North Central,2024,3,2608,777,21583,3385
West North Central,2024,3,1122,395,9746,1517
South Atlantic,2024,3,955,708,12049,1663
East South Central,2024,3,152,90,1745,242
West South Central,2024,3,2089,935,11825,3024
Mountain,2024,3,1092,509,8550,1601
Pacific,2024,3,3086,432,32309,3518
New England,2024,4,1017,71,7415,1088
Middle Atlantic,2024,4,1019,192,9659,1211
East North Central,2024,4,2722,1113,21009,3835
West North Central,2024,4,1289,505,11070,1794
South Atlantic,2024,4,1015,796,13150,1811
East South Central,2024,4,165,91,1873,256
West South Central,2024,4,3284,1387,15756,4671
Mountain,2024,4,1181,642,9091,1823
Pacific,2024,4,2459,486,31458,2945
New England,2024,5,1073,104,7617,1177
Middle Atlantic,2024,5,973,282,10322,1255
East North Central,2024,5,2941,1615,23808,4556
West North Central,2024,5,1587,868,12185,2455
South Atlantic,2024,5,745,738,12400,1483
East South Central,2024,5,139,72,1760,211
West South Central,2024,5,3315,1760,17259,5075
Mountain,2024,5,844,760,8965,1604
Pacific,2024,5,1908,488,29633,2396
New England,2024,6,1129,143,7685,1272
Middle Atlantic,2024,6,995,397,10697,1392
East North Central,2024,6,3206,2133,25285,5339
West North Central,2024,6,1632,1233,13254,2865
South Atlantic,2024,6,754,811,12309,1565
East South Central,2024,6,171,70,2008,241
West South Central,2024,6,2143,1517,15913,3660
Mountain,2024,6,756,786,9127,1542
Pacific,2024,6,1359,436,27819,1795
New England,2024,7,1047,160,7344,1207
Middle Atlantic,2024,7,972,476,9954,1448
East North Central,2024,7,3157,2404,25145,5561
West North Central,2024,7,1692,1296,13236,2988
South Atlantic,2024,7,546,709,11970,1255
East South Central,2024,7,134,61,1851,195
West South Central,2024,7,1558,1128,13563,2686
Mountain,2024,7,559,857,8722,1416
Pacific,2024,7,1377,571,28364,1948
New England,2024,8,915,192,7006,1107
Middle Atlantic,2024,8,889,547,10048,1436
East North Central,2024,8,3139,2839,25589,5978
West North Central,2024,8,1734,1485,13297,3219
South Atlantic,2024,8,532,662,11650,1194
East South Central,2024,8,106,78,1749,184
West South Central,2024,8,1255,968,12954,2223
Mountain,2024,8,501,837,8587,1338
Pacific,2024,8,1072,577,27227,1649
New England,2024,9,856,197,6856,1053
Middle Atlantic,2024,9,784,509,9713,1293
East North Central,2024,9,2907,2905,24139,5812
West North Central,2024,9,1501,1184,11041,2685
South Atlantic,2024,9,516,528,11116,1044
East South Central,2024,9,110,74,1650,184
West South Central,2024,9,875,716,11438,1591
Mountain,2024,9,424,795,8517,1219
Pacific,2024,9,971,539,25193,1510
New England,2024,10,765,203,6418,968
Middle Atlantic,2024,10,657,479,8793,1136
East North Central,2024,10,2624,2631,22653,5255
West North Central,2024,10,1215,1119,9635,2334
South Atlantic,2024,10,428,441,10141,869
East South Central,2024,10,87,55,1392,142
West South Central,2024,10,731,651,10682,1382
Mountain,2024,10,357,811,8126,1168
Pacific,2024,10,916,511,25358,1427
New England,2024,11,453,168,5962,621
Middle Atlantic,2024,11,418,387,7719,805
East North Central,2024,11,1787,2198,20722,3985
West North Central,2024,11,1084,1073,10383,2157
South Atlantic,2024,11,241,284,9133,525
East South Central,2024,11,45,32,1384,77
West South Central,2024,11,530,348,9462,878
Mountain,2024,11,327,772,7880,1099
Pacific,2024,11,913,578,24978,1491
New England,2024,12,412,183,5787,595
Middle Atlantic,2024,12,319,333,6486,652
East North Central,2024,12,1395,1743,18871,3138
West North Central,2024,12,784,748,9253,1532
South Atlantic,2024,12,237,223,8900,460
East South Central,2024,12,55,32,1352,87
West South Central,2024,12,377,199,8451,576
Mountain,2024,12,294,585,7440,879
Pacific,2024,12,893,566,23957,1459
New England,2024,13,325,219,5702,544
Middle Atlantic,2024,13,374,432,7656,806
East North Central,2024,13,1198,1396,17658,2594
West North Central,2024,13,680,623,8618,1303
South Atlantic,2024,13,163,131,7687,294
East South Central,2024,13,68,25,1413,93
West South Central,2024,13,276,173,8191,449
Mountain,2024,13,238,410,6822,648
Pacific,2024,13,679,475,22403,1154
New England,2024,14,298,191,5510,489
Middle Atlantic,2024,14,301,325,7451,626
East North Central,2024,14,831,1011,16557,1842
West North Central,2024,14,622,485,7302,1107
South Atlantic,2024,14,216,128,8209,344
East South Central,2024,14,44,22,1310,66
West South Central,2024,14,201,106,7967,307
Mountain,2024,14,159,268,6262,427
Pacific,2024,14,571,387,21231,958
New England,2024,15,235,193,5468,428
Middle Atlantic,2024,15,202,203,6410,405
East North Central,2024,15,611,672,15207,1283
West North Central,2024,15,406,311,6744,717
South Atlantic,2024,15,97,73,7778,170
East South Central,2024,15,29,10,1292,39
West South Central,2024,15,170,63,7801,233
Mountain,2024,15,132,234,6162,366
Pacific,2024,15,507,369,21111,876
New England,2024,16,168,127,4661,295
Middle Atlantic,2024,16,119,142,5965,261
East North Central,2024,16,366,460,13631,826
West North Central,2024,16,291,195,6105,486
South Atlantic,2024,16,77,43,6831,120
East South Central,2024,16,17,17,1124,34
West South Central,2024,16,142,34,7219,176
Mountain,2024,16,110,198,5923,308
Pacific,2024,16,576,335,20363,911
New England,2024,17,137,80,4369,217
Middle Atlantic,2024,17,120,97,6117,217
East North Central,2024,17,248,322,12902,570
West North Central,2024,17,238,145,6862,383
South Atlantic,2024,17,52,31,6577,83
East South Central,2024,17,18,18,1227,36
West South Central,2024,17,78,44,6886,122
Mountain,2024,17,99,150,5851,249
Pacific,2024,17,506,285,19420,791
New England,2024,18,110,79,4092,189
Middle Atlantic,2024,18,134,81,5909,215
East North Central,2024,18,161,229,11834,390
West North Central,2024,18,121,85,5361,206
South Atlantic,2024,18,67,14,6215,81
East South Central,2024,18,11,10,1048,21
West South Central,2024,18,70,35,5783,105
Mountain,2024,18,109,89,5669,198
Pacific,2024,18,323,194,14221,517
New England,2024,19,72,48,4108,120
Middle Atlantic,2024,19,74,46,5551,120
East North Central,2024,19,105,91,10970,196
West North Central,2024,19,75,43,4883,118
South Atlantic,2024,19,33,18,6893,51
East South Central,2024,19,14,8,1099,22
West South Central,2024,19,78,13,5803,91
Mountain,2024,19,69,66,5287,135
Pacific,2024,19,287,118,9481,405
New England,2024,20,45,31,3918,76
Middle Atlantic,2024,20,37,22,4934,59
East North Central,2024,20,79,54,10594,133
West North Central,2024,20,39,28,4331,67
South Atlantic,2024,20,38,13,6802,51
East South Central,2024,20,11,4,1030,15
West South Central,2024,20,68,19,5967,87
Mountain,2024,20,64,51,5029,115
Pacific,2024,20,214,132,9437,346
New England,2024,21,39,21,3832,60
Middle Atlantic,2024,21,49,26,5159,75
East North Central,2024,21,58,41,9951,99
West North Central,2024,21,24,12,3931,36
South Atlantic,2024,21,21,5,5973,26
East South Central,2024,21,8,7,978,15
West South Central,2024,21,68,18,6068,86
Mountain,2024,21,56,45,4834,101
Pacific,2024,21,215,113,9636,328
New England,2024,22,31,22,3496,53
Middle Atlantic,2024,22,40,5,4797,45
East North Central,2024,22,70,14,8969,84
West North Central,2024,22,25,6,3697,31
South Atlantic,2024,22,26,1,5203,27
East South Central,2024,22,5,8,1013,13
West South Central,2024,22,43,15,4688,58
Mountain,2024,22,66,47,4626,113
Pacific,2024,22,256,64,8905,320
New England,2024,23,16,6,2993,22
Middle Atlantic,2024,23,25,8,4401,33
East North Central,2024,23,74,18,8667,92
West North Central,2024,23,24,6,3386,30
South Atlantic,2024,23,18,3,4896,21
East South Central,2024,23,3,4,848,7
West South Central,2024,23,46,11,5765,57
Mountain,2024,23,41,25,4326,66
Pacific,2024,23,256,64,8507,320
New England,2024,24,18,4,2866,22
Middle Atlantic,2024,24,27,9,4133,36
East North Central,2024,24,56,10,8258,66
West North Central,2024,24,12,4,3199,16
South Atlantic,2024,24,22,2,4996,24
East South Central,2024,24,12,1,871,13
West South Central,2024,24,46,9,4968,55
Mountain,2024,24,42,12,3905,54
Pacific,2024,24,190,62,8749,252
New England,2024,25,17,2,2884,19
Middle Atlantic,2024,25,33,7,4496,40
East North Central,2024,25,41,3,7398,44
West North Central,2024,25,14,2,3034,16
South Atlantic,2024,25,15,3,4509,18
East South Central,2024,25,2,3,808,5
West South Central,2024,25,32,2,4910,34
Mountain,2024,25,21,18,3901,39
Pacific,2024,25,166,36,7847,202
New England,2024,26,21,3,2906,24
Middle Atlantic,2024,26,22,3,4067,25
East North Central,2024,26,44,6,7413,50
West North Central,2024,26,4,1,2761,5
South Atlantic,2024,26,15,0,4989,15
East South Central,2024,26,1,2,779,3
West South Central,2024,26,33,3,5324,36
Mountain,2024,26,24,9,3628,33
Pacific,2024,26,130,17,6083,147
New England,2024,27,19,1,2858,20
Middle Atlantic,2024,27,28,1,4181,29
East North Central,2024,27,38,3,7223,41
West North Central,2024,27,17,2,2660,19
South Atlantic,2024,27,19,2,4844,21
East South Central,2024,27,3,4,745,7
West South Central,2024,27,34,5,5245,39
Mountain,2024,27,36,5,3627,41
Pacific,2024,27,150,10,6834,160
New England,2024,28,20,1,3138,21
Middle Atlantic,2024,28,17,0,3978,17
East North Central,2024,28,34,3,8264,37
West North Central,2024,28,12,3,3202,15
South Atlantic,2024,28,30,7,5314,37
East South Central,2024,28,7,5,926,12
West South Central,2024,28,35,6,5467,41
Mountain,2024,28,25,4,3974,29
Pacific,2024,28,124,10,7049,134
New England,2024,29,17,1,2996,18
Middle Atlantic,2024,29,23,3,4068,26
East North Central,2024,29,30,2,8620,32
West North Central,2024,29,7,1,3287,8
South Atlantic,2024,29,18,4,4898,22
East South Central,2024,29,2,4,1025,6
West South Central,2024,29,28,4,5679,32
Mountain,2024,29,27,3,4153,30
Pacific,2024,29,104,9,6699,113
New England,2024,30,11,1,3257,12
Middle Atlantic,2024,30,18,0,4238,18
East North Central,2024,30,35,7,9266,42
West North Central,2024,30,2,0,3434,2
South Atlantic,2024,30,12,2,5637,14
East South Central,2024,30,3,8,923,11
West South Central,2024,30,39,4,6603,43
Mountain,2024,30,13,2,4265,15
Pacific,2024,30,106,3,6520,109
New England,2024,31,16,1,3419,17
Middle Atlantic,2024,31,12,1,4335,13
East North Central,2024,31,28,5,9230,33
West North Central,2024,31,3,1,3472,4
South Atlantic,2024,31,13,1,5609,14
East South Central,2024,31,1,11,1083,12
West South Central,2024,31,31,4,6874,35
Mountain,2024,31,19,3,4371,22
Pacific,2024,31,92,10,6732,102
New England,2024,32,11,0,3582,11
Middle Atlantic,2024,32,10,0,4443,10
East North Central,2024,32,37,5,9785,42
West North Central,2024,32,7,1,3642,8
South Atlantic,2024,32,23,3,6332,26
East South Central,2024,32,1,5,1127,6
West South Central,2024,32,28,2,6800,30
Mountain,2024,32,9,3,4358,12
Pacific,2024,32,73,8,6514,81
New England,2024,33,5,5,3668,10
Middle Atlantic,2024,33,22,0,4678,22
East North Central,2024,33,30,3,10711,33
West North Central,2024,33,5,1,3869,6
South Atlantic,2024,33,9,4,7393,13
East South Central,2024,33,6,8,1223,14
West South Central,2024,33,40,0,7029,40
Mountain,2024,33,9,1,5136,10
Pacific,2024,33,75,5,6801,80
New England,2024,34,9,2,3740,11
Middle Atlantic,2024,34,9,0,4740,9
East North Central,2024,34,29,5,10668,34
West North Central,2024,34,6,1,4172,7
South Atlantic,2024,34,22,2,7956,24
East South Central,2024,34,2,8,1419,10
West South Central,2024,34,52,5,8571,57
Mountain,2024,34,11,3,5673,14
Pacific,2024,34,65,4,6871,69
New England,2024,35,4,7,3644,11
Middle Atlantic,2024,35,12,0,4885,12
East North Central,2024,35,32,7,12297,39
West North Central,2024,35,14,0,4356,14
South Atlantic,2024,35,15,1,10766,16
East South Central,2024,35,2,4,1463,6
West South Central,2024,35,49,13,9608,62
Mountain,2024,35,13,0,5712,13
Pacific,2024,35,70,5,6943,75
New England,2024,36,17,4,3792,21
Middle Atlantic,2024,36,11,0,4907,11
East North Central,2024,36,27,4,12679,31
West North Central,2024,36,9,2,5606,11
South Atlantic,2024,36,21,3,10203,24
East South Central,2024,36,1,7,1378,8
West South Central,2024,36,51,2,8983,53
Mountain,2024,36,16,2,5267,18
Pacific,2024,36,81,5,6857,86
New England,2024,37,14,3,4255,17
Middle Atlantic,2024,37,11,1,5718,12
East North Central,2024,37,47,2,14889,49
West North Central,2024,37,16,4,6311,20
South Atlantic,2024,37,17,3,8108,20
East South Central,2024,37,1,4,1342,5
West South Central,2024,37,60,3,8457,63
Mountain,2024,37,12,2,5487,14
Pacific,2024,37,93,4,7782,97
New England,2024,38,8,5,4921,13
Middle Atlantic,2024,38,23,4,6748,27
East North Central,2024,38,50,15,15092,65
West North Central,2024,38,27,2,6364,29
South Atlantic,2024,38,19,2,7905,21
East South Central,2024,38,3,6,1287,9
West South Central,2024,38,71,4,8198,75
Mountain,2024,38,13,0,4924,13
Pacific,2024,38,81,3,7796,84
New England,2024,39,8,7,4686,15
Middle Atlantic,2024,39,13,4,6649,17
East North Central,2024,39,42,16,13829,58
West North Central,2024,39,17,3,5884,20
South Atlantic,2024,39,25,4,6723,29
East South Central,2024,39,3,8,958,11
West South Central,2024,39,44,2,5587,46
Mountain,2024,39,20,5,5146,25
Pacific,2024,39,72,11,7959,83
New England,2024,40,16,3,4884,19
Middle Atlantic,2024,40,20,1,6604,21
East North Central,2024,40,44,19,15091,63
West North Central,2024,40,18,7,6511,25
South Atlantic,2024,40,25,2,7833,27
East South Central,2024,40,4,7,1172,11
West South Central,2024,40,55,3,6224,58
Mountain,2024,40,42,2,5919,44
Pacific,2024,40,166,12,11928,178
New England,2024,41,9,4,4896,13
Middle Atlantic,2024,41,7,3,6706,10
East North Central,2024,41,51,15,15527,66
West North Central,2024,41,20,2,6904,22
South Atlantic,2024,41,24,4,7035,28
East South Central,2024,41,2,6,1141,8
West South Central,2024,41,74,4,6316,78
Mountain,2024,41,37,2,5836,39
Pacific,2024,41,190,14,15357,204
New England,2024,42,14,4,4921,18
Middle Atlantic,2024,42,16,3,6619,19
East North Central,2024,42,39,8,15836,47
West North Central,2024,42,21,4,8036,25
South Atlantic,2024,42,40,1,8112,41
East South Central,2024,42,1,8,1256,9
West South Central,2024,42,72,6,6233,78
Mountain,2024,42,54,10,5975,64
Pacific,2024,42,208,19,15778,227
New England,2024,43,32,9,5344,41
Middle Atlantic,2024,43,33,1,7680,34
East North Central,2024,43,59,21,16377,80
West North Central,2024,43,30,3,8292,33
South Atlantic,2024,43,47,7,7734,54
East South Central,2024,43,5,12,1264,17
West South Central,2024,43,109,10,6682,119
Mountain,2024,43,79,6,5866,85
Pacific,2024,43,250,17,16364,267
New England,2024,44,26,9,4685,35
Middle Atlantic,2024,44,37,2,6481,39
East North Central,2024,44,114,20,16602,134
West North Central,2024,44,54,8,8279,62
South Atlantic,2024,44,69,3,8693,72
East South Central,2024,44,6,7,1343,13
West South Central,2024,44,107,5,6561,112
Mountain,2024,44,127,3,6473,130
Pacific,2024,44,303,17,16140,320
New England,2024,45,30,8,5055,38
Middle Atlantic,2024,45,49,5,6281,54
East North Central,2024,45,119,7,16011,126
West North Central,2024,45,52,7,8411,59
South Atlantic,2024,45,54,5,7815,59
East South Central,2024,45,15,6,1204,21
West South Central,2024,45,171,6,7104,177
Mountain,2024,45,207,10,6515,217
Pacific,2024,45,391,30,18321,421
New England,2024,46,22,11,4923,33
Middle Atlantic,2024,46,46,5,6774,51
East North Central,2024,46,171,15,17138,186
West North Central,2024,46,43,7,8170,50
South Atlantic,2024,46,96,5,9212,101
East South Central,2024,46,7,8,1386,15
West South Central,2024,46,249,7,7787,256
Mountain,2024,46,284,19,7251,303
Pacific,2024,46,686,49,19318,735
New England,2024,47,32,17,5267,49
Middle Atlantic,2024,47,82,8,6927,90
East North Central,2024,47,208,7,18505,215
West North Central,2024,47,67,9,9062,76
South Atlantic,2024,47,67,9,8375,76
East South Central,2024,47,18,6,1428,24
West South Central,2024,47,356,15,8564,371
Mountain,2024,47,463,18,7742,481
Pacific,2024,47,998,78,20865,1076
New England,2024,48,53,8,5024,61
Middle Atlantic,2024,48,125,8,6370,133
East North Central,2024,48,231,10,16481,241
West North Central,2024,48,132,11,9391,143
South Atlantic,2024,48,157,12,9357,169
East South Central,2024,48,29,1,1309,30
West South Central,2024,48,460,17,8211,477
Mountain,2024,48,699,13,8120,712
Pacific,2024,48,1236,107,19547,1343
New England,2024,49,103,22,5921,125
Middle Atlantic,2024,49,200,13,7317,213
East North Central,2024,49,506,16,20228,522
West North Central,2024,49,296,15,10274,311
South Atlantic,2024,49,237,7,10147,244
East South Central,2024,49,47,4,1476,51
West South Central,2024,49,533,24,9085,557
Mountain,2024,49,853,26,9188,879
Pacific,2024,49,2028,134,24665,2162
New England,2024,50,204,37,6021,241
Middle Atlantic,2024,50,336,17,7884,353
East North Central,2024,50,1106,19,21723,1125
West North Central,2024,50,608,26,10869,634
South Atlantic,2024,50,546,7,11020,553
East South Central,2024,50,122,10,1638,132
West South Central,2024,50,1191,24,9589,1215
Mountain,2024,50,1322,23,9797,1345
Pacific,2024,50,3325,205,27679,3530
New England,2024,51,346,44,6428,390
Middle Atlantic,2024,51,630,30,8644,660
East North Central,2024,51,2422,27,25421,2449
West North Central,2024,51,1507,51,12508,1558
South Atlantic,2024,51,1220,11,11974,1231
East South Central,2024,51,215,9,1806,224
West South Central,2024,51,2058,25,10742,2083
Mountain,2024,51,2459,46,11900,2505
Pacific,2024,51,6147,270,34117,6417
New England,2024,52,739,57,7134,796
Middle Atlantic,2024,52,1323,53,9116,1376
East North Central,2024,52,3858,39,27154,3897
West North Central,2024,52,2790,56,14286,2846
South Atlantic,2024,52,1401,12,12014,1413
East South Central,2024,52,242,4,1605,246
West South Central,2024,52,2912,26,11621,2938
Mountain,2024,52,2912,67,12752,2979
Pacific,2024,52,7111,298,35391,7409
New England,2025,1,1168,76,8546,1244
Middle Atlantic,2025,1,1569,54,10275,1623
East North Central,2025,1,4363,47,28951,4410
West North Central,2025,1,2724,64,14925,2788
South Atlantic,2025,1,1805,13,12748,1818
East South Central,2025,1,293,8,1788,301
West South Central,2025,1,2293,36,10641,2329
Mountain,2025,1,3664,62,13681,3726
Pacific,2025,1,6735,300,37175,7035
New England,2025,2,1189,69,7828,1258
Middle Atlantic,2025,2,1552,54,10184,1606
East North Central,2025,2,5262,33,30208,5295
West North Central,2025,2,2947,91,14767,3038
South Atlantic,2025,2,1276,15,10085,1291
East South Central,2025,2,288,12,1654,300
West South Central,2025,2,1969,25,8825,1994
Mountain,2025,2,2619,29,11593,2648
Pacific,2025,2,6798,372,38569,7170
New England,2025,3,1864,111,8829,1975
Middle Atlantic,2025,3,2254,72,10606,2326
East North Central,2025,3,8457,55,32038,8512
West North Central,2025,3,3979,146,16176,4125
South Atlantic,2025,3,2419,21,12241,2440
East South Central,2025,3,297,8,1694,305
West South Central,2025,3,3165,28,10118,3193
Mountain,2025,3,2636,63,11370,2699
Pacific,2025,3,7737,422,38521,8159
New England,2025,4,2706,141,9453,2847
Middle Atlantic,2025,4,2933,114,10659,3047
East North Central,2025,4,11701,90,35096,11791
West North Central,2025,4,4574,129,16133,4703
South Atlantic,2025,4,3293,26,12948,3319
East South Central,2025,4,397,7,1709,404
West South Central,2025,4,3647,37,9758,3684
Mountain,2025,4,2789,64,11930,2853
Pacific,2025,4,9275,685,40534,9960
New England,2025,5,3422,197,11041,3619
Middle Atlantic,2025,5,3506,159,12088,3665
East North Central,2025,5,14340,162,40997,14502
West North Central,2025,5,6700,230,19745,6930
South Atlantic,2025,5,4122,40,14830,4162
East South Central,2025,5,534,13,2123,547
West South Central,2025,5,5739,70,13486,5809
Mountain,2025,5,3227,116,12519,3343
Pacific,2025,5,11339,1126,47090,12465
New England,2025,6,3409,279,10924,3688
Middle Atlantic,2025,6,3701,232,12688,3933
East North Central,2025,6,15756,250,43045,16006
West North Central,2025,6,6517,256,20264,6773
South Atlantic,2025,6,4268,46,15519,4314
East South Central,2025,6,619,14,2289,633
West South Central,2025,6,4618,97,12779,4715
Mountain,2025,6,3657,161,14327,3818
Pacific,2025,6,10591,1565,46566,12156
New England,2025,7,2688,287,10102,2975
Middle Atlantic,2025,7,3401,274,12180,3675
East North Central,2025,7,13692,272,39653,13964
West North Central,2025,7,5046,251,17941,5297
South Atlantic,2025,7,2526,38,12048,2564
East South Central,2025,7,364,16,1839,380
West South Central,2025,7,2557,66,9875,2623
Mountain,2025,7,3146,216,14052,3362
Pacific,2025,7,8125,1757,42965,9882
New England,2025,8,1821,313,8642,2134
Middle Atlantic,2025,8,2273,321,10346,2594
East North Central,2025,8,10538,370,35765,10908
West North Central,2025,8,3483,226,15296,3709
South Atlantic,2025,8,1792,47,10731,1839
East South Central,2025,8,242,15,1608,257
West South Central,2025,8,1745,88,8861,1833
Mountain,2025,8,2403,277,12086,2680
Pacific,2025,8,6000,1955,38305,7955
New England,2025,9,1225,334,8193,1559
Middle Atlantic,2025,9,1542,324,9879,1866
East North Central,2025,9,7850,552,32721,8402
West North Central,2025,9,2464,222,13869,2686
South Atlantic,2025,9,1909,63,12344,1972
East South Central,2025,9,226,14,1644,240
West South Central,2025,9,1315,104,8808,1419
Mountain,2025,9,2112,244,12652,2356
Pacific,2025,9,3722,1741,33174,5463
New England,2025,10,897,427,7316,1324
Middle Atlantic,2025,10,1181,380,9382,1561
East North Central,2025,10,4978,672,28739,5650
West North Central,2025,10,1643,227,12304,1870
South Atlantic,2025,10,1172,85,10502,1257
East South Central,2025,10,152,25,1590,177
West South Central,2025,10,828,93,7520,921
Mountain,2025,10,1675,284,11684,1959
Pacific,2025,10,2370,1484,28102,3854
New England,2025,11,596,502,7025,1098
Middle Atlantic,2025,11,839,431,8696,1270
East North Central,2025,11,3224,760,25259,3984
West North Central,2025,11,1117,231,11240,1348
South Atlantic,2025,11,1038,95,9900,1133
East South Central,2025,11,143,17,1509,160
West South Central,2025,11,535,93,6866,628
Mountain,2025,11,1260,245,10925,1505
Pacific,2025,11,1838,1405,26509,3243
New England,2025,12,393,517,6499,910
Middle Atlantic,2025,12,558,477,8336,1035
East North Central,2025,12,1687,777,21681,2464
West North Central,2025,12,601,177,9615,778
South Atlantic,2025,12,643,140,8740,783
East South Central,2025,12,92,13,1334,105
West South Central,2025,12,319,95,6307,414
Mountain,2025,12,837,222,9440,1059
Pacific,2025,12,1376,1532,25510,2908
New England,2025,13,242,507,6059,749
Middle Atlantic,2025,13,369,490,8192,859
East North Central,2025,13,1028,740,19743,1768
West North Central,2025,13,399,192,8971,591
South Atlantic,2025,13,489,170,8061,659
East South Central,2025,13,75,11,1266,86
West South Central,2025,13,234,113,6160,347
Mountain,2025,13,687,205,9102,892
Pacific,2025,13,958,1463,23166,2421
New England,2025,14,189,443,5780,632
Middle Atlantic,2025,14,308,450,7783,758
East North Central,2025,14,541,720,17836,1261
West North Central,2025,14,208,222,8200,430
South Atlantic,2025,14,259,127,7444,386
East South Central,2025,14,29,9,1069,38
West South Central,2025,14,181,106,5771,287
Mountain,2025,14,411,195,8096,606
Pacific,2025,14,738,1143,20862,1881
New England,2025,15,125,409,5507,534
Middle Atlantic,2025,15,168,408,7589,576
East North Central,2025,15,296,626,16581,922
West North Central,2025,15,152,190,8277,342
South Atlantic,2025,15,163,118,7445,281
East South Central,2025,15,16,12,1039,28
West South Central,2025,15,115,105,5952,220
Mountain,2025,15,344,227,8070,571
Pacific,2025,15,490,968,19522,1458
New England,2025,16,94,337,5032,431
Middle Atlantic,2025,16,128,296,6997,424
East North Central,2025,16,233,600,16463,833
West North Central,2025,16,94,169,6609,263
South Atlantic,2025,16,102,106,6742,208
East South Central,2025,16,20,9,1042,29
West South Central,2025,16,82,115,6016,197
Mountain,2025,16,239,201,7677,440
Pacific,2025,16,356,766,18157,1122
New England,2025,17,70,192,4627,262
Middle Atlantic,2025,17,108,224,6693,332
East North Central,2025,17,135,550,15556,685
West North Central,2025,17,73,117,7557,190
South Atlantic,2025,17,73,117,6601,190
East South Central,2025,17,11,17,1092,28
West South Central,2025,17,54,102,5613,156
Mountain,2025,17,204,225,7635,429
Pacific,2025,17,279,645,16866,924
New England,2025,18,31,126,4365,157
Middle Atlantic,2025,18,55,136,5773,191
East North Central,2025,18,65,377,14337,442
West North Central,2025,18,34,98,7060,132
South Atlantic,2025,18,33,57,6765,90
East South Central,2025,18,6,10,959,16
West South Central,2025,18,60,100,5508,160
Mountain,2025,18,114,194,6393,308
Pacific,2025,18,223,433,13263,656
New England,2025,19,11,81,4017,92
Middle Atlantic,2025,19,39,95,5312,134
East North Central,2025,19,79,281,12897,360
West North Central,2025,19,27,80,6590,107
South Atlantic,2025,19,26,57,6662,83
East South Central,2025,19,5,12,1028,17
West South Central,2025,19,33,76,4999,109
Mountain,2025,19,70,189,6296,259
Pacific,2025,19,109,189,7836,298
New England,2025,20,14,44,3871,58
Middle Atlantic,2025,20,28,71,5109,99
East North Central,2025,20,31,189,12067,220
West North Central,2025,20,20,57,6489,77
South Atlantic,2025,20,17,55,6462,72
East South Central,2025,20,2,12,967,14
West South Central,2025,20,28,76,5088,104
Mountain,2025,20,57,182,5843,239
Pacific,2025,20,94,174,7822,268
New England,2025,21,12,24,3718,36
Middle Atlantic,2025,21,17,53,4663,70
East North Central,2025,21,25,95,11115,120
West North Central,2025,21,18,34,5807,52
South Atlantic,2025,21,19,45,6503,64
East South Central,2025,21,3,6,979,9
West South Central,2025,21,39,88,5032,127
Mountain,2025,21,33,182,5348,215
Pacific,2025,21,99,187,7801,286
New England,2025,22,15,18,3666,33
Middle Atlantic,2025,22,15,35,4610,50
East North Central,2025,22,25,69,10041,94
West North Central,2025,22,15,20,5650,35
South Atlantic,2025,22,13,17,5422,30
East South Central,2025,22,3,9,955,12
West South Central,2025,22,48,99,4880,147
Mountain,2025,22,52,179,5104,231
Pacific,2025,22,103,150,7143,253
New England,2025,23,13,9,3592,22
Middle Atlantic,2025,23,19,29,4364,48
East North Central,2025,23,38,72,10117,110
West North Central,2025,23,16,12,5199,28
South Atlantic,2025,23,17,14,4924,31
East South Central,2025,23,6,9,927,15
West South Central,2025,23,43,88,4454,131
Mountain,2025,23,28,118,4505,146
Pacific,2025,23,84,119,7354,203
New England,2025,24,11,7,3241,18
Middle Atlantic,2025,24,7,18,4107,25
East North Central,2025,24,41,42,8662,83
West North Central,2025,24,18,6,4871,24
South Atlantic,2025,24,20,26,5185,46
East South Central,2025,24,3,5,873,8
West South Central,2025,24,14,53,3994,67
Mountain,2025,24,20,41,4396,61
Pacific,2025,24,61,118,6553,179
New England,2025,25,9,4,3048,13
Middle Atlantic,2025,25,14,7,3889,21
East North Central,2025,25,35,28,7700,63
West North Central,2025,25,15,4,4697,19
South Atlantic,2025,25,19,15,4761,34
East South Central,2025,25,2,3,831,5
West South Central,2025,25,13,34,3353,47
Mountain,2025,25,31,22,4103,53
Pacific,2025,25,50,104,6470,154
New England,2025,26,10,3,2993,13
Middle Atlantic,2025,26,7,4,3689,11
East North Central,2025,26,33,4,6737,37
West North Central,2025,26,16,2,4604,18
South Atlantic,2025,26,7,5,3891,12
East South Central,2025,26,4,1,752,5
West South Central,2025,26,17,33,3336,50
Mountain,2025,26,21,18,3608,39
Pacific,2025,26,56,59,5304,115
New England,2025,27,10,1,2586,11
Middle Atlantic,2025,27,4,6,3458,10
East North Central,2025,27,33,4,6809,37
West North Central,2025,27,17,6,4244,23
South Atlantic,2025,27,5,11,4110,16
East South Central,2025,27,7,3,710,10
West South Central,2025,27,18,34,3089,52
Mountain,2025,27,14,16,3246,30
Pacific,2025,27,52,34,5801,86
New England,2025,28,11,0,2588,11
Middle Atlantic,2025,28,10,7,3358,17
East North Central,2025,28,19,6,7240,25
West North Central,2025,28,13,7,4042,20
South Atlantic,2025,28,17,15,4391,32
East South Central,2025,28,2,8,732,10
West South Central,2025,28,9,27,3219,36
Mountain,2025,28,17,11,3526,28
Pacific,2025,28,52,38,5560,90
New England,2025,29,7,1,2534,8
Middle Atlantic,2025,29,10,3,3348,13
East North Central,2025,29,10,6,6521,16
West North Central,2025,29,8,3,4049,11
South Atlantic,2025,29,12,9,4081,21
East South Central,2025,29,7,2,733,9
West South Central,2025,29,5,7,2652,12
Mountain,2025,29,12,9,3324,21
Pacific,2025,29,40,22,5181,62
New England,2025,30,9,1,2560,10
Middle Atlantic,2025,30,12,1,3077,13
East North Central,2025,30,16,2,6718,18
West North Central,2025,30,11,2,4259,13
South Atlantic,2025,30,7,5,4108,12
East South Central,2025,30,3,2,712,5
West South Central,2025,30,7,6,2884,13
Mountain,2025,30,12,11,3302,23
Pacific,2025,30,25,5,5164,30
New England,2025,31,10,2,2547,12
Middle Atlantic,2025,31,4,2,3088,6
East North Central,2025,31,10,1,3752,11
West North Central,2025,31,8,0,4269,8
South Atlantic,2025,31,5,3,4058,8
East South Central,2025,31,0,3,151,3
West South Central,2025,31,5,7,3072,12
Mountain,2025,31,11,5,3288,16
Pacific,2025,31,42,5,5126,47
New England,2025,32,9,0,2115,9
Middle Atlantic,2025,32,5,8,3009,13
East North Central,2025,32,12,1,4033,13
West North Central,2025,32,9,2,3861,11
South Atlantic,2025,32,11,1,3511,12
East South Central,2025,32,2,3,314,5
West South Central,2025,32,4,5,2478,9
Mountain,2025,32,5,3,3922,8
Pacific,2025,32,31,5,4766,36
