region,year,week,total_a,total_b,total_specimens,total_cases
Alabama,2015,40,2,3,167,5
Arizona,2015,40,0,0,55,0
Arkansas,2015,40,0,1,26,1
California,2015,40,2,0,683,2
Colorado,2015,40,0,1,255,1
Connecticut,2015,40,1,0,304,1
Delaware,2015,40,0,0,22,0
Florida,2015,40,14,6,1068,20
Georgia,2015,40,6,5,518,11
Idaho,2015,40,0,0,11,0
Illinois,2015,40,3,0,266,3
Indiana,2015,40,0,0,97,0
Iowa,2015,40,0,0,61,0
Kansas,2015,40,2,1,90,3
Kentucky,2015,40,1,0,205,1
Louisiana,2015,40,1,2,306,3
Maryland,2015,40,0,0,27,0
Massachusetts,2015,40,1,2,259,3
Michigan,2015,40,9,0,492,9
Minnesota,2015,40,1,0,220,1
Mississippi,2015,40,1,0,140,1
Missouri,2015,40,0,0,432,0
Montana,2015,40,0,0,91,0
Nebraska,2015,40,0,0,38,0
New Hampshire,2015,40,0,0,21,0
New Mexico,2015,40,0,0,182,0
New York,2015,40,4,0,1095,4
North Carolina,2015,40,0,1,133,1
Ohio,2015,40,0,2,382,2
Oklahoma,2015,40,1,0,131,1
Oregon,2015,40,0,0,139,0
Pennsylvania,2015,40,0,1,364,1
South Carolina,2015,40,0,0,152,0
South Dakota,2015,40,0,0,134,0
Tennessee,2015,40,0,1,103,1
Texas,2015,40,6,13,1129,19
Utah,2015,40,0,0,335,0
Vermont,2015,40,0,1,91,1
Virginia,2015,40,0,0,156,0
Washington,2015,40,3,0,245,3
West Virginia,2015,40,0,0,327,0
Wisconsin,2015,40,1,1,681,2
Alabama,2015,41,2,1,167,3
Arizona,2015,41,0,0,71,0
Arkansas,2015,41,1,0,36,1
California,2015,41,3,2,661,5
Colorado,2015,41,2,0,281,2
Connecticut,2015,41,10,3,347,13
Delaware,2015,41,0,0,41,0
Florida,2015,41,33,7,1282,40
Georgia,2015,41,0,2,483,2
Illinois,2015,41,3,0,271,3
Indiana,2015,41,1,1,96,2
Iowa,2015,41,1,0,55,1
Kansas,2015,41,2,1,93,3
Kentucky,2015,41,0,0,231,0
Louisiana,2015,41,2,1,389,3
Maryland,2015,41,0,0,46,0
Massachusetts,2015,41,1,1,256,2
Michigan,2015,41,8,2,534,10
Minnesota,2015,41,2,0,243,2
Mississippi,2015,41,2,0,147,2
Missouri,2015,41,2,2,487,4
Montana,2015,41,0,0,72,0
Nebraska,2015,41,0,2,55,2
Nevada,2015,41,0,0,12,0
New Hampshire,2015,41,0,0,23,0
New Mexico,2015,41,0,0,218,0
New York,2015,41,4,2,1239,6
North Carolina,2015,41,0,2,146,2
Ohio,2015,41,1,1,620,2
Oklahoma,2015,41,0,0,159,0
Oregon,2015,41,1,0,117,1
Pennsylvania,2015,41,1,1,463,2
South Carolina,2015,41,0,0,183,0
South Dakota,2015,41,0,0,109,0
Tennessee,2015,41,1,2,120,3
Texas,2015,41,7,15,1150,22
Utah,2015,41,0,0,362,0
Vermont,2015,41,0,0,110,0
Virginia,2015,41,1,0,174,1
Washington,2015,41,4,0,239,4
West Virginia,2015,41,0,3,373,3
Wisconsin,2015,41,0,2,593,2
Wyoming,2015,41,1,0,15,1
Alabama,2015,42,4,1,193,5
Arizona,2015,42,0,0,74,0
Arkansas,2015,42,0,0,40,0
California,2015,42,2,0,609,2
Colorado,2015,42,1,1,281,2
Connecticut,2015,42,4,2,313,6
Delaware,2015,42,1,0,46,1
Florida,2015,42,47,8,1355,55
Georgia,2015,42,2,3,503,5
Idaho,2015,42,0,0,22,0
Illinois,2015,42,3,3,275,6
Indiana,2015,42,0,0,76,0
Iowa,2015,42,3,0,93,3
Kansas,2015,42,2,0,69,2
Kentucky,2015,42,1,0,234,1
Louisiana,2015,42,1,0,407,1
Maryland,2015,42,0,0,62,0
Massachusetts,2015,42,0,1,244,1
Michigan,2015,42,0,0,541,0
Minnesota,2015,42,1,1,262,2
Mississippi,2015,42,1,0,148,1
Missouri,2015,42,1,0,502,1
Montana,2015,42,0,0,68,0
Nebraska,2015,42,0,0,60,0
New Hampshire,2015,42,0,0,10,0
New Mexico,2015,42,0,0,235,0
New York,2015,42,1,2,1262,3
North Carolina,2015,42,1,0,158,1
North Dakota,2015,42,0,0,12,0
Ohio,2015,42,0,4,682,4
Oklahoma,2015,42,1,1,171,2
Oregon,2015,42,0,0,142,0
Pennsylvania,2015,42,3,1,441,4
South Carolina,2015,42,3,0,219,3
South Dakota,2015,42,0,0,139,0
Tennessee,2015,42,2,1,171,3
Texas,2015,42,4,14,1084,18
Utah,2015,42,1,1,362,2
Vermont,2015,42,0,0,118,0
Virginia,2015,42,0,0,55,0
Washington,2015,42,1,0,223,1
West Virginia,2015,42,1,8,409,9
Wisconsin,2015,42,1,0,648,1
Wyoming,2015,42,0,0,14,0
Alabama,2015,43,3,4,164,7
Arizona,2015,43,0,0,64,0
Arkansas,2015,43,0,0,33,0
California,2015,43,0,0,677,0
Colorado,2015,43,0,1,332,1
Connecticut,2015,43,0,0,335,0
Delaware,2015,43,0,0,31,0
Florida,2015,43,37,15,1262,52
Georgia,2015,43,3,5,511,8
Idaho,2015,43,0,0,18,0
Illinois,2015,43,8,5,366,13
Indiana,2015,43,0,0,84,0
Iowa,2015,43,3,0,105,3
Kansas,2015,43,1,2,97,3
Kentucky,2015,43,0,0,229,0
Louisiana,2015,43,2,1,293,3
Massachusetts,2015,43,0,1,231,1
Michigan,2015,43,0,0,541,0
Minnesota,2015,43,1,0,242,1
Mississippi,2015,43,2,0,177,2
Missouri,2015,43,0,2,486,2
Montana,2015,43,0,0,61,0
Nebraska,2015,43,0,1,54,1
New Hampshire,2015,43,0,0,23,0
New Mexico,2015,43,1,0,208,1
New York,2015,43,6,3,1284,9
North Carolina,2015,43,1,0,147,1
North Dakota,2015,43,0,0,19,0
Ohio,2015,43,3,1,781,4
Oklahoma,2015,43,1,0,147,1
Oregon,2015,43,0,1,164,1
Pennsylvania,2015,43,1,2,412,3
South Carolina,2015,43,1,1,241,2
South Dakota,2015,43,0,0,130,0
Tennessee,2015,43,0,1,155,1
Texas,2015,43,16,4,1093,20
Utah,2015,43,1,0,386,1
Vermont,2015,43,0,0,98,0
Virginia,2015,43,0,0,165,0
Washington,2015,43,1,0,277,1
West Virginia,2015,43,0,1,418,1
Wisconsin,2015,43,1,0,580,1
Wyoming,2015,43,0,0,15,0
Alabama,2015,44,2,3,254,5
Arizona,2015,44,1,0,96,1
Arkansas,2015,44,2,0,47,2
California,2015,44,9,0,811,9
Colorado,2015,44,0,0,384,0
Connecticut,2015,44,0,0,346,0
Delaware,2015,44,0,0,48,0
Florida,2015,44,39,16,1334,55
Georgia,2015,44,3,5,657,8
Idaho,2015,44,0,1,17,1
Illinois,2015,44,5,3,380,8
Indiana,2015,44,0,0,103,0
Iowa,2015,44,1,0,91,1
Kansas,2015,44,1,3,115,4
Kentucky,2015,44,0,0,265,0
Louisiana,2015,44,1,1,318,2
Massachusetts,2015,44,0,0,273,0
Michigan,2015,44,3,0,558,3
Minnesota,2015,44,0,1,314,1
Mississippi,2015,44,1,0,165,1
Missouri,2015,44,0,0,498,0
Montana,2015,44,1,0,85,1
Nebraska,2015,44,0,1,79,1
Nevada,2015,44,0,0,10,0
New Hampshire,2015,44,0,0,14,0
New Mexico,2015,44,2,0,229,2
New York,2015,44,4,2,1236,6
North Carolina,2015,44,0,0,152,0
Ohio,2015,44,5,6,744,11
Oklahoma,2015,44,0,0,174,0
Oregon,2015,44,0,0,159,0
Pennsylvania,2015,44,2,1,490,3
South Carolina,2015,44,0,1,288,1
South Dakota,2015,44,0,0,108,0
Tennessee,2015,44,0,8,230,8
Texas,2015,44,11,6,1217,17
Utah,2015,44,0,1,417,1
Vermont,2015,44,0,1,118,1
Virginia,2015,44,0,0,137,0
Washington,2015,44,1,0,293,1
West Virginia,2015,44,0,5,488,5
Wisconsin,2015,44,0,0,546,0
Wyoming,2015,44,0,0,28,0
Alabama,2015,45,3,3,250,6
Arizona,2015,45,0,0,89,0
Arkansas,2015,45,0,0,33,0
California,2015,45,6,3,873,9
Colorado,2015,45,1,0,391,1
Connecticut,2015,45,1,0,298,1
Delaware,2015,45,0,0,63,0
Florida,2015,45,41,31,1478,72
Georgia,2015,45,7,18,652,25
Idaho,2015,45,0,0,32,0
Illinois,2015,45,17,1,375,18
Indiana,2015,45,0,0,102,0
Iowa,2015,45,0,0,58,0
Kansas,2015,45,1,0,104,1
Kentucky,2015,45,0,0,217,0
Louisiana,2015,45,4,0,438,4
Maryland,2015,45,0,0,15,0
Massachusetts,2015,45,1,1,218,2
Michigan,2015,45,2,1,553,3
Minnesota,2015,45,0,0,257,0
Mississippi,2015,45,5,1,176,6
Missouri,2015,45,0,0,482,0
Montana,2015,45,0,0,68,0
Nebraska,2015,45,0,0,71,0
Nevada,2015,45,1,0,11,1
New Hampshire,2015,45,0,0,25,0
New Mexico,2015,45,0,0,250,0
New York,2015,45,2,2,1322,4
North Carolina,2015,45,0,0,175,0
North Dakota,2015,45,0,0,15,0
Ohio,2015,45,4,1,715,5
Oklahoma,2015,45,0,0,190,0
Oregon,2015,45,0,0,160,0
Pennsylvania,2015,45,2,0,463,2
South Carolina,2015,45,1,0,255,1
South Dakota,2015,45,0,0,132,0
Tennessee,2015,45,0,6,198,6
Texas,2015,45,16,15,1343,31
Utah,2015,45,0,0,476,0
Vermont,2015,45,0,0,107,0
Virginia,2015,45,1,0,220,1
Washington,2015,45,0,1,264,1
West Virginia,2015,45,0,0,442,0
Wisconsin,2015,45,0,0,621,0
Wyoming,2015,45,1,0,20,1
Alabama,2015,46,4,1,279,5
Arizona,2015,46,0,0,104,0
Arkansas,2015,46,0,0,44,0
California,2015,46,4,2,943,6
Colorado,2015,46,0,0,385,0
Connecticut,2015,46,1,1,359,2
Delaware,2015,46,0,0,62,0
Florida,2015,46,22,24,1056,46
Georgia,2015,46,5,21,836,26
Idaho,2015,46,0,0,19,0
Illinois,2015,46,7,4,364,11
Indiana,2015,46,0,0,120,0
Iowa,2015,46,0,0,67,0
Kansas,2015,46,2,3,93,5
Kentucky,2015,46,0,2,261,2
Louisiana,2015,46,4,0,450,4
Massachusetts,2015,46,0,0,263,0
Michigan,2015,46,4,1,582,5
Minnesota,2015,46,0,0,276,0
Mississippi,2015,46,1,0,209,1
Missouri,2015,46,0,1,480,1
Montana,2015,46,0,0,61,0
Nebraska,2015,46,0,0,49,0
New Hampshire,2015,46,0,0,18,0
New Mexico,2015,46,0,0,265,0
New York,2015,46,1,2,1330,3
North Carolina,2015,46,3,1,175,4
North Dakota,2015,46,0,0,14,0
Ohio,2015,46,3,3,819,6
Oklahoma,2015,46,0,0,217,0
Oregon,2015,46,0,0,226,0
Pennsylvania,2015,46,1,3,506,4
South Carolina,2015,46,1,4,321,5
South Dakota,2015,46,0,0,106,0
Tennessee,2015,46,0,3,256,3
Texas,2015,46,16,17,1140,33
Utah,2015,46,0,0,456,0
Vermont,2015,46,0,0,106,0
Virginia,2015,46,0,0,205,0
Washington,2015,46,0,1,299,1
West Virginia,2015,46,1,3,457,4
Wisconsin,2015,46,1,0,574,1
Wyoming,2015,46,0,0,16,0
Alabama,2015,47,0,3,271,3
Arizona,2015,47,1,0,97,1
Arkansas,2015,47,1,0,40,1
California,2015,47,4,1,858,5
Colorado,2015,47,2,0,418,2
Connecticut,2015,47,0,0,353,0
Delaware,2015,47,0,1,64,1
Florida,2015,47,68,47,1514,115
Georgia,2015,47,2,2,738,4
Idaho,2015,47,1,0,26,1
Illinois,2015,47,4,2,300,6
Indiana,2015,47,0,0,126,0
Iowa,2015,47,0,0,62,0
Kansas,2015,47,0,1,95,1
Kentucky,2015,47,0,1,275,1
Louisiana,2015,47,3,0,472,3
Massachusetts,2015,47,2,0,287,2
Michigan,2015,47,3,0,559,3
Minnesota,2015,47,1,0,266,1
Mississippi,2015,47,2,0,191,2
Missouri,2015,47,0,0,411,0
Montana,2015,47,0,0,67,0
Nebraska,2015,47,0,0,49,0
New Hampshire,2015,47,0,0,15,0
New Mexico,2015,47,0,0,288,0
New York,2015,47,4,4,1213,8
North Carolina,2015,47,1,4,219,5
Ohio,2015,47,0,1,705,1
Oklahoma,2015,47,0,0,170,0
Oregon,2015,47,0,0,205,0
Pennsylvania,2015,47,0,1,451,1
South Carolina,2015,47,2,0,300,2
South Dakota,2015,47,0,0,116,0
Tennessee,2015,47,0,7,217,7
Texas,2015,47,8,11,1494,19
Utah,2015,47,0,1,485,1
Vermont,2015,47,0,1,104,1
Virginia,2015,47,0,0,136,0
Washington,2015,47,0,1,294,1
West Virginia,2015,47,1,1,382,2
Wisconsin,2015,47,2,2,573,4
Wyoming,2015,47,0,0,14,0
Alabama,2015,48,5,4,321,9
Arizona,2015,48,1,0,88,1
Arkansas,2015,48,0,0,54,0
California,2015,48,9,7,1015,16
Colorado,2015,48,2,0,451,2
Connecticut,2015,48,1,0,349,1
Delaware,2015,48,0,0,61,0
Florida,2015,48,49,27,1245,76
Georgia,2015,48,2,3,452,5
Idaho,2015,48,5,2,43,7
Illinois,2015,48,3,2,365,5
Indiana,2015,48,2,0,112,2
Iowa,2015,48,0,0,93,0
Kansas,2015,48,3,0,105,3
Kentucky,2015,48,0,1,283,1
Louisiana,2015,48,2,0,483,2
Maryland,2015,48,0,0,21,0
Massachusetts,2015,48,1,1,286,2
Michigan,2015,48,7,0,610,7
Minnesota,2015,48,0,0,309,0
Mississippi,2015,48,4,1,182,5
Missouri,2015,48,1,0,491,1
Montana,2015,48,0,0,69,0
Nebraska,2015,48,0,0,63,0
Nevada,2015,48,1,0,18,1
New Hampshire,2015,48,0,0,18,0
New Mexico,2015,48,0,1,264,1
New York,2015,48,6,2,1457,8
North Carolina,2015,48,2,2,224,4
Ohio,2015,48,1,2,766,3
Oklahoma,2015,48,0,0,213,0
Oregon,2015,48,1,0,222,1
Pennsylvania,2015,48,4,2,488,6
South Carolina,2015,48,0,3,307,3
South Dakota,2015,48,1,1,130,2
Tennessee,2015,48,4,8,256,12
Texas,2015,48,10,10,1480,20
Utah,2015,48,1,0,564,1
Vermont,2015,48,0,0,104,0
Virginia,2015,48,0,0,215,0
Washington,2015,48,5,2,346,7
West Virginia,2015,48,0,0,419,0
Wisconsin,2015,48,2,0,721,2
Wyoming,2015,48,0,0,33,0
Alabama,2015,49,3,1,277,4
Arizona,2015,49,2,0,72,2
Arkansas,2015,49,0,0,48,0
California,2015,49,6,3,985,9
Colorado,2015,49,2,3,455,5
Connecticut,2015,49,1,1,343,2
Delaware,2015,49,0,0,87,0
Florida,2015,49,57,38,1348,95
Georgia,2015,49,2,5,683,7
Idaho,2015,49,2,1,37,3
Illinois,2015,49,3,0,359,3
Indiana,2015,49,0,0,158,0
Iowa,2015,49,0,0,84,0
Kansas,2015,49,4,1,137,5
Kentucky,2015,49,0,2,272,2
Louisiana,2015,49,2,0,400,2
Maryland,2015,49,0,0,21,0
Massachusetts,2015,49,0,3,303,3
Michigan,2015,49,9,1,599,10
Minnesota,2015,49,1,1,292,2
Mississippi,2015,49,2,0,179,2
Missouri,2015,49,2,1,456,3
Montana,2015,49,0,0,75,0
Nebraska,2015,49,0,0,72,0
Nevada,2015,49,0,0,23,0
New Hampshire,2015,49,0,0,19,0
New Mexico,2015,49,0,1,262,1
New York,2015,49,8,4,1422,12
North Carolina,2015,49,0,4,213,4
North Dakota,2015,49,0,0,11,0
Ohio,2015,49,1,2,808,3
Oklahoma,2015,49,0,0,214,0
Oregon,2015,49,3,2,214,5
Pennsylvania,2015,49,2,0,582,2
South Carolina,2015,49,0,2,307,2
South Dakota,2015,49,0,0,118,0
Tennessee,2015,49,2,10,294,12
Texas,2015,49,12,12,1557,24
Utah,2015,49,4,2,546,6
Vermont,2015,49,0,1,124,1
Virginia,2015,49,0,0,216,0
Washington,2015,49,2,1,358,3
West Virginia,2015,49,0,1,431,1
Wisconsin,2015,49,1,3,752,4
Wyoming,2015,49,0,0,33,0
Alabama,2015,50,3,6,250,9
Arizona,2015,50,2,1,87,3
Arkansas,2015,50,0,1,43,1
California,2015,50,11,8,1015,19
Colorado,2015,50,1,0,460,1
Connecticut,2015,50,0,2,351,2
Delaware,2015,50,0,0,82,0
Florida,2015,50,154,100,1806,254
Georgia,2015,50,1,10,751,11
Illinois,2015,50,5,1,372,6
Indiana,2015,50,0,0,142,0
Iowa,2015,50,2,0,88,2
Kansas,2015,50,2,1,118,3
Kentucky,2015,50,0,3,285,3
Louisiana,2015,50,2,0,428,2
Maryland,2015,50,0,0,17,0
Massachusetts,2015,50,1,0,345,1
Michigan,2015,50,4,0,549,4
Minnesota,2015,50,2,1,312,3
Mississippi,2015,50,3,0,157,3
Missouri,2015,50,4,1,489,5
Montana,2015,50,0,0,55,0
Nebraska,2015,50,0,0,62,0
Nevada,2015,50,0,0,17,0
New Hampshire,2015,50,0,0,16,0
New Mexico,2015,50,2,0,293,2
New York,2015,50,5,5,1613,10
North Carolina,2015,50,1,5,230,6
North Dakota,2015,50,0,0,13,0
Ohio,2015,50,3,3,818,6
Oklahoma,2015,50,0,1,194,1
Oregon,2015,50,8,4,211,12
Pennsylvania,2015,50,1,1,567,2
South Carolina,2015,50,0,0,301,0
South Dakota,2015,50,0,0,128,0
Tennessee,2015,50,0,6,278,6
Texas,2015,50,9,13,1655,22
Utah,2015,50,3,14,559,17
Vermont,2015,50,0,0,97,0
Virginia,2015,50,0,0,207,0
Washington,2015,50,4,3,315,7
West Virginia,2015,50,1,1,422,2
Wisconsin,2015,50,2,0,761,2
Wyoming,2015,50,0,0,20,0
Alabama,2015,51,2,1,257,3
Arizona,2015,51,1,0,78,1
Arkansas,2015,51,0,1,49,1
California,2015,51,22,18,1110,40
Colorado,2015,51,9,1,421,10
Connecticut,2015,51,4,0,327,4
Delaware,2015,51,1,0,86,1
Florida,2015,51,82,72,1345,154
Georgia,2015,51,4,3,733,7
Illinois,2015,51,6,1,391,7
Indiana,2015,51,0,0,114,0
Iowa,2015,51,0,1,97,1
Kansas,2015,51,1,0,110,1
Kentucky,2015,51,0,1,256,1
Louisiana,2015,51,6,1,576,7
Maine,2015,51,1,0,50,1
Maryland,2015,51,0,0,15,0
Massachusetts,2015,51,2,1,303,3
Michigan,2015,51,10,1,576,11
Minnesota,2015,51,5,0,298,5
Mississippi,2015,51,1,0,153,1
Missouri,2015,51,0,1,440,1
Montana,2015,51,0,0,68,0
Nebraska,2015,51,0,1,45,1
Nevada,2015,51,0,0,11,0
New Hampshire,2015,51,0,0,27,0
New Mexico,2015,51,6,1,277,7
New York,2015,51,5,4,1499,9
North Carolina,2015,51,2,3,227,5
North Dakota,2015,51,0,0,10,0
Ohio,2015,51,2,5,779,7
Oklahoma,2015,51,0,1,208,1
Oregon,2015,51,5,1,227,6
Pennsylvania,2015,51,0,2,562,2
South Carolina,2015,51,0,0,324,0
South Dakota,2015,51,0,1,136,1
Tennessee,2015,51,1,4,323,5
Texas,2015,51,15,21,1685,36
Utah,2015,51,9,11,552,20
Vermont,2015,51,0,1,142,1
Virginia,2015,51,7,0,219,7
Washington,2015,51,1,2,285,3
West Virginia,2015,51,0,5,413,5
Wisconsin,2015,51,2,0,673,2
Wyoming,2015,51,0,0,14,0
Alabama,2015,52,2,3,287,5
Arizona,2015,52,3,1,87,4
Arkansas,2015,52,0,0,44,0
California,2015,52,34,18,1263,52
Colorado,2015,52,9,0,511,9
Connecticut,2015,52,5,0,402,5
Delaware,2015,52,2,0,136,2
Florida,2015,52,100,82,1619,182
Georgia,2015,52,3,8,729,11
Illinois,2015,52,4,2,400,6
Indiana,2015,52,0,0,118,0
Iowa,2015,52,0,0,104,0
Kansas,2015,52,2,0,123,2
Kentucky,2015,52,0,2,308,2
Louisiana,2015,52,2,1,686,3
Maine,2015,52,0,0,56,0
Maryland,2015,52,0,0,17,0
Massachusetts,2015,52,0,0,314,0
Michigan,2015,52,5,2,727,7
Minnesota,2015,52,2,0,318,2
Mississippi,2015,52,1,0,159,1
Missouri,2015,52,2,0,481,2
Montana,2015,52,0,0,96,0
Nebraska,2015,52,0,0,69,0
Nevada,2015,52,0,0,17,0
New Hampshire,2015,52,0,0,10,0
New Mexico,2015,52,3,1,266,4
New York,2015,52,14,13,1569,27
North Carolina,2015,52,3,3,227,6
North Dakota,2015,52,0,0,15,0
Ohio,2015,52,1,1,879,2
Oklahoma,2015,52,2,5,182,7
Oregon,2015,52,8,5,263,13
Pennsylvania,2015,52,6,4,641,10
South Carolina,2015,52,0,1,293,1
South Dakota,2015,52,0,2,156,2
Tennessee,2015,52,0,9,328,9
Texas,2015,52,13,9,1630,22
Utah,2015,52,15,17,696,32
Vermont,2015,52,0,1,160,1
Virginia,2015,52,1,0,249,1
Washington,2015,52,5,7,401,12
West Virginia,2015,52,1,2,553,3
Wisconsin,2015,52,3,1,874,4
Wyoming,2015,52,0,0,32,0
Alabama,2016,1,3,2,262,5
Arizona,2016,1,11,1,121,12
Arkansas,2016,1,0,0,54,0
California,2016,1,85,35,1431,120
Colorado,2016,1,15,0,551,15
Connecticut,2016,1,8,0,427,8
Delaware,2016,1,1,0,113,1
Florida,2016,1,78,37,1373,115
Georgia,2016,1,3,4,610,7
Idaho,2016,1,3,0,12,3
Illinois,2016,1,27,3,439,30
Indiana,2016,1,1,1,142,2
Iowa,2016,1,0,0,76,0
Kansas,2016,1,4,3,124,7
Kentucky,2016,1,0,1,324,1
Louisiana,2016,1,4,0,571,4
Maine,2016,1,0,0,65,0
Maryland,2016,1,0,0,17,0
Massachusetts,2016,1,1,3,444,4
Michigan,2016,1,11,1,710,12
Minnesota,2016,1,2,1,419,3
Mississippi,2016,1,2,0,139,2
Missouri,2016,1,3,0,507,3
Montana,2016,1,0,0,76,0
Nebraska,2016,1,0,0,60,0
Nevada,2016,1,1,0,26,1
New Hampshire,2016,1,2,0,17,2
New Mexico,2016,1,2,4,336,6
New York,2016,1,16,4,2070,20
North Carolina,2016,1,3,3,188,6
North Dakota,2016,1,0,0,26,0
Ohio,2016,1,3,5,865,8
Oklahoma,2016,1,1,1,209,2
Oregon,2016,1,7,9,269,16
Pennsylvania,2016,1,3,2,690,5
South Carolina,2016,1,4,0,314,4
South Dakota,2016,1,0,0,169,0
Tennessee,2016,1,1,7,287,8
Texas,2016,1,27,12,1668,39
Utah,2016,1,28,25,739,53
Vermont,2016,1,1,2,161,3
Virginia,2016,1,2,0,300,2
Washington,2016,1,7,15,435,22
West Virginia,2016,1,0,1,517,1
Wisconsin,2016,1,12,1,935,13
Wyoming,2016,1,0,0,22,0
Alabama,2016,2,5,3,272,8
Arizona,2016,2,12,2,91,14
Arkansas,2016,2,0,0,42,0
California,2016,2,109,39,1477,148
Colorado,2016,2,7,1,510,8
Connecticut,2016,2,16,1,384,17
Delaware,2016,2,1,0,114,1
Florida,2016,2,171,47,1465,218
Georgia,2016,2,5,1,573,6
Illinois,2016,2,15,1,425,16
Indiana,2016,2,0,0,119,0
Iowa,2016,2,1,0,88,1
Kansas,2016,2,0,1,114,1
Kentucky,2016,2,3,3,292,6
Louisiana,2016,2,7,3,632,10
Maine,2016,2,1,0,55,1
Maryland,2016,2,0,0,26,0
Massachusetts,2016,2,8,1,360,9
Michigan,2016,2,21,2,650,23
Minnesota,2016,2,4,0,333,4
Mississippi,2016,2,2,0,119,2
Missouri,2016,2,12,0,490,12
Montana,2016,2,0,0,63,0
Nebraska,2016,2,0,0,63,0
Nevada,2016,2,1,0,27,1
New Hampshire,2016,2,1,0,22,1
New Mexico,2016,2,7,4,301,11
New York,2016,2,37,9,1857,46
North Carolina,2016,2,5,3,169,8
North Dakota,2016,2,0,1,19,1
Ohio,2016,2,3,2,844,5
Oklahoma,2016,2,1,2,189,3
Oregon,2016,2,12,20,285,32
Pennsylvania,2016,2,3,3,608,6
South Carolina,2016,2,1,0,270,1
South Dakota,2016,2,0,0,168,0
Tennessee,2016,2,5,6,221,11
Texas,2016,2,28,13,1603,41
Utah,2016,2,11,27,714,38
Vermont,2016,2,1,1,146,2
Virginia,2016,2,1,0,239,1
Washington,2016,2,11,24,436,35
West Virginia,2016,2,2,2,458,4
Wisconsin,2016,2,9,0,861,9
Wyoming,2016,2,2,0,25,2
Alabama,2016,3,5,4,289,9
Arizona,2016,3,19,4,98,23
Arkansas,2016,3,0,1,54,1
California,2016,3,137,68,1627,205
Colorado,2016,3,19,2,592,21
Connecticut,2016,3,23,2,417,25
Delaware,2016,3,0,0,109,0
Florida,2016,3,178,57,1485,235
Georgia,2016,3,16,4,577,20
Illinois,2016,3,25,1,400,26
Indiana,2016,3,1,0,117,1
Iowa,2016,3,2,0,102,2
Kansas,2016,3,3,1,113,4
Kentucky,2016,3,1,2,245,3
Louisiana,2016,3,8,2,611,10
Maine,2016,3,0,0,56,0
Maryland,2016,3,0,0,21,0
Massachusetts,2016,3,6,4,382,10
Michigan,2016,3,27,3,719,30
Minnesota,2016,3,7,0,325,7
Mississippi,2016,3,3,1,134,4
Missouri,2016,3,11,0,489,11
Montana,2016,3,0,1,87,1
Nebraska,2016,3,1,1,71,2
Nevada,2016,3,1,0,13,1
New Hampshire,2016,3,0,0,24,0
New Mexico,2016,3,19,4,338,23
New York,2016,3,53,5,1664,58
North Carolina,2016,3,1,6,147,7
North Dakota,2016,3,0,0,44,0
Ohio,2016,3,3,5,766,8
Oklahoma,2016,3,2,2,203,4
Oregon,2016,3,18,32,325,50
Pennsylvania,2016,3,4,3,639,7
South Carolina,2016,3,4,3,302,7
South Dakota,2016,3,2,0,156,2
Tennessee,2016,3,3,2,182,5
Texas,2016,3,27,21,1569,48
Utah,2016,3,23,30,754,53
Vermont,2016,3,1,1,137,2
Virginia,2016,3,1,1,182,2
Washington,2016,3,11,34,509,45
West Virginia,2016,3,2,0,313,2
Wisconsin,2016,3,21,1,885,22
Wyoming,2016,3,2,1,33,3
Alabama,2016,4,3,2,267,5
Arizona,2016,4,13,2,119,15
Arkansas,2016,4,0,4,76,4
California,2016,4,172,83,1897,255
Colorado,2016,4,26,6,606,32
Connecticut,2016,4,32,1,502,33
Delaware,2016,4,4,1,104,5
Florida,2016,4,236,73,1722,309
Georgia,2016,4,14,4,672,18
Idaho,2016,4,0,3,20,3
Illinois,2016,4,43,10,497,53
Indiana,2016,4,4,2,131,6
Iowa,2016,4,3,0,97,3
Kansas,2016,4,5,0,115,5
Kentucky,2016,4,7,2,315,9
Louisiana,2016,4,12,5,618,17
Maine,2016,4,1,1,67,2
Maryland,2016,4,0,0,18,0
Massachusetts,2016,4,15,4,444,19
Michigan,2016,4,54,6,777,60
Minnesota,2016,4,16,3,330,19
Mississippi,2016,4,4,0,136,4
Missouri,2016,4,8,2,452,10
Montana,2016,4,3,1,97,4
Nebraska,2016,4,2,0,100,2
Nevada,2016,4,1,0,18,1
New Hampshire,2016,4,0,0,17,0
New Mexico,2016,4,17,6,392,23
New York,2016,4,85,9,1749,94
North Carolina,2016,4,4,4,140,8
North Dakota,2016,4,0,0,42,0
Ohio,2016,4,11,0,941,11
Oklahoma,2016,4,3,6,240,9
Oregon,2016,4,20,25,364,45
Pennsylvania,2016,4,5,0,576,5
South Carolina,2016,4,11,3,360,14
South Dakota,2016,4,0,1,197,1
Tennessee,2016,4,2,8,194,10
Texas,2016,4,44,27,1715,71
Utah,2016,4,34,60,873,94
Vermont,2016,4,0,1,134,1
Virginia,2016,4,6,0,186,6
Washington,2016,4,22,38,511,60
West Virginia,2016,4,2,3,405,5
Wisconsin,2016,4,47,0,966,47
Wyoming,2016,4,5,0,46,5
Alabama,2016,5,4,2,252,6
Arizona,2016,5,26,2,163,28
Arkansas,2016,5,0,4,83,4
California,2016,5,205,100,2037,305
Colorado,2016,5,32,3,639,35
Connecticut,2016,5,44,2,456,46
Delaware,2016,5,4,2,114,6
Florida,2016,5,393,115,2158,508
Georgia,2016,5,32,11,667,43
Idaho,2016,5,2,2,23,4
Illinois,2016,5,67,13,614,80
Indiana,2016,5,10,1,148,11
Iowa,2016,5,3,0,61,3
Kansas,2016,5,7,3,161,10
Kentucky,2016,5,5,2,275,7
Louisiana,2016,5,8,6,477,14
Maine,2016,5,2,0,55,2
Maryland,2016,5,1,0,23,1
Massachusetts,2016,5,39,0,493,39
Michigan,2016,5,77,11,1010,88
Minnesota,2016,5,16,3,408,19
Mississippi,2016,5,1,2,113,3
Missouri,2016,5,14,3,561,17
Montana,2016,5,6,5,144,11
Nebraska,2016,5,3,0,93,3
Nevada,2016,5,1,0,15,1
New Hampshire,2016,5,0,2,24,2
New Mexico,2016,5,22,19,590,41
New York,2016,5,134,17,1886,151
North Carolina,2016,5,3,2,125,5
North Dakota,2016,5,0,0,32,0
Ohio,2016,5,27,9,951,36
Oklahoma,2016,5,5,1,254,6
Oregon,2016,5,27,39,453,66
Pennsylvania,2016,5,16,3,561,19
South Carolina,2016,5,5,1,302,6
South Dakota,2016,5,3,1,205,4
Tennessee,2016,5,5,5,204,10
Texas,2016,5,55,53,1720,108
Utah,2016,5,74,99,986,173
Vermont,2016,5,1,0,144,1
Virginia,2016,5,6,0,196,6
Washington,2016,5,26,33,483,59
West Virginia,2016,5,1,1,361,2
Wisconsin,2016,5,99,5,996,104
Wyoming,2016,5,6,0,43,6
Alabama,2016,6,3,6,255,9
Arizona,2016,6,44,6,204,50
Arkansas,2016,6,2,9,101,11
California,2016,6,316,183,2362,499
Colorado,2016,6,54,3,746,57
Connecticut,2016,6,31,2,508,33
Delaware,2016,6,9,2,99,11
Florida,2016,6,478,115,2434,593
Georgia,2016,6,46,12,759,58
Idaho,2016,6,3,11,35,14
Illinois,2016,6,83,13,636,96
Indiana,2016,6,14,0,164,14
Iowa,2016,6,6,0,120,6
Kansas,2016,6,9,0,198,9
Kentucky,2016,6,5,9,295,14
Louisiana,2016,6,13,8,576,21
Maine,2016,6,1,5,59,6
Maryland,2016,6,1,0,17,1
Massachusetts,2016,6,39,13,529,52
Michigan,2016,6,153,12,1165,165
Minnesota,2016,6,33,7,400,40
Mississippi,2016,6,6,2,138,8
Missouri,2016,6,14,2,613,16
Montana,2016,6,9,4,143,13
Nebraska,2016,6,11,0,114,11
Nevada,2016,6,3,2,22,5
New Hampshire,2016,6,0,2,19,2
New Mexico,2016,6,86,34,793,120
New York,2016,6,213,34,2166,247
North Carolina,2016,6,10,3,148,13
North Dakota,2016,6,2,0,48,2
Ohio,2016,6,37,7,994,44
Oklahoma,2016,6,5,4,260,9
Oregon,2016,6,42,45,505,87
Pennsylvania,2016,6,27,5,694,32
South Carolina,2016,6,16,4,363,20
South Dakota,2016,6,3,0,230,3
Tennessee,2016,6,10,1,189,11
Texas,2016,6,96,88,1808,184
Utah,2016,6,106,119,947,225
Vermont,2016,6,4,2,204,6
Virginia,2016,6,8,3,238,11
Washington,2016,6,37,62,556,99
West Virginia,2016,6,1,1,419,2
Wisconsin,2016,6,102,11,1066,113
Wyoming,2016,6,3,1,43,4
Alabama,2016,7,18,3,296,21
Arizona,2016,7,32,3,210,35
Arkansas,2016,7,5,10,107,15
California,2016,7,387,222,2543,609
Colorado,2016,7,66,11,778,77
Connecticut,2016,7,71,6,541,77
Delaware,2016,7,14,2,117,16
Florida,2016,7,416,89,2188,505
Georgia,2016,7,89,25,956,114
Idaho,2016,7,8,9,40,17
Illinois,2016,7,128,13,734,141
Indiana,2016,7,28,3,215,31
Iowa,2016,7,6,1,144,7
Kansas,2016,7,17,5,208,22
Kentucky,2016,7,11,2,290,13
Louisiana,2016,7,43,26,542,69
Maine,2016,7,6,2,68,8
Maryland,2016,7,1,0,26,1
Massachusetts,2016,7,53,12,429,65
Michigan,2016,7,212,28,1453,240
Minnesota,2016,7,57,8,476,65
Mississippi,2016,7,18,1,179,19
Missouri,2016,7,34,4,656,38
Montana,2016,7,12,9,182,21
Nebraska,2016,7,8,0,124,8
Nevada,2016,7,6,1,32,7
New Hampshire,2016,7,1,0,18,1
New Mexico,2016,7,129,47,940,176
New York,2016,7,321,39,2292,360
North Carolina,2016,7,29,9,211,38
North Dakota,2016,7,7,0,69,7
Ohio,2016,7,75,12,1112,87
Oklahoma,2016,7,12,7,273,19
Oregon,2016,7,50,40,571,90
Pennsylvania,2016,7,36,27,740,63
South Carolina,2016,7,38,5,418,43
South Dakota,2016,7,14,1,246,15
Tennessee,2016,7,19,3,256,22
Texas,2016,7,165,192,2119,357
Utah,2016,7,127,117,1255,244
Vermont,2016,7,7,3,157,10
Virginia,2016,7,29,5,252,34
Washington,2016,7,34,63,549,97
West Virginia,2016,7,4,3,395,7
Wisconsin,2016,7,187,16,1152,203
Wyoming,2016,7,5,0,50,5
Alabama,2016,8,29,1,353,30
Arizona,2016,8,42,3,215,45
Arkansas,2016,8,4,11,95,15
California,2016,8,317,275,2538,592
Colorado,2016,8,92,7,801,99
Connecticut,2016,8,125,15,674,140
Delaware,2016,8,22,3,147,25
Florida,2016,8,589,120,2727,709
Georgia,2016,8,143,28,1041,171
Idaho,2016,8,5,2,38,7
Illinois,2016,8,145,26,819,171
Indiana,2016,8,42,4,271,46
Iowa,2016,8,16,3,133,19
Kansas,2016,8,18,3,238,21
Kentucky,2016,8,32,15,335,47
Louisiana,2016,8,110,25,771,135
Maine,2016,8,13,2,99,15
Maryland,2016,8,2,0,19,2
Massachusetts,2016,8,82,8,541,90
Michigan,2016,8,327,26,1534,353
Minnesota,2016,8,95,6,555,101
Mississippi,2016,8,20,5,180,25
Missouri,2016,8,36,1,718,37
Montana,2016,8,5,4,150,9
Nebraska,2016,8,19,1,150,20
New Hampshire,2016,8,3,0,24,3
New Mexico,2016,8,96,73,1021,169
New York,2016,8,508,54,2663,562
North Carolina,2016,8,58,9,297,67
North Dakota,2016,8,12,0,67,12
Ohio,2016,8,103,30,1194,133
Oklahoma,2016,8,6,7,259,13
Oregon,2016,8,41,62,610,103
Pennsylvania,2016,8,103,11,921,114
South Carolina,2016,8,73,10,521,83
South Dakota,2016,8,12,4,255,16
Tennessee,2016,8,35,15,309,50
Texas,2016,8,196,145,2016,341
Utah,2016,8,137,138,1282,275
Vermont,2016,8,22,0,279,22
Virginia,2016,8,50,6,253,56
Washington,2016,8,52,63,584,115
West Virginia,2016,8,24,8,484,32
Wisconsin,2016,8,382,27,1820,409
Wyoming,2016,8,4,1,65,5
Alabama,2016,9,44,2,321,46
Arizona,2016,9,28,4,224,32
Arkansas,2016,9,6,16,115,22
California,2016,9,304,265,2497,569
Colorado,2016,9,157,20,1017,177
Connecticut,2016,9,132,23,719,155
Delaware,2016,9,59,3,222,62
Florida,2016,9,599,147,2859,746
Georgia,2016,9,187,40,1272,227
Idaho,2016,9,17,5,50,22
Illinois,2016,9,166,24,963,190
Indiana,2016,9,58,4,307,62
Iowa,2016,9,23,3,184,26
Kansas,2016,9,29,7,243,36
Kentucky,2016,9,33,15,372,48
Louisiana,2016,9,88,32,789,120
Maine,2016,9,13,6,122,19
Maryland,2016,9,5,0,47,5
Massachusetts,2016,9,140,34,713,174
Michigan,2016,9,334,38,1543,372
Minnesota,2016,9,121,15,669,136
Mississippi,2016,9,25,7,245,32
Missouri,2016,9,39,9,637,48
Montana,2016,9,21,17,180,38
Nebraska,2016,9,22,2,170,24
Nevada,2016,9,3,2,27,5
New Hampshire,2016,9,4,0,33,4
New Mexico,2016,9,158,86,1091,244
New York,2016,9,744,94,3034,838
North Carolina,2016,9,53,8,322,61
North Dakota,2016,9,4,3,55,7
Ohio,2016,9,199,34,1357,233
Oklahoma,2016,9,11,11,228,22
Oregon,2016,9,73,77,671,150
Pennsylvania,2016,9,137,30,1011,167
South Carolina,2016,9,73,12,556,85
South Dakota,2016,9,16,5,271,21
Tennessee,2016,9,22,12,260,34
Texas,2016,9,233,214,2221,447
Utah,2016,9,177,155,1349,332
Vermont,2016,9,17,3,303,20
Virginia,2016,9,54,8,299,62
Washington,2016,9,63,56,606,119
West Virginia,2016,9,16,7,507,23
Wisconsin,2016,9,596,56,2222,652
Wyoming,2016,9,13,0,64,13
Alabama,2016,10,70,1,408,71
Arizona,2016,10,24,1,142,25
Arkansas,2016,10,10,15,111,25
California,2016,10,199,201,2055,400
Colorado,2016,10,159,27,1014,186
Connecticut,2016,10,188,42,863,230
Delaware,2016,10,139,11,379,150
Florida,2016,10,498,204,2963,702
Georgia,2016,10,257,50,1341,307
Idaho,2016,10,13,1,46,14
Illinois,2016,10,162,35,925,197
Indiana,2016,10,60,2,324,62
Iowa,2016,10,23,2,205,25
Kansas,2016,10,53,17,309,70
Kentucky,2016,10,52,25,401,77
Louisiana,2016,10,91,34,837,125
Maine,2016,10,21,8,118,29
Maryland,2016,10,9,0,46,9
Massachusetts,2016,10,275,39,959,314
Michigan,2016,10,386,59,1807,445
Minnesota,2016,10,156,23,782,179
Mississippi,2016,10,25,3,261,28
Missouri,2016,10,53,7,728,60
Montana,2016,10,46,24,236,70
Nebraska,2016,10,29,2,170,31
Nevada,2016,10,5,1,35,6
New Mexico,2016,10,176,92,1074,268
New York,2016,10,845,154,3440,999
North Carolina,2016,10,71,14,358,85
North Dakota,2016,10,14,3,101,17
Ohio,2016,10,361,88,1737,449
Oklahoma,2016,10,12,21,247,33
Oregon,2016,10,56,88,627,144
Pennsylvania,2016,10,231,58,1176,289
South Carolina,2016,10,123,24,643,147
South Dakota,2016,10,45,15,325,60
Tennessee,2016,10,48,25,390,73
Texas,2016,10,243,237,2232,480
Utah,2016,10,162,121,1210,283
Vermont,2016,10,38,5,362,43
Virginia,2016,10,99,37,358,136
Washington,2016,10,63,60,592,123
West Virginia,2016,10,56,26,589,82
Wisconsin,2016,10,710,52,2590,762
Wyoming,2016,10,16,3,67,19
Alabama,2016,11,34,4,390,38
Arizona,2016,11,11,7,126,18
Arkansas,2016,11,2,14,87,16
California,2016,11,121,165,2102,286
Colorado,2016,11,160,31,1069,191
Connecticut,2016,11,142,42,815,184
Delaware,2016,11,92,17,376,109
Florida,2016,11,366,137,2448,503
Georgia,2016,11,185,53,1169,238
Idaho,2016,11,8,2,33,10
Illinois,2016,11,90,19,754,109
Indiana,2016,11,30,4,259,34
Iowa,2016,11,17,2,195,19
Kansas,2016,11,24,7,280,31
Kentucky,2016,11,51,35,439,86
Louisiana,2016,11,66,28,707,94
Maine,2016,11,19,9,140,28
Maryland,2016,11,1,3,23,4
Massachusetts,2016,11,232,47,1045,279
Michigan,2016,11,241,67,1493,308
Minnesota,2016,11,112,25,724,137
Mississippi,2016,11,33,1,251,34
Missouri,2016,11,33,8,652,41
Montana,2016,11,26,28,249,54
Nebraska,2016,11,18,2,146,20
Nevada,2016,11,5,2,39,7
New Hampshire,2016,11,6,5,32,11
New Mexico,2016,11,148,101,1047,249
New York,2016,11,748,177,3311,925
North Carolina,2016,11,39,12,316,51
North Dakota,2016,11,13,3,86,16
Ohio,2016,11,284,102,1730,386
Oklahoma,2016,11,10,10,221,20
Oregon,2016,11,67,70,622,137
Pennsylvania,2016,11,209,72,1250,281
South Carolina,2016,11,70,21,507,91
South Dakota,2016,11,38,12,303,50
Tennessee,2016,11,27,12,310,39
Texas,2016,11,210,173,2121,383
Utah,2016,11,156,68,1075,224
Vermont,2016,11,35,7,330,42
Virginia,2016,11,61,22,333,83
Washington,2016,11,63,48,582,111
West Virginia,2016,11,58,32,689,90
Wisconsin,2016,11,444,34,2196,478
Wyoming,2016,11,21,1,74,22
Alabama,2016,12,54,1,389,55
Arizona,2016,12,2,2,112,4
Arkansas,2016,12,1,6,51,7
California,2016,12,83,124,1587,207
Colorado,2016,12,121,23,984,144
Connecticut,2016,12,85,41,783,126
Delaware,2016,12,75,18,313,93
Florida,2016,12,296,138,2192,434
Georgia,2016,12,120,33,986,153
Idaho,2016,12,10,11,47,21
Illinois,2016,12,44,24,588,68
Indiana,2016,12,22,8,263,30
Iowa,2016,12,24,2,181,26
Kansas,2016,12,20,8,263,28
Kentucky,2016,12,44,23,393,67
Louisiana,2016,12,52,32,578,84
Maine,2016,12,22,7,143,29
Maryland,2016,12,1,2,22,3
Massachusetts,2016,12,200,66,939,266
Michigan,2016,12,127,56,1301,183
Minnesota,2016,12,82,17,590,99
Mississippi,2016,12,14,3,189,17
Missouri,2016,12,20,8,624,28
Montana,2016,12,37,30,236,67
Nebraska,2016,12,18,2,137,20
Nevada,2016,12,3,0,27,3
New Hampshire,2016,12,5,2,53,7
New Mexico,2016,12,172,78,968,250
New York,2016,12,602,169,3091,771
North Carolina,2016,12,44,12,311,56
North Dakota,2016,12,10,1,83,11
Ohio,2016,12,209,75,1403,284
Oklahoma,2016,12,4,8,208,12
Oregon,2016,12,48,77,554,125
Pennsylvania,2016,12,190,65,1259,255
South Carolina,2016,12,41,15,424,56
South Dakota,2016,12,34,5,236,39
Tennessee,2016,12,30,16,288,46
Texas,2016,12,136,141,1789,277
Utah,2016,12,116,72,974,188
Vermont,2016,12,51,5,393,56
Virginia,2016,12,58,21,329,79
Washington,2016,12,77,57,570,134
West Virginia,2016,12,49,49,593,98
Wisconsin,2016,12,289,40,1608,329
Wyoming,2016,12,11,3,68,14
Alabama,2016,13,28,2,408,30
Arizona,2016,13,2,2,94,4
Arkansas,2016,13,2,4,79,6
California,2016,13,61,60,1376,121
Colorado,2016,13,57,25,792,82
Connecticut,2016,13,61,41,638,102
Delaware,2016,13,62,23,312,85
Florida,2016,13,173,113,1764,286
Georgia,2016,13,84,49,861,133
Idaho,2016,13,1,2,17,3
Illinois,2016,13,42,13,513,55
Indiana,2016,13,20,6,249,26
Iowa,2016,13,11,1,158,12
Kansas,2016,13,21,12,222,33
Kentucky,2016,13,26,24,364,50
Louisiana,2016,13,25,25,653,50
Maine,2016,13,36,10,205,46
Maryland,2016,13,3,4,67,7
Massachusetts,2016,13,193,68,968,261
Michigan,2016,13,130,34,1205,164
Minnesota,2016,13,60,14,545,74
Mississippi,2016,13,24,4,207,28
Missouri,2016,13,17,14,619,31
Montana,2016,13,23,28,219,51
Nebraska,2016,13,27,4,145,31
Nevada,2016,13,1,2,24,3
New Mexico,2016,13,146,94,904,240
New York,2016,13,398,165,2804,563
North Carolina,2016,13,28,10,255,38
North Dakota,2016,13,5,3,62,8
Ohio,2016,13,161,65,1190,226
Oklahoma,2016,13,9,9,228,18
Oregon,2016,13,55,74,592,129
Pennsylvania,2016,13,137,62,1135,199
South Carolina,2016,13,23,17,397,40
South Dakota,2016,13,27,3,232,30
Tennessee,2016,13,15,23,316,38
Texas,2016,13,178,159,1832,337
Utah,2016,13,130,41,850,171
Vermont,2016,13,45,11,418,56
Virginia,2016,13,38,8,320,46
Washington,2016,13,58,42,533,100
West Virginia,2016,13,37,48,486,85
Wisconsin,2016,13,157,36,1349,193
Wyoming,2016,13,11,1,55,12
Alabama,2016,14,19,1,270,20
Arizona,2016,14,2,2,82,4
Arkansas,2016,14,4,4,55,8
California,2016,14,40,55,1332,95
Colorado,2016,14,46,30,716,76
Connecticut,2016,14,37,41,529,78
Delaware,2016,14,26,20,221,46
Florida,2016,14,160,141,1958,301
Georgia,2016,14,43,45,786,88
Illinois,2016,14,18,18,433,36
Indiana,2016,14,10,6,176,16
Iowa,2016,14,6,2,131,8
Kansas,2016,14,12,11,181,23
Kentucky,2016,14,16,9,294,25
Louisiana,2016,14,31,11,516,42
Maine,2016,14,40,21,229,61
Maryland,2016,14,0,5,24,5
Massachusetts,2016,14,71,56,733,127
Michigan,2016,14,65,36,1010,101
Minnesota,2016,14,30,16,483,46
Mississippi,2016,14,9,10,125,19
Missouri,2016,14,17,13,521,30
Montana,2016,14,19,12,163,31
Nebraska,2016,14,14,2,105,16
Nevada,2016,14,2,2,31,4
New Hampshire,2016,14,1,2,29,3
New Mexico,2016,14,81,63,415,144
New York,2016,14,247,175,2461,422
North Carolina,2016,14,21,11,225,32
North Dakota,2016,14,4,1,54,5
Ohio,2016,14,110,54,1072,164
Oklahoma,2016,14,9,9,190,18
Oregon,2016,14,63,51,496,114
Pennsylvania,2016,14,69,32,764,101
South Carolina,2016,14,14,17,333,31
South Dakota,2016,14,18,8,201,26
Tennessee,2016,14,25,24,306,49
Texas,2016,14,159,154,1783,313
Utah,2016,14,99,34,735,133
Vermont,2016,14,24,6,343,30
Virginia,2016,14,26,16,245,42
Washington,2016,14,31,34,482,65
West Virginia,2016,14,26,52,594,78
Wisconsin,2016,14,141,26,1363,167
Wyoming,2016,14,5,4,43,9
Alabama,2016,15,10,1,272,11
Arizona,2016,15,3,1,66,4
Arkansas,2016,15,2,5,60,7
California,2016,15,29,23,1045,52
Colorado,2016,15,39,22,635,61
Connecticut,2016,15,17,39,460,56
Delaware,2016,15,16,14,171,30
Florida,2016,15,131,143,1893,274
Georgia,2016,15,27,36,713,63
Illinois,2016,15,24,24,387,48
Indiana,2016,15,14,2,152,16
Iowa,2016,15,3,1,101,4
Kansas,2016,15,9,24,195,33
Kentucky,2016,15,15,10,263,25
Louisiana,2016,15,13,17,459,30
Maine,2016,15,31,17,192,48
Maryland,2016,15,0,2,16,2
Massachusetts,2016,15,64,77,629,141
Michigan,2016,15,60,49,904,109
Minnesota,2016,15,45,12,449,57
Mississippi,2016,15,4,5,98,9
Missouri,2016,15,16,12,510,28
Montana,2016,15,8,11,136,19
Nebraska,2016,15,12,2,86,14
Nevada,2016,15,0,1,14,1
New Hampshire,2016,15,1,2,24,3
New Mexico,2016,15,49,42,526,91
New York,2016,15,166,183,2178,349
North Carolina,2016,15,24,16,235,40
North Dakota,2016,15,3,1,55,4
Ohio,2016,15,163,61,1084,224
Oklahoma,2016,15,3,10,199,13
Oregon,2016,15,33,30,409,63
Pennsylvania,2016,15,62,52,736,114
South Carolina,2016,15,9,13,297,22
South Dakota,2016,15,9,6,153,15
Tennessee,2016,15,12,30,270,42
Texas,2016,15,110,149,1657,259
Utah,2016,15,42,29,633,71
Vermont,2016,15,21,12,337,33
Virginia,2016,15,20,18,251,38
Washington,2016,15,19,25,451,44
West Virginia,2016,15,30,56,551,86
Wisconsin,2016,15,87,30,997,117
Wyoming,2016,15,1,3,30,4
Alabama,2016,16,6,0,200,6
Arizona,2016,16,2,5,46,7
Arkansas,2016,16,0,3,66,3
California,2016,16,23,16,986,39
Colorado,2016,16,19,18,468,37
Connecticut,2016,16,27,35,517,62
Delaware,2016,16,12,27,164,39
Florida,2016,16,91,137,1707,228
Georgia,2016,16,21,18,612,39
Illinois,2016,16,14,16,352,30
Indiana,2016,16,10,4,176,14
Iowa,2016,16,4,1,81,5
Kansas,2016,16,4,20,194,24
Kentucky,2016,16,10,13,277,23
Louisiana,2016,16,13,14,421,27
Maine,2016,16,21,15,133,36
Maryland,2016,16,0,6,56,6
Massachusetts,2016,16,43,82,607,125
Michigan,2016,16,41,56,784,97
Minnesota,2016,16,15,20,407,35
Mississippi,2016,16,8,3,103,11
Missouri,2016,16,12,15,530,27
Montana,2016,16,7,16,150,23
Nebraska,2016,16,7,4,67,11
Nevada,2016,16,0,0,10,0
New Hampshire,2016,16,0,3,25,3
New Mexico,2016,16,19,42,424,61
New York,2016,16,139,182,1996,321
North Carolina,2016,16,21,27,273,48
North Dakota,2016,16,3,2,47,5
Ohio,2016,16,104,54,904,158
Oklahoma,2016,16,3,6,177,9
Oregon,2016,16,23,18,344,41
Pennsylvania,2016,16,36,70,672,106
South Carolina,2016,16,5,16,303,21
South Dakota,2016,16,9,1,123,10
Tennessee,2016,16,19,30,308,49
Texas,2016,16,112,97,1744,209
Utah,2016,16,35,23,621,58
Vermont,2016,16,17,5,249,22
Virginia,2016,16,20,29,255,49
Washington,2016,16,23,16,363,39
West Virginia,2016,16,51,74,570,125
Wisconsin,2016,16,39,34,804,73
Wyoming,2016,16,6,5,27,11
Alabama,2016,17,2,0,182,2
Arizona,2016,17,1,2,67,3
Arkansas,2016,17,2,3,60,5
California,2016,17,20,15,1064,35
Colorado,2016,17,13,22,424,35
Connecticut,2016,17,9,37,434,46
Delaware,2016,17,6,21,152,27
Florida,2016,17,62,128,1620,190
Georgia,2016,17,11,30,566,41
Illinois,2016,17,5,22,297,27
Indiana,2016,17,1,3,118,4
Iowa,2016,17,1,2,74,3
Kansas,2016,17,2,14,154,16
Kentucky,2016,17,5,12,235,17
Louisiana,2016,17,19,12,372,31
Maine,2016,17,17,9,110,26
Maryland,2016,17,2,10,86,12
Massachusetts,2016,17,34,60,513,94
Michigan,2016,17,21,47,660,68
Minnesota,2016,17,7,13,306,20
Mississippi,2016,17,4,5,95,9
Missouri,2016,17,5,15,424,20
Montana,2016,17,4,9,120,13
Nebraska,2016,17,8,5,84,13
New Hampshire,2016,17,0,3,15,3
New Mexico,2016,17,5,16,355,21
New York,2016,17,68,149,1874,217
North Carolina,2016,17,16,21,264,37
North Dakota,2016,17,1,1,38,2
Ohio,2016,17,73,64,891,137
Oklahoma,2016,17,4,4,177,8
Oregon,2016,17,23,11,251,34
Pennsylvania,2016,17,23,52,593,75
South Carolina,2016,17,6,20,299,26
South Dakota,2016,17,5,0,103,5
Tennessee,2016,17,2,15,240,17
Texas,2016,17,78,86,1569,164
Utah,2016,17,17,8,448,25
Vermont,2016,17,15,8,210,23
Virginia,2016,17,14,27,238,41
Washington,2016,17,17,11,404,28
West Virginia,2016,17,13,57,526,70
Wisconsin,2016,17,30,42,707,72
Wyoming,2016,17,4,0,31,4
Alabama,2016,18,9,1,177,10
Arizona,2016,18,0,3,51,3
Arkansas,2016,18,3,2,41,5
California,2016,18,9,14,785,23
Colorado,2016,18,19,10,359,29
Connecticut,2016,18,6,22,356,28
Delaware,2016,18,3,13,96,16
Florida,2016,18,42,115,1442,157
Georgia,2016,18,7,36,531,43
Illinois,2016,18,2,4,225,6
Indiana,2016,18,0,3,95,3
Iowa,2016,18,1,1,64,2
Kansas,2016,18,3,5,97,8
Kentucky,2016,18,3,6,227,9
Louisiana,2016,18,7,10,361,17
Maine,2016,18,13,7,100,20
Maryland,2016,18,1,12,85,13
Massachusetts,2016,18,16,48,408,64
Michigan,2016,18,17,53,596,70
Minnesota,2016,18,3,4,267,7
Mississippi,2016,18,2,7,84,9
Missouri,2016,18,4,4,409,8
Montana,2016,18,5,6,111,11
Nebraska,2016,18,2,5,65,7
Nevada,2016,18,0,0,11,0
New Mexico,2016,18,9,15,265,24
New York,2016,18,42,121,1611,163
North Carolina,2016,18,7,11,143,18
North Dakota,2016,18,1,0,35,1
Ohio,2016,18,31,34,732,65
Oklahoma,2016,18,3,7,164,10
Oregon,2016,18,11,9,272,20
Pennsylvania,2016,18,11,25,438,36
South Carolina,2016,18,5,13,262,18
South Dakota,2016,18,3,2,114,5
Tennessee,2016,18,5,14,234,19
Texas,2016,18,57,65,1385,122
Utah,2016,18,11,4,409,15
Vermont,2016,18,6,5,212,11
Virginia,2016,18,5,14,221,19
Washington,2016,18,13,5,353,18
West Virginia,2016,18,3,20,350,23
Wisconsin,2016,18,5,15,569,20
Wyoming,2016,18,0,0,20,0
Alabama,2016,19,3,0,153,3
Arizona,2016,19,0,0,51,0
Arkansas,2016,19,0,0,44,0
California,2016,19,11,4,649,15
Colorado,2016,19,4,4,314,8
Connecticut,2016,19,7,18,361,25
Delaware,2016,19,3,5,80,8
Florida,2016,19,35,115,1423,150
Georgia,2016,19,4,30,458,34
Illinois,2016,19,2,7,256,9
Indiana,2016,19,0,3,104,3
Iowa,2016,19,0,0,54,0
Kansas,2016,19,0,1,100,1
Kentucky,2016,19,1,1,211,2
Louisiana,2016,19,6,9,382,15
Maine,2016,19,11,7,75,18
Maryland,2016,19,0,7,96,7
Massachusetts,2016,19,5,49,390,54
Michigan,2016,19,9,46,526,55
Minnesota,2016,19,0,1,218,1
Mississippi,2016,19,5,4,76,9
Missouri,2016,19,4,11,415,15
Montana,2016,19,3,1,83,4
Nebraska,2016,19,2,3,56,5
New Mexico,2016,19,1,9,258,10
New York,2016,19,24,81,1469,105
North Carolina,2016,19,4,4,105,8
North Dakota,2016,19,0,0,26,0
Ohio,2016,19,13,34,643,47
Oklahoma,2016,19,1,2,144,3
Oregon,2016,19,6,5,179,11
Pennsylvania,2016,19,7,30,410,37
South Carolina,2016,19,3,10,238,13
South Dakota,2016,19,1,1,93,2
Tennessee,2016,19,2,15,201,17
Texas,2016,19,58,58,1349,116
Utah,2016,19,7,4,402,11
Vermont,2016,19,4,4,150,8
Virginia,2016,19,5,9,215,14
Washington,2016,19,8,3,357,11
West Virginia,2016,19,5,31,396,36
Wisconsin,2016,19,5,7,418,12
Wyoming,2016,19,2,1,22,3
Alabama,2016,20,0,1,124,1
Arizona,2016,20,0,1,48,1
Arkansas,2016,20,0,0,34,0
California,2016,20,9,3,669,12
Colorado,2016,20,6,9,308,15
Connecticut,2016,20,1,13,283,14
Delaware,2016,20,4,3,74,7
Florida,2016,20,27,98,1256,125
Georgia,2016,20,9,16,379,25
Illinois,2016,20,2,4,187,6
Indiana,2016,20,1,0,64,1
Iowa,2016,20,0,0,34,0
Kansas,2016,20,1,0,59,1
Kentucky,2016,20,1,5,190,6
Louisiana,2016,20,5,12,294,17
Maine,2016,20,3,6,64,9
Maryland,2016,20,0,2,60,2
Massachusetts,2016,20,4,44,319,48
Michigan,2016,20,9,20,403,29
Minnesota,2016,20,7,3,240,10
Mississippi,2016,20,7,4,88,11
Missouri,2016,20,0,3,377,3
Montana,2016,20,1,1,77,2
Nebraska,2016,20,1,0,40,1
New Mexico,2016,20,0,5,190,5
New York,2016,20,17,59,1353,76
North Carolina,2016,20,4,7,109,11
North Dakota,2016,20,0,0,16,0
Ohio,2016,20,8,28,568,36
Oklahoma,2016,20,1,1,122,2
Oregon,2016,20,2,4,148,6
Pennsylvania,2016,20,2,12,340,14
South Carolina,2016,20,1,9,232,10
South Dakota,2016,20,0,1,107,1
Tennessee,2016,20,1,12,197,13
Texas,2016,20,65,52,1333,117
Utah,2016,20,4,5,390,9
Vermont,2016,20,3,6,143,9
Virginia,2016,20,2,3,169,5
Washington,2016,20,4,4,313,8
West Virginia,2016,20,2,13,339,15
Wisconsin,2016,20,0,17,414,17
Wyoming,2016,20,0,0,10,0
Alabama,2016,21,0,0,122,0
Arizona,2016,21,0,1,70,1
Arkansas,2016,21,0,0,53,0
California,2016,21,6,5,596,11
Colorado,2016,21,2,5,261,7
Connecticut,2016,21,1,6,240,7
Delaware,2016,21,0,6,50,6
Florida,2016,21,31,114,1366,145
Georgia,2016,21,5,14,411,19
Illinois,2016,21,1,2,181,3
Indiana,2016,21,0,0,81,0
Iowa,2016,21,0,2,42,2
Kansas,2016,21,1,0,48,1
Kentucky,2016,21,1,2,215,3
Louisiana,2016,21,4,14,376,18
Maine,2016,21,1,2,42,3
Maryland,2016,21,1,2,22,3
Massachusetts,2016,21,2,23,294,25
Michigan,2016,21,8,11,387,19
Minnesota,2016,21,0,3,193,3
Mississippi,2016,21,2,4,63,6
Missouri,2016,21,0,2,392,2
Montana,2016,21,2,1,94,3
Nebraska,2016,21,1,0,26,1
New Hampshire,2016,21,0,0,11,0
New Mexico,2016,21,0,5,166,5
New York,2016,21,6,58,1151,64
North Carolina,2016,21,3,1,77,4
North Dakota,2016,21,0,0,15,0
Ohio,2016,21,1,19,476,20
Oklahoma,2016,21,0,0,128,0
Oregon,2016,21,1,0,124,1
Pennsylvania,2016,21,1,5,294,6
South Carolina,2016,21,3,6,243,9
South Dakota,2016,21,1,1,93,2
Tennessee,2016,21,0,8,136,8
Texas,2016,21,31,36,1140,67
Utah,2016,21,4,2,345,6
Vermont,2016,21,1,2,88,3
Virginia,2016,21,1,5,157,6
Washington,2016,21,0,2,267,2
West Virginia,2016,21,12,9,311,21
Wisconsin,2016,21,1,8,364,9
Alabama,2016,22,0,0,95,0
Arizona,2016,22,0,0,53,0
Arkansas,2016,22,0,1,43,1
California,2016,22,2,3,489,5
Colorado,2016,22,0,4,231,4
Connecticut,2016,22,0,2,240,2
Delaware,2016,22,0,2,25,2
Florida,2016,22,18,74,1142,92
Georgia,2016,22,5,10,379,15
Illinois,2016,22,0,1,122,1
Indiana,2016,22,0,0,65,0
Iowa,2016,22,0,3,24,3
Kansas,2016,22,0,0,29,0
Kentucky,2016,22,1,1,191,2
Louisiana,2016,22,0,3,290,3
Maryland,2016,22,0,0,22,0
Massachusetts,2016,22,2,7,184,9
Michigan,2016,22,1,6,262,7
Minnesota,2016,22,0,1,185,1
Mississippi,2016,22,1,4,46,5
Missouri,2016,22,1,4,380,5
Montana,2016,22,0,0,58,0
Nebraska,2016,22,2,0,23,2
New Mexico,2016,22,0,0,142,0
New York,2016,22,6,26,1104,32
North Carolina,2016,22,1,1,58,2
Ohio,2016,22,0,4,349,4
Oklahoma,2016,22,0,0,136,0
Oregon,2016,22,2,1,109,3
Pennsylvania,2016,22,0,2,261,2
South Carolina,2016,22,1,0,215,1
South Dakota,2016,22,0,1,87,1
Tennessee,2016,22,1,5,120,6
Texas,2016,22,25,35,1067,60
Utah,2016,22,0,1,339,1
Vermont,2016,22,0,0,72,0
Virginia,2016,22,0,5,162,5
Washington,2016,22,3,0,268,3
West Virginia,2016,22,4,8,284,12
Wisconsin,2016,22,1,6,320,7
Alabama,2016,23,0,0,67,0
Arizona,2016,23,0,0,31,0
Arkansas,2016,23,0,0,30,0
California,2016,23,4,1,503,5
Colorado,2016,23,1,3,214,4
Connecticut,2016,23,0,0,201,0
Florida,2016,23,17,99,1139,116
Georgia,2016,23,1,6,287,7
Illinois,2016,23,0,0,122,0
Indiana,2016,23,0,0,52,0
Iowa,2016,23,0,1,24,1
Kansas,2016,23,0,0,28,0
Kentucky,2016,23,0,0,165,0
Louisiana,2016,23,3,4,265,7
Maryland,2016,23,0,0,12,0
Massachusetts,2016,23,0,6,166,6
Michigan,2016,23,1,4,259,5
Minnesota,2016,23,1,0,177,1
Mississippi,2016,23,0,1,40,1
Missouri,2016,23,1,2,329,3
Montana,2016,23,0,0,54,0
Nebraska,2016,23,0,0,25,0
New York,2016,23,1,9,1076,10
North Carolina,2016,23,0,3,53,3
North Dakota,2016,23,0,0,17,0
Ohio,2016,23,0,7,340,7
Oklahoma,2016,23,0,0,99,0
Oregon,2016,23,0,3,125,3
Pennsylvania,2016,23,1,1,203,2
South Carolina,2016,23,0,4,203,4
South Dakota,2016,23,3,0,93,3
Tennessee,2016,23,0,1,82,1
Texas,2016,23,26,35,1121,61
Utah,2016,23,2,1,320,3
Virginia,2016,23,0,2,146,2
Washington,2016,23,3,2,225,5
West Virginia,2016,23,0,2,234,2
Wisconsin,2016,23,0,1,300,1
Alabama,2016,24,2,0,70,2
Arizona,2016,24,0,0,48,0
Arkansas,2016,24,0,0,23,0
California,2016,24,5,0,504,5
Colorado,2016,24,0,0,149,0
Connecticut,2016,24,3,0,198,3
Delaware,2016,24,0,0,13,0
Florida,2016,24,15,46,897,61
Georgia,2016,24,3,3,283,6
Illinois,2016,24,1,1,132,2
Indiana,2016,24,0,0,49,0
Iowa,2016,24,0,0,23,0
Kansas,2016,24,0,0,12,0
Kentucky,2016,24,0,0,156,0
Louisiana,2016,24,2,3,233,5
Maryland,2016,24,0,0,35,0
Massachusetts,2016,24,0,2,150,2
Michigan,2016,24,1,1,208,2
Minnesota,2016,24,2,0,128,2
Mississippi,2016,24,0,0,42,0
Missouri,2016,24,0,0,334,0
Montana,2016,24,0,0,55,0
Nebraska,2016,24,0,0,32,0
New Mexico,2016,24,0,0,72,0
New York,2016,24,6,9,995,15
North Carolina,2016,24,0,1,34,1
Ohio,2016,24,0,1,345,1
Oklahoma,2016,24,0,0,97,0
Oregon,2016,24,1,0,108,1
Pennsylvania,2016,24,0,1,176,1
South Carolina,2016,24,0,0,158,0
South Dakota,2016,24,0,0,71,0
Tennessee,2016,24,0,5,65,5
Texas,2016,24,12,17,1008,29
Utah,2016,24,1,0,329,1
Virginia,2016,24,0,0,117,0
Washington,2016,24,2,0,257,2
West Virginia,2016,24,0,1,215,1
Wisconsin,2016,24,0,0,324,0
Alabama,2016,25,0,1,74,1
Arizona,2016,25,0,0,10,0
Arkansas,2016,25,0,0,28,0
California,2016,25,0,2,509,2
Colorado,2016,25,1,1,151,2
Connecticut,2016,25,1,0,158,1
Delaware,2016,25,0,0,12,0
Florida,2016,25,14,45,766,59
Georgia,2016,25,2,2,242,4
Illinois,2016,25,0,0,115,0
Indiana,2016,25,1,0,63,1
Iowa,2016,25,0,0,16,0
Kansas,2016,25,0,0,12,0
Kentucky,2016,25,0,0,177,0
Louisiana,2016,25,4,4,197,8
Maryland,2016,25,0,0,26,0
Massachusetts,2016,25,0,0,118,0
Michigan,2016,25,0,0,173,0
Minnesota,2016,25,1,1,150,2
Mississippi,2016,25,0,0,42,0
Missouri,2016,25,0,0,226,0
Montana,2016,25,0,0,53,0
Nebraska,2016,25,0,0,28,0
New Mexico,2016,25,0,0,53,0
New York,2016,25,2,6,905,8
North Carolina,2016,25,0,0,11,0
Ohio,2016,25,1,2,316,3
Oklahoma,2016,25,1,1,100,2
Oregon,2016,25,1,0,95,1
Pennsylvania,2016,25,0,0,168,0
South Carolina,2016,25,0,0,138,0
South Dakota,2016,25,0,1,77,1
Tennessee,2016,25,1,1,65,2
Texas,2016,25,10,10,811,20
Utah,2016,25,1,0,255,1
Virginia,2016,25,0,0,120,0
Washington,2016,25,2,0,189,2
West Virginia,2016,25,0,1,226,1
Wisconsin,2016,25,0,0,262,0
Alabama,2016,26,0,1,48,1
Arizona,2016,26,0,0,30,0
Arkansas,2016,26,0,0,38,0
California,2016,26,0,1,398,1
Colorado,2016,26,1,0,162,1
Connecticut,2016,26,1,0,168,1
Delaware,2016,26,0,0,13,0
Florida,2016,26,13,23,654,36
Georgia,2016,26,0,3,233,3
Illinois,2016,26,0,0,29,0
Indiana,2016,26,0,0,47,0
Iowa,2016,26,0,0,20,0
Kentucky,2016,26,0,0,165,0
Louisiana,2016,26,0,2,133,2
Maryland,2016,26,0,0,16,0
Massachusetts,2016,26,0,0,81,0
Michigan,2016,26,0,0,130,0
Minnesota,2016,26,0,0,123,0
Mississippi,2016,26,0,0,22,0
Missouri,2016,26,0,0,251,0
Montana,2016,26,0,0,58,0
Nebraska,2016,26,0,1,32,1
New Hampshire,2016,26,0,0,10,0
New Mexico,2016,26,0,0,65,0
New York,2016,26,0,2,837,2
Ohio,2016,26,0,2,275,2
Oklahoma,2016,26,0,1,89,1
Oregon,2016,26,0,0,66,0
Pennsylvania,2016,26,0,2,122,2
South Carolina,2016,26,0,0,17,0
South Dakota,2016,26,0,0,81,0
Tennessee,2016,26,0,0,41,0
Texas,2016,26,3,9,556,12
Utah,2016,26,1,0,271,1
Virginia,2016,26,0,1,135,1
Washington,2016,26,1,0,192,1
West Virginia,2016,26,0,0,156,0
Wisconsin,2016,26,1,0,247,1
Alabama,2016,27,0,0,56,0
Arizona,2016,27,0,0,22,0
Arkansas,2016,27,0,0,17,0
California,2016,27,1,0,365,1
Colorado,2016,27,0,0,138,0
Connecticut,2016,27,0,0,161,0
Florida,2016,27,10,16,636,26
Georgia,2016,27,1,1,203,2
Illinois,2016,27,0,1,91,1
Indiana,2016,27,0,0,36,0
Iowa,2016,27,0,1,19,1
Kansas,2016,27,0,0,11,0
Kentucky,2016,27,1,0,145,1
Louisiana,2016,27,1,0,162,1
Maryland,2016,27,1,0,18,1
Massachusetts,2016,27,0,0,61,0
Michigan,2016,27,0,0,130,0
Minnesota,2016,27,0,0,70,0
Mississippi,2016,27,0,0,20,0
Missouri,2016,27,0,1,288,1
Montana,2016,27,0,0,52,0
Nebraska,2016,27,0,1,23,1
New Mexico,2016,27,0,0,58,0
New York,2016,27,1,1,696,2
North Carolina,2016,27,0,0,15,0
Ohio,2016,27,0,0,264,0
Oklahoma,2016,27,0,0,62,0
Oregon,2016,27,0,0,84,0
Pennsylvania,2016,27,0,0,99,0
South Carolina,2016,27,0,0,93,0
South Dakota,2016,27,0,0,62,0
Tennessee,2016,27,0,0,39,0
Texas,2016,27,3,4,731,7
Utah,2016,27,2,0,287,2
Vermont,2016,27,1,0,15,1
Virginia,2016,27,0,0,117,0
Washington,2016,27,1,1,197,2
West Virginia,2016,27,0,3,158,3
Wisconsin,2016,27,0,0,213,0
Alabama,2016,28,0,0,34,0
Arizona,2016,28,0,0,19,0
Arkansas,2016,28,0,0,27,0
California,2016,28,2,2,480,4
Colorado,2016,28,1,1,161,2
Connecticut,2016,28,0,0,142,0
Florida,2016,28,10,8,532,18
Georgia,2016,28,0,0,214,0
Illinois,2016,28,0,0,114,0
Indiana,2016,28,0,0,65,0
Iowa,2016,28,0,0,19,0
Kentucky,2016,28,1,0,185,1
Louisiana,2016,28,1,3,171,4
Maryland,2016,28,0,0,13,0
Massachusetts,2016,28,0,0,63,0
Michigan,2016,28,1,0,127,1
Minnesota,2016,28,0,0,122,0
Mississippi,2016,28,0,0,12,0
Missouri,2016,28,1,0,269,1
Montana,2016,28,0,0,41,0
Nebraska,2016,28,0,0,20,0
New Mexico,2016,28,0,0,49,0
New York,2016,28,2,2,710,4
North Carolina,2016,28,0,0,11,0
Ohio,2016,28,0,1,296,1
Oklahoma,2016,28,0,0,96,0
Oregon,2016,28,0,0,78,0
Pennsylvania,2016,28,0,0,193,0
South Carolina,2016,28,0,0,128,0
South Dakota,2016,28,0,0,74,0
Tennessee,2016,28,0,0,30,0
Texas,2016,28,5,8,621,13
Utah,2016,28,0,0,286,0
Vermont,2016,28,0,0,13,0
Virginia,2016,28,0,0,99,0
Washington,2016,28,0,0,193,0
West Virginia,2016,28,0,1,167,1
Wisconsin,2016,28,0,0,258,0
Alabama,2016,29,1,0,42,1
Arizona,2016,29,0,0,16,0
Arkansas,2016,29,0,0,31,0
California,2016,29,4,0,517,4
Colorado,2016,29,3,1,128,4
Florida,2016,29,4,15,576,19
Georgia,2016,29,0,0,181,0
Illinois,2016,29,0,0,85,0
Indiana,2016,29,0,0,44,0
Iowa,2016,29,1,0,20,1
Kentucky,2016,29,0,0,152,0
Louisiana,2016,29,0,1,162,1
Maryland,2016,29,0,0,13,0
Massachusetts,2016,29,1,1,72,2
Michigan,2016,29,1,0,121,1
Minnesota,2016,29,1,0,112,1
Mississippi,2016,29,0,0,27,0
Missouri,2016,29,0,0,241,0
Montana,2016,29,0,0,39,0
Nebraska,2016,29,0,1,28,1
New Mexico,2016,29,0,0,67,0
New York,2016,29,0,3,671,3
Ohio,2016,29,0,0,232,0
Oklahoma,2016,29,0,0,90,0
Oregon,2016,29,0,0,66,0
Pennsylvania,2016,29,0,0,175,0
South Carolina,2016,29,0,2,109,2
South Dakota,2016,29,0,0,50,0
Tennessee,2016,29,0,0,29,0
Texas,2016,29,2,2,558,4
Utah,2016,29,0,0,302,0
Virginia,2016,29,0,0,121,0
Washington,2016,29,1,0,192,1
West Virginia,2016,29,0,0,185,0
Wisconsin,2016,29,0,0,212,0
Alabama,2016,30,0,0,52,0
Arizona,2016,30,0,0,35,0
Arkansas,2016,30,0,0,29,0
California,2016,30,2,1,433,3
Colorado,2016,30,0,0,140,0
Connecticut,2016,30,0,0,26,0
Florida,2016,30,8,16,558,24
Georgia,2016,30,0,0,166,0
Illinois,2016,30,0,0,91,0
Indiana,2016,30,1,0,41,1
Iowa,2016,30,0,0,25,0
Kentucky,2016,30,2,0,148,2
Louisiana,2016,30,2,2,157,4
Maryland,2016,30,0,0,12,0
Massachusetts,2016,30,0,0,73,0
Michigan,2016,30,0,0,126,0
Minnesota,2016,30,0,0,115,0
Mississippi,2016,30,0,0,35,0
Missouri,2016,30,0,0,269,0
Montana,2016,30,0,0,45,0
Nebraska,2016,30,0,0,21,0
New Mexico,2016,30,0,0,54,0
New York,2016,30,1,0,675,1
Ohio,2016,30,0,0,256,0
Oklahoma,2016,30,0,0,84,0
Oregon,2016,30,0,0,65,0
Pennsylvania,2016,30,0,0,172,0
South Carolina,2016,30,0,0,120,0
South Dakota,2016,30,0,0,59,0
Tennessee,2016,30,0,0,30,0
Texas,2016,30,2,5,560,7
Utah,2016,30,0,0,263,0
Virginia,2016,30,0,0,120,0
Washington,2016,30,1,1,192,2
West Virginia,2016,30,0,0,162,0
Wisconsin,2016,30,1,0,180,1
Alabama,2016,31,0,0,53,0
Arizona,2016,31,0,0,23,0
Arkansas,2016,31,0,0,25,0
California,2016,31,1,0,452,1
Colorado,2016,31,0,0,138,0
Connecticut,2016,31,0,0,123,0
Florida,2016,31,9,9,548,18
Georgia,2016,31,1,2,178,3
Illinois,2016,31,0,1,105,1
Indiana,2016,31,0,0,55,0
Iowa,2016,31,0,0,22,0
Kentucky,2016,31,1,0,135,1
Louisiana,2016,31,0,1,159,1
Massachusetts,2016,31,0,1,67,1
Michigan,2016,31,0,0,115,0
Minnesota,2016,31,3,0,82,3
Mississippi,2016,31,0,0,21,0
Missouri,2016,31,0,0,269,0
Montana,2016,31,0,0,47,0
Nebraska,2016,31,0,0,23,0
New Mexico,2016,31,0,0,49,0
New York,2016,31,0,0,627,0
North Carolina,2016,31,0,0,11,0
Ohio,2016,31,2,0,264,2
Oregon,2016,31,0,0,60,0
Pennsylvania,2016,31,1,0,166,1
South Carolina,2016,31,1,0,118,1
South Dakota,2016,31,0,0,74,0
Tennessee,2016,31,0,0,30,0
Texas,2016,31,5,5,555,10
Utah,2016,31,4,0,286,4
Virginia,2016,31,0,0,113,0
Washington,2016,31,1,0,167,1
West Virginia,2016,31,0,0,159,0
Wisconsin,2016,31,2,0,190,2
Alabama,2016,32,0,0,55,0
Arizona,2016,32,0,0,27,0
Arkansas,2016,32,0,0,24,0
California,2016,32,0,1,351,1
Colorado,2016,32,0,0,148,0
Connecticut,2016,32,0,0,101,0
Florida,2016,32,7,18,576,25
Georgia,2016,32,1,0,200,1
Illinois,2016,32,0,0,110,0
Indiana,2016,32,0,0,46,0
Iowa,2016,32,0,0,16,0
Kentucky,2016,32,2,0,165,2
Louisiana,2016,32,1,1,146,2
Massachusetts,2016,32,0,0,65,0
Michigan,2016,32,1,0,111,1
Minnesota,2016,32,0,0,137,0
Mississippi,2016,32,0,0,19,0
Missouri,2016,32,0,0,249,0
Montana,2016,32,0,0,41,0
Nebraska,2016,32,0,0,29,0
New Mexico,2016,32,0,0,62,0
New York,2016,32,0,0,682,0
North Carolina,2016,32,0,2,11,2
Ohio,2016,32,1,0,287,1
Oklahoma,2016,32,0,0,71,0
Oregon,2016,32,0,0,60,0
Pennsylvania,2016,32,0,0,161,0
South Carolina,2016,32,0,0,123,0
South Dakota,2016,32,0,0,74,0
Tennessee,2016,32,1,1,32,2
Texas,2016,32,3,3,494,6
Utah,2016,32,1,0,245,1
Vermont,2016,32,0,0,10,0
Virginia,2016,32,0,0,118,0
Washington,2016,32,2,0,193,2
West Virginia,2016,32,0,0,167,0
Wisconsin,2016,32,1,0,207,1
Alabama,2016,33,0,0,61,0
Arizona,2016,33,0,0,40,0
Arkansas,2016,33,0,0,20,0
California,2016,33,0,1,475,1
Colorado,2016,33,0,0,163,0
Connecticut,2016,33,1,0,123,1
Florida,2016,33,10,12,554,22
Georgia,2016,33,0,1,303,1
Illinois,2016,33,0,0,75,0
Indiana,2016,33,0,0,61,0
Iowa,2016,33,0,0,19,0
Kentucky,2016,33,1,0,170,1
Louisiana,2016,33,0,2,179,2
Maryland,2016,33,1,0,11,1
Massachusetts,2016,33,0,0,58,0
Michigan,2016,33,0,0,87,0
Minnesota,2016,33,0,0,108,0
Mississippi,2016,33,0,0,12,0
Missouri,2016,33,0,0,308,0
Montana,2016,33,0,0,54,0
Nebraska,2016,33,0,0,19,0
New Mexico,2016,33,0,0,33,0
New York,2016,33,5,0,648,5
North Carolina,2016,33,0,0,12,0
Ohio,2016,33,5,0,277,5
Oklahoma,2016,33,0,0,83,0
Oregon,2016,33,0,0,47,0
Pennsylvania,2016,33,0,0,169,0
South Carolina,2016,33,1,0,120,1
South Dakota,2016,33,0,0,65,0
Tennessee,2016,33,0,0,41,0
Texas,2016,33,2,4,487,6
Utah,2016,33,0,0,280,0
Virginia,2016,33,0,0,111,0
Washington,2016,33,0,0,184,0
West Virginia,2016,33,0,0,147,0
Wisconsin,2016,33,1,0,189,1
Alabama,2016,34,0,0,39,0
Arizona,2016,34,0,0,34,0
Arkansas,2016,34,0,0,25,0
California,2016,34,3,1,382,4
Colorado,2016,34,0,0,180,0
Connecticut,2016,34,0,0,118,0
Florida,2016,34,14,16,626,30
Georgia,2016,34,3,0,308,3
Illinois,2016,34,0,0,106,0
Indiana,2016,34,0,0,62,0
Iowa,2016,34,0,0,29,0
Kentucky,2016,34,1,0,206,1
Louisiana,2016,34,1,0,191,1
Massachusetts,2016,34,0,0,48,0
Michigan,2016,34,1,0,107,1
Minnesota,2016,34,0,0,91,0
Mississippi,2016,34,0,0,26,0
Missouri,2016,34,0,0,319,0
Montana,2016,34,0,0,42,0
Nebraska,2016,34,0,0,25,0
New Mexico,2016,34,0,0,69,0
New York,2016,34,0,1,620,1
North Carolina,2016,34,1,0,18,1
Ohio,2016,34,1,1,343,2
Oklahoma,2016,34,0,0,83,0
Oregon,2016,34,0,0,45,0
Pennsylvania,2016,34,0,0,115,0
South Carolina,2016,34,1,1,126,2
South Dakota,2016,34,0,0,66,0
Tennessee,2016,34,0,1,53,1
Texas,2016,34,30,4,602,34
Utah,2016,34,1,0,292,1
Virginia,2016,34,1,0,98,1
Washington,2016,34,2,0,196,2
West Virginia,2016,34,1,0,185,1
Wisconsin,2016,34,0,0,221,0
Alabama,2016,35,0,0,51,0
Arizona,2016,35,0,0,75,0
Arkansas,2016,35,0,0,48,0
California,2016,35,3,0,434,3
Colorado,2016,35,0,0,219,0
Connecticut,2016,35,1,0,106,1
Florida,2016,35,5,20,673,25
Georgia,2016,35,0,3,330,3
Illinois,2016,35,2,0,111,2
Indiana,2016,35,1,0,44,1
Iowa,2016,35,0,0,23,0
Kentucky,2016,35,0,0,222,0
Louisiana,2016,35,0,0,213,0
Maryland,2016,35,0,0,11,0
Massachusetts,2016,35,0,0,59,0
Michigan,2016,35,1,0,113,1
Minnesota,2016,35,0,0,116,0
Mississippi,2016,35,0,0,42,0
Missouri,2016,35,0,0,330,0
Montana,2016,35,0,0,52,0
Nebraska,2016,35,0,0,30,0
New Mexico,2016,35,0,0,95,0
New York,2016,35,2,0,634,2
North Carolina,2016,35,0,0,10,0
Ohio,2016,35,1,2,320,3
Oklahoma,2016,35,0,0,100,0
Oregon,2016,35,1,0,55,1
Pennsylvania,2016,35,1,1,173,2
South Carolina,2016,35,0,1,128,1
South Dakota,2016,35,0,0,56,0
Tennessee,2016,35,1,2,82,3
Texas,2016,35,45,12,874,57
Utah,2016,35,3,0,334,3
Vermont,2016,35,0,0,10,0
Virginia,2016,35,3,0,109,3
Washington,2016,35,1,0,187,1
West Virginia,2016,35,0,0,198,0
Wisconsin,2016,35,0,0,209,0
Alabama,2016,36,0,0,81,0
Arizona,2016,36,0,0,39,0
Arkansas,2016,36,0,0,42,0
California,2016,36,5,1,455,6
Colorado,2016,36,0,0,256,0
Connecticut,2016,36,0,0,133,0
Florida,2016,36,17,30,837,47
Georgia,2016,36,2,4,349,6
Illinois,2016,36,0,0,131,0
Indiana,2016,36,1,0,89,1
Iowa,2016,36,0,0,23,0
Kansas,2016,36,0,0,17,0
Kentucky,2016,36,0,0,204,0
Louisiana,2016,36,3,1,227,4
Maryland,2016,36,0,0,17,0
Massachusetts,2016,36,0,0,77,0
Michigan,2016,36,0,0,116,0
Minnesota,2016,36,1,0,141,1
Mississippi,2016,36,0,0,42,0
Missouri,2016,36,1,0,379,1
Montana,2016,36,0,0,56,0
Nebraska,2016,36,1,0,27,1
New Mexico,2016,36,1,0,124,1
New York,2016,36,0,1,633,1
North Carolina,2016,36,1,0,37,1
Ohio,2016,36,0,1,330,1
Oklahoma,2016,36,0,0,105,0
Oregon,2016,36,0,0,63,0
Pennsylvania,2016,36,0,1,177,1
South Carolina,2016,36,0,1,134,1
South Dakota,2016,36,0,0,83,0
Tennessee,2016,36,0,0,77,0
Texas,2016,36,17,16,912,33
Utah,2016,36,2,0,307,2
Vermont,2016,36,0,0,14,0
Virginia,2016,36,1,0,119,1
Washington,2016,36,2,0,173,2
West Virginia,2016,36,0,0,265,0
Wisconsin,2016,36,1,0,224,1
Alabama,2016,37,1,0,83,1
Arizona,2016,37,0,0,39,0
Arkansas,2016,37,0,0,43,0
California,2016,37,3,0,569,3
Colorado,2016,37,1,0,250,1
Connecticut,2016,37,0,0,166,0
Delaware,2016,37,0,0,10,0
Florida,2016,37,20,32,877,52
Georgia,2016,37,6,1,360,7
Illinois,2016,37,0,1,147,1
Indiana,2016,37,0,1,91,1
Iowa,2016,37,0,0,43,0
Kansas,2016,37,0,0,23,0
Kentucky,2016,37,4,0,231,4
Louisiana,2016,37,0,1,261,1
Maryland,2016,37,1,0,11,1
Massachusetts,2016,37,0,0,102,0
Michigan,2016,37,1,0,195,1
Minnesota,2016,37,0,0,139,0
Mississippi,2016,37,0,0,46,0
Missouri,2016,37,0,0,344,0
Montana,2016,37,0,0,54,0
Nebraska,2016,37,0,0,27,0
New Hampshire,2016,37,0,0,12,0
New Mexico,2016,37,0,0,124,0
New York,2016,37,5,2,823,7
North Carolina,2016,37,1,0,85,1
Ohio,2016,37,3,2,424,5
Oklahoma,2016,37,0,0,128,0
Oregon,2016,37,1,0,74,1
Pennsylvania,2016,37,0,0,178,0
South Carolina,2016,37,0,1,147,1
South Dakota,2016,37,0,0,92,0
Tennessee,2016,37,1,2,90,3
Texas,2016,37,10,14,971,24
Utah,2016,37,2,0,398,2
Vermont,2016,37,0,0,23,0
Virginia,2016,37,0,0,135,0
Washington,2016,37,4,0,268,4
West Virginia,2016,37,0,0,186,0
Wisconsin,2016,37,4,0,277,4
Alabama,2016,38,1,0,77,1
Arizona,2016,38,0,0,35,0
Arkansas,2016,38,0,1,37,1
California,2016,38,9,4,564,13
Colorado,2016,38,1,0,274,1
Connecticut,2016,38,2,0,199,2
Delaware,2016,38,0,0,16,0
Florida,2016,38,29,34,875,63
Georgia,2016,38,5,0,387,5
Illinois,2016,38,1,1,143,2
Indiana,2016,38,1,0,91,1
Iowa,2016,38,1,0,44,1
Kansas,2016,38,0,0,24,0
Kentucky,2016,38,0,0,254,0
Louisiana,2016,38,2,0,258,2
Maryland,2016,38,0,0,15,0
Massachusetts,2016,38,0,0,150,0
Michigan,2016,38,1,0,234,1
Minnesota,2016,38,2,1,185,3
Mississippi,2016,38,1,1,55,2
Missouri,2016,38,0,0,381,0
Montana,2016,38,0,0,53,0
Nebraska,2016,38,0,0,17,0
New Hampshire,2016,38,0,0,11,0
New Mexico,2016,38,1,0,118,1
New York,2016,38,1,1,890,2
North Carolina,2016,38,1,1,120,2
Ohio,2016,38,1,1,411,2
Oklahoma,2016,38,0,0,114,0
Oregon,2016,38,2,0,110,2
Pennsylvania,2016,38,1,0,217,1
South Carolina,2016,38,1,1,144,2
South Dakota,2016,38,1,0,111,1
Tennessee,2016,38,0,1,118,1
Texas,2016,38,10,18,1059,28
Utah,2016,38,2,0,370,2
Vermont,2016,38,0,0,28,0
Virginia,2016,38,1,0,136,1
Washington,2016,38,9,0,332,9
West Virginia,2016,38,1,0,226,1
Wisconsin,2016,38,3,2,264,5
Alabama,2016,39,1,0,100,1
Arizona,2016,39,0,0,43,0
Arkansas,2016,39,0,0,46,0
California,2016,39,4,2,624,6
Colorado,2016,39,2,0,246,2
Connecticut,2016,39,1,0,230,1
Delaware,2016,39,0,1,15,1
Florida,2016,39,43,48,1035,91
Georgia,2016,39,1,1,495,2
Illinois,2016,39,0,1,173,1
Indiana,2016,39,0,0,84,0
Iowa,2016,39,0,0,49,0
Kansas,2016,39,0,0,39,0
Kentucky,2016,39,0,0,265,0
Louisiana,2016,39,5,7,255,12
Maryland,2016,39,0,0,18,0
Massachusetts,2016,39,1,0,148,1
Michigan,2016,39,2,0,314,2
Minnesota,2016,39,1,0,173,1
Mississippi,2016,39,0,0,66,0
Missouri,2016,39,0,0,545,0
Montana,2016,39,0,0,52,0
Nebraska,2016,39,0,0,29,0
New Hampshire,2016,39,0,0,17,0
New Mexico,2016,39,0,0,170,0
New York,2016,39,6,2,967,8
North Carolina,2016,39,0,0,116,0
Ohio,2016,39,2,1,493,3
Oklahoma,2016,39,0,0,111,0
Oregon,2016,39,4,0,120,4
Pennsylvania,2016,39,1,0,263,1
South Carolina,2016,39,0,1,164,1
South Dakota,2016,39,1,0,101,1
Tennessee,2016,39,0,3,128,3
Texas,2016,39,10,11,1020,21
Utah,2016,39,0,2,391,2
Vermont,2016,39,0,0,35,0
Virginia,2016,39,0,0,163,0
Washington,2016,39,16,0,375,16
West Virginia,2016,39,1,0,238,1
Wisconsin,2016,39,3,1,328,4
Alabama,2016,40,4,1,406,5
Arizona,2016,40,0,0,133,0
Arkansas,2016,40,0,0,47,0
California,2016,40,2,0,668,2
Colorado,2016,40,0,0,260,0
Connecticut,2016,40,3,0,199,3
Delaware,2016,40,0,0,40,0
Florida,2016,40,33,54,1255,87
Georgia,2016,40,6,3,552,9
Idaho,2016,40,0,0,13,0
Illinois,2016,40,0,1,188,1
Indiana,2016,40,1,0,131,1
Iowa,2016,40,0,0,64,0
Kansas,2016,40,0,0,69,0
Kentucky,2016,40,0,0,240,0
Louisiana,2016,40,5,3,452,8
Maryland,2016,40,1,0,82,1
Massachusetts,2016,40,1,1,362,2
Michigan,2016,40,2,1,606,3
Minnesota,2016,40,2,0,210,2
Mississippi,2016,40,0,1,75,1
Missouri,2016,40,0,0,536,0
Montana,2016,40,1,0,86,1
Nebraska,2016,40,0,0,54,0
New Hampshire,2016,40,1,0,21,1
New Mexico,2016,40,1,0,176,1
New York,2016,40,8,3,1166,11
North Carolina,2016,40,3,1,155,4
North Dakota,2016,40,0,0,42,0
Ohio,2016,40,2,3,807,5
Oklahoma,2016,40,1,0,117,1
Oregon,2016,40,3,0,166,3
Pennsylvania,2016,40,0,1,272,1
South Carolina,2016,40,0,1,154,1
South Dakota,2016,40,1,0,129,1
Tennessee,2016,40,0,2,123,2
Texas,2016,40,15,10,1122,25
Utah,2016,40,6,0,395,6
Vermont,2016,40,0,0,47,0
Virginia,2016,40,0,1,213,1
Washington,2016,40,11,0,411,11
West Virginia,2016,40,0,2,333,2
Wisconsin,2016,40,1,0,444,1
Alabama,2016,41,6,7,530,13
Arizona,2016,41,0,1,138,1
Arkansas,2016,41,1,0,60,1
California,2016,41,5,0,708,5
Colorado,2016,41,2,1,301,3
Connecticut,2016,41,1,0,275,1
Delaware,2016,41,0,0,37,0
Florida,2016,41,26,37,1000,63
Georgia,2016,41,8,0,561,8
Idaho,2016,41,0,0,15,0
Illinois,2016,41,0,0,234,0
Indiana,2016,41,0,1,111,1
Iowa,2016,41,0,0,91,0
Kansas,2016,41,0,0,62,0
Kentucky,2016,41,2,0,260,2
Louisiana,2016,41,5,1,496,6
Maryland,2016,41,1,0,113,1
Massachusetts,2016,41,2,1,417,3
Michigan,2016,41,3,1,669,4
Minnesota,2016,41,0,0,215,0
Mississippi,2016,41,1,0,66,1
Missouri,2016,41,1,0,572,1
Montana,2016,41,2,0,96,2
Nebraska,2016,41,0,0,60,0
New Hampshire,2016,41,1,0,17,1
New Mexico,2016,41,0,1,167,1
New York,2016,41,1,3,1135,4
North Carolina,2016,41,1,1,176,2
North Dakota,2016,41,1,0,36,1
Ohio,2016,41,4,3,974,7
Oklahoma,2016,41,2,0,143,2
Oregon,2016,41,2,0,188,2
Pennsylvania,2016,41,0,0,270,0
South Carolina,2016,41,0,1,179,1
South Dakota,2016,41,0,0,108,0
Tennessee,2016,41,3,0,112,3
Texas,2016,41,10,19,1153,29
Utah,2016,41,5,0,424,5
Vermont,2016,41,1,0,68,1
Virginia,2016,41,2,1,201,3
Washington,2016,41,2,2,413,4
West Virginia,2016,41,0,0,332,0
Wisconsin,2016,41,1,2,471,3
Alabama,2016,42,3,5,503,8
Arizona,2016,42,0,1,135,1
Arkansas,2016,42,0,0,53,0
California,2016,42,3,2,719,5
Colorado,2016,42,1,0,312,1
Connecticut,2016,42,0,0,318,0
Delaware,2016,42,0,0,68,0
Florida,2016,42,24,51,1103,75
Georgia,2016,42,6,0,595,6
Idaho,2016,42,0,0,16,0
Illinois,2016,42,0,1,269,1
Indiana,2016,42,0,0,122,0
Iowa,2016,42,0,0,93,0
Kansas,2016,42,0,0,65,0
Kentucky,2016,42,0,0,251,0
Louisiana,2016,42,2,1,505,3
Maryland,2016,42,0,1,103,1
Massachusetts,2016,42,1,0,433,1
Michigan,2016,42,2,4,732,6
Minnesota,2016,42,3,0,296,3
Mississippi,2016,42,1,1,90,2
Missouri,2016,42,0,1,577,1
Montana,2016,42,1,0,111,1
Nebraska,2016,42,0,1,84,1
Nevada,2016,42,1,0,12,1
New Hampshire,2016,42,0,0,26,0
New Mexico,2016,42,0,1,171,1
New York,2016,42,11,1,1542,12
North Carolina,2016,42,4,4,216,8
North Dakota,2016,42,0,0,33,0
Ohio,2016,42,6,9,948,15
Oklahoma,2016,42,1,1,166,2
Oregon,2016,42,5,0,191,5
Pennsylvania,2016,42,0,0,286,0
South Carolina,2016,42,2,0,213,2
South Dakota,2016,42,1,0,113,1
Tennessee,2016,42,2,1,129,3
Texas,2016,42,8,10,1152,18
Utah,2016,42,4,0,439,4
Vermont,2016,42,0,0,65,0
Virginia,2016,42,0,0,191,0
Washington,2016,42,13,1,396,14
West Virginia,2016,42,0,0,363,0
Wisconsin,2016,42,2,0,507,2
Alabama,2016,43,5,1,464,6
Arizona,2016,43,0,0,125,0
Arkansas,2016,43,0,0,31,0
California,2016,43,9,2,698,11
Colorado,2016,43,2,0,338,2
Connecticut,2016,43,0,0,271,0
Delaware,2016,43,0,0,72,0
Florida,2016,43,27,40,1072,67
Georgia,2016,43,5,3,638,8
Idaho,2016,43,0,0,22,0
Illinois,2016,43,1,0,297,1
Indiana,2016,43,0,1,112,1
Iowa,2016,43,1,1,118,2
Kansas,2016,43,0,0,72,0
Kentucky,2016,43,0,1,276,1
Louisiana,2016,43,5,0,545,5
Maryland,2016,43,0,0,82,0
Massachusetts,2016,43,1,2,403,3
Michigan,2016,43,3,0,735,3
Minnesota,2016,43,1,1,310,2
Mississippi,2016,43,0,0,77,0
Missouri,2016,43,0,0,616,0
Montana,2016,43,2,0,90,2
Nebraska,2016,43,0,0,79,0
Nevada,2016,43,1,0,14,1
New Hampshire,2016,43,1,0,24,1
New Mexico,2016,43,2,0,201,2
New York,2016,43,8,4,1537,12
North Carolina,2016,43,3,3,225,6
North Dakota,2016,43,0,0,18,0
Ohio,2016,43,0,2,967,2
Oklahoma,2016,43,1,0,158,1
Oregon,2016,43,13,0,223,13
Pennsylvania,2016,43,0,1,305,1
South Carolina,2016,43,0,0,217,0
South Dakota,2016,43,0,0,142,0
Tennessee,2016,43,1,4,115,5
Texas,2016,43,12,18,1174,30
Utah,2016,43,6,0,468,6
Vermont,2016,43,0,0,68,0
Virginia,2016,43,0,0,210,0
Washington,2016,43,28,2,470,30
West Virginia,2016,43,0,1,386,1
Wisconsin,2016,43,1,1,526,2
Alabama,2016,44,15,8,591,23
Arizona,2016,44,0,0,149,0
Arkansas,2016,44,0,0,53,0
California,2016,44,9,0,728,9
Colorado,2016,44,3,0,318,3
Connecticut,2016,44,4,0,254,4
Delaware,2016,44,0,0,72,0
Florida,2016,44,51,67,1379,118
Georgia,2016,44,6,2,684,8
Idaho,2016,44,0,0,30,0
Illinois,2016,44,0,0,261,0
Indiana,2016,44,0,0,104,0
Iowa,2016,44,1,2,84,3
Kansas,2016,44,0,0,52,0
Kentucky,2016,44,0,0,253,0
Louisiana,2016,44,7,3,580,10
Maryland,2016,44,0,0,100,0
Massachusetts,2016,44,5,2,408,7
Michigan,2016,44,4,0,771,4
Minnesota,2016,44,3,0,311,3
Mississippi,2016,44,1,1,80,2
Missouri,2016,44,0,0,609,0
Montana,2016,44,2,0,95,2
Nebraska,2016,44,0,0,103,0
Nevada,2016,44,1,1,14,2
New Hampshire,2016,44,1,1,20,2
New Mexico,2016,44,0,0,230,0
New York,2016,44,12,2,1580,14
North Carolina,2016,44,5,6,253,11
North Dakota,2016,44,0,0,44,0
Ohio,2016,44,9,9,1174,18
Oklahoma,2016,44,2,0,151,2
Oregon,2016,44,13,1,290,14
Pennsylvania,2016,44,0,0,346,0
South Carolina,2016,44,1,1,230,2
South Dakota,2016,44,2,0,126,2
Tennessee,2016,44,0,2,125,2
Texas,2016,44,12,9,1275,21
Utah,2016,44,8,0,480,8
Vermont,2016,44,0,0,71,0
Virginia,2016,44,0,0,217,0
Washington,2016,44,16,0,537,16
West Virginia,2016,44,0,1,409,1
Wisconsin,2016,44,2,0,580,2
Alabama,2016,45,5,1,625,6
Arizona,2016,45,1,0,143,1
Arkansas,2016,45,0,0,57,0
California,2016,45,10,1,839,11
Colorado,2016,45,8,0,394,8
Connecticut,2016,45,2,0,298,2
Delaware,2016,45,1,0,90,1
Florida,2016,45,78,79,1442,157
Georgia,2016,45,7,2,670,9
Idaho,2016,45,0,0,29,0
Illinois,2016,45,1,0,277,1
Indiana,2016,45,0,2,153,2
Iowa,2016,45,1,0,119,1
Kansas,2016,45,0,0,80,0
Kentucky,2016,45,0,0,269,0
Louisiana,2016,45,10,2,641,12
Maryland,2016,45,0,0,135,0
Massachusetts,2016,45,5,1,467,6
Michigan,2016,45,0,0,802,0
Minnesota,2016,45,0,0,216,0
Mississippi,2016,45,0,0,92,0
Missouri,2016,45,0,0,601,0
Montana,2016,45,1,0,117,1
Nebraska,2016,45,0,0,81,0
Nevada,2016,45,0,0,11,0
New Hampshire,2016,45,0,0,25,0
New Mexico,2016,45,0,0,234,0
New York,2016,45,18,1,1685,19
North Carolina,2016,45,4,2,186,6
North Dakota,2016,45,1,0,36,1
Ohio,2016,45,8,4,1333,12
Oklahoma,2016,45,2,0,148,2
Oregon,2016,45,39,0,273,39
Pennsylvania,2016,45,1,2,385,3
South Carolina,2016,45,0,1,229,1
South Dakota,2016,45,0,0,130,0
Tennessee,2016,45,1,1,184,2
Texas,2016,45,10,19,1514,29
Utah,2016,45,16,0,517,16
Vermont,2016,45,0,0,56,0
Virginia,2016,45,0,0,216,0
Washington,2016,45,33,1,562,34
West Virginia,2016,45,0,0,433,0
Wisconsin,2016,45,1,0,569,1
Alabama,2016,46,15,9,678,24
Arizona,2016,46,1,0,182,1
Arkansas,2016,46,1,0,45,1
California,2016,46,10,1,878,11
Colorado,2016,46,7,1,386,8
Connecticut,2016,46,4,0,350,4
Delaware,2016,46,3,0,108,3
Florida,2016,46,75,69,1571,144
Georgia,2016,46,14,9,818,23
Idaho,2016,46,2,0,36,2
Illinois,2016,46,4,3,291,7
Indiana,2016,46,1,0,160,1
Iowa,2016,46,0,0,98,0
Kansas,2016,46,1,2,81,3
Kentucky,2016,46,0,0,266,0
Louisiana,2016,46,21,5,735,26
Maryland,2016,46,0,0,108,0
Massachusetts,2016,46,5,0,439,5
Michigan,2016,46,3,4,754,7
Minnesota,2016,46,1,0,305,1
Mississippi,2016,46,0,0,104,0
Missouri,2016,46,5,1,701,6
Montana,2016,46,4,0,133,4
Nebraska,2016,46,0,0,74,0
New Hampshire,2016,46,1,0,29,1
New Mexico,2016,46,0,0,284,0
New York,2016,46,21,4,1705,25
North Carolina,2016,46,3,2,267,5
North Dakota,2016,46,0,0,39,0
Ohio,2016,46,9,7,1376,16
Oklahoma,2016,46,2,0,204,2
Oregon,2016,46,48,0,367,48
Pennsylvania,2016,46,2,2,453,4
South Carolina,2016,46,0,1,267,1
South Dakota,2016,46,1,0,122,1
Tennessee,2016,46,1,0,162,1
Texas,2016,46,21,22,1746,43
Utah,2016,46,7,0,483,7
Vermont,2016,46,1,0,75,1
Virginia,2016,46,0,0,181,0
Washington,2016,46,38,1,610,39
West Virginia,2016,46,2,0,427,2
Wisconsin,2016,46,4,0,576,4
Alabama,2016,47,14,8,650,22
Arizona,2016,47,3,0,165,3
Arkansas,2016,47,0,0,56,0
California,2016,47,15,2,840,17
Colorado,2016,47,10,1,372,11
Connecticut,2016,47,5,1,328,6
Delaware,2016,47,6,0,94,6
Florida,2016,47,122,95,1702,217
Georgia,2016,47,7,5,765,12
Idaho,2016,47,5,0,57,5
Illinois,2016,47,6,1,337,7
Indiana,2016,47,0,0,156,0
Iowa,2016,47,2,0,129,2
Kansas,2016,47,0,0,73,0
Kentucky,2016,47,0,0,243,0
Louisiana,2016,47,20,5,716,25
Maryland,2016,47,1,1,107,2
Massachusetts,2016,47,3,3,455,6
Michigan,2016,47,15,1,744,16
Minnesota,2016,47,1,0,276,1
Mississippi,2016,47,1,0,84,1
Missouri,2016,47,11,1,584,12
Montana,2016,47,3,0,119,3
Nebraska,2016,47,0,1,95,1
Nevada,2016,47,1,0,10,1
New Hampshire,2016,47,0,0,26,0
New Mexico,2016,47,1,0,236,1
New York,2016,47,30,3,1672,33
North Carolina,2016,47,2,3,287,5
North Dakota,2016,47,0,0,29,0
Ohio,2016,47,10,7,1215,17
Oklahoma,2016,47,1,0,182,1
Oregon,2016,47,58,0,357,58
Pennsylvania,2016,47,2,2,431,4
South Carolina,2016,47,1,4,239,5
South Dakota,2016,47,0,0,121,0
Tennessee,2016,47,2,3,197,5
Texas,2016,47,17,16,1537,33
Utah,2016,47,16,0,549,16
Vermont,2016,47,0,0,81,0
Virginia,2016,47,0,0,184,0
Washington,2016,47,35,1,649,36
West Virginia,2016,47,3,1,413,4
Wisconsin,2016,47,5,0,571,5
Alabama,2016,48,20,9,714,29
Arizona,2016,48,1,0,223,1
Arkansas,2016,48,2,1,73,3
California,2016,48,17,2,1063,19
Colorado,2016,48,17,0,462,17
Connecticut,2016,48,4,1,390,5
Delaware,2016,48,14,1,168,15
Florida,2016,48,111,80,1684,191
Georgia,2016,48,13,8,841,21
Idaho,2016,48,3,0,44,3
Illinois,2016,48,3,2,317,5
Indiana,2016,48,0,0,184,0
Iowa,2016,48,2,0,110,2
Kansas,2016,48,1,1,91,2
Kentucky,2016,48,0,1,304,1
Louisiana,2016,48,16,6,741,22
Maryland,2016,48,1,1,162,2
Massachusetts,2016,48,20,2,595,22
Michigan,2016,48,5,2,924,7
Minnesota,2016,48,5,2,410,7
Mississippi,2016,48,1,1,129,2
Missouri,2016,48,16,2,715,18
Montana,2016,48,2,0,109,2
Nebraska,2016,48,1,0,88,1
Nevada,2016,48,1,0,12,1
New Hampshire,2016,48,0,0,27,0
New Mexico,2016,48,4,0,289,4
New York,2016,48,60,14,2068,74
North Carolina,2016,48,6,3,315,9
North Dakota,2016,48,0,0,47,0
Ohio,2016,48,16,5,1463,21
Oklahoma,2016,48,1,0,192,1
Oregon,2016,48,44,1,416,45
Pennsylvania,2016,48,3,1,472,4
South Carolina,2016,48,1,0,285,1
South Dakota,2016,48,0,0,153,0
Tennessee,2016,48,2,6,209,8
Texas,2016,48,12,20,1780,32
Utah,2016,48,30,0,630,30
Vermont,2016,48,3,0,91,3
Virginia,2016,48,0,0,206,0
Washington,2016,48,33,0,606,33
West Virginia,2016,48,5,3,483,8
Wisconsin,2016,48,7,2,744,9
Alabama,2016,49,20,7,723,27
Arizona,2016,49,1,0,165,1
Arkansas,2016,49,0,0,50,0
California,2016,49,30,2,1021,32
Colorado,2016,49,18,3,488,21
Connecticut,2016,49,1,0,341,1
Delaware,2016,49,8,0,172,8
Florida,2016,49,171,75,1728,246
Georgia,2016,49,19,10,763,29
Idaho,2016,49,6,0,50,6
Illinois,2016,49,3,2,335,5
Indiana,2016,49,1,0,177,1
Iowa,2016,49,2,0,119,2
Kansas,2016,49,0,0,87,0
Kentucky,2016,49,0,0,332,0
Louisiana,2016,49,16,2,737,18
Maryland,2016,49,2,0,137,2
Massachusetts,2016,49,8,5,509,13
Michigan,2016,49,24,7,952,31
Minnesota,2016,49,7,0,358,7
Mississippi,2016,49,2,2,87,4
Missouri,2016,49,11,1,762,12
Montana,2016,49,9,1,137,10
Nebraska,2016,49,5,0,110,5
Nevada,2016,49,0,0,11,0
New Hampshire,2016,49,0,0,20,0
New Mexico,2016,49,1,0,180,1
New York,2016,49,46,2,1483,48
North Carolina,2016,49,8,3,321,11
North Dakota,2016,49,0,0,26,0
Ohio,2016,49,25,8,1481,33
Oklahoma,2016,49,2,0,179,2
Oregon,2016,49,56,0,392,56
Pennsylvania,2016,49,13,3,498,16
South Carolina,2016,49,0,4,311,4
South Dakota,2016,49,0,0,158,0
Tennessee,2016,49,3,1,184,4
Texas,2016,49,37,29,1653,66
Utah,2016,49,33,0,584,33
Vermont,2016,49,7,0,121,7
Virginia,2016,49,3,0,248,3
Washington,2016,49,38,0,681,38
West Virginia,2016,49,5,2,453,7
Wisconsin,2016,49,13,3,684,16
Alabama,2016,50,31,8,801,39
Arizona,2016,50,0,0,226,0
Arkansas,2016,50,1,0,75,1
California,2016,50,64,4,1222,68
Colorado,2016,50,22,2,533,24
Connecticut,2016,50,13,0,391,13
Delaware,2016,50,14,0,158,14
Florida,2016,50,260,86,1738,346
Georgia,2016,50,79,22,956,101
Idaho,2016,50,8,0,56,8
Illinois,2016,50,7,11,401,18
Indiana,2016,50,2,1,172,3
Iowa,2016,50,4,0,124,4
Kansas,2016,50,3,0,94,3
Kentucky,2016,50,2,0,361,2
Louisiana,2016,50,51,4,861,55
Maryland,2016,50,3,0,175,3
Massachusetts,2016,50,17,3,563,20
Michigan,2016,50,31,1,896,32
Minnesota,2016,50,7,0,338,7
Mississippi,2016,50,5,2,116,7
Missouri,2016,50,24,1,755,25
Montana,2016,50,10,0,129,10
Nebraska,2016,50,2,0,106,2
Nevada,2016,50,5,0,33,5
New Hampshire,2016,50,0,0,16,0
New Mexico,2016,50,6,0,357,6
New York,2016,50,126,8,2102,134
North Carolina,2016,50,12,8,313,20
North Dakota,2016,50,1,0,30,1
Ohio,2016,50,38,4,1647,42
Oklahoma,2016,50,5,0,197,5
Oregon,2016,50,151,0,579,151
Pennsylvania,2016,50,14,2,525,16
South Carolina,2016,50,5,6,360,11
South Dakota,2016,50,2,1,144,3
Tennessee,2016,50,7,3,220,10
Texas,2016,50,75,24,2035,99
Utah,2016,50,92,0,766,92
Vermont,2016,50,7,0,101,7
Virginia,2016,50,9,0,232,9
Washington,2016,50,69,2,714,71
West Virginia,2016,50,12,1,503,13
Wisconsin,2016,50,16,2,764,18
Alabama,2016,51,44,13,970,57
Arizona,2016,51,6,0,237,6
Arkansas,2016,51,4,0,82,4
California,2016,51,105,1,1342,106
Colorado,2016,51,54,5,653,59
Connecticut,2016,51,44,3,433,47
Delaware,2016,51,7,0,180,7
Florida,2016,51,375,87,2141,462
Georgia,2016,51,99,35,1206,134
Idaho,2016,51,30,0,87,30
Illinois,2016,51,19,9,453,28
Indiana,2016,51,3,0,217,3
Iowa,2016,51,7,2,165,9
Kansas,2016,51,18,0,126,18
Kentucky,2016,51,8,1,353,9
Louisiana,2016,51,109,24,1050,133
Maryland,2016,51,4,1,154,5
Massachusetts,2016,51,31,4,632,35
Michigan,2016,51,40,14,951,54
Minnesota,2016,51,14,2,373,16
Mississippi,2016,51,4,3,162,7
Missouri,2016,51,37,1,757,38
Montana,2016,51,25,1,180,26
Nebraska,2016,51,8,1,150,9
Nevada,2016,51,5,0,29,5
New Hampshire,2016,51,3,0,25,3
New Mexico,2016,51,5,0,350,5
New York,2016,51,335,15,2525,350
North Carolina,2016,51,98,12,520,110
North Dakota,2016,51,2,0,33,2
Ohio,2016,51,79,10,1719,89
Oklahoma,2016,51,12,3,224,15
Oregon,2016,51,239,3,737,242
Pennsylvania,2016,51,29,9,571,38
South Carolina,2016,51,13,9,380,22
South Dakota,2016,51,5,1,157,6
Tennessee,2016,51,15,1,267,16
Texas,2016,51,86,46,1949,132
Utah,2016,51,217,4,984,221
Vermont,2016,51,11,2,145,13
Virginia,2016,51,10,0,229,10
Washington,2016,51,176,2,942,178
West Virginia,2016,51,31,4,560,35
Wisconsin,2016,51,39,6,826,45
Alabama,2016,52,65,16,989,81
Arizona,2016,52,2,1,282,3
Arkansas,2016,52,5,0,84,5
California,2016,52,186,9,1630,195
Colorado,2016,52,127,6,915,133
Connecticut,2016,52,107,6,653,113
Delaware,2016,52,17,0,205,17
Florida,2016,52,338,76,1867,414
Georgia,2016,52,115,29,1325,144
Idaho,2016,52,35,0,106,35
Illinois,2016,52,43,16,607,59
Indiana,2016,52,5,1,191,6
Iowa,2016,52,12,2,131,14
Kansas,2016,52,7,0,138,7
Kentucky,2016,52,7,0,350,7
Louisiana,2016,52,117,35,1284,152
Maine,2016,52,7,0,61,7
Maryland,2016,52,52,2,270,54
Massachusetts,2016,52,82,5,887,87
Michigan,2016,52,63,10,1230,73
Minnesota,2016,52,31,3,468,34
Mississippi,2016,52,14,8,179,22
Missouri,2016,52,70,5,928,75
Montana,2016,52,68,0,244,68
Nebraska,2016,52,10,0,160,10
New Hampshire,2016,52,2,0,40,2
New Mexico,2016,52,9,3,354,12
New York,2016,52,708,14,3281,722
North Carolina,2016,52,78,9,658,87
North Dakota,2016,52,11,0,64,11
Ohio,2016,52,172,20,2121,192
Oklahoma,2016,52,14,2,265,16
Oregon,2016,52,522,0,1199,522
Pennsylvania,2016,52,54,15,672,69
South Carolina,2016,52,19,13,476,32
South Dakota,2016,52,11,0,210,11
Tennessee,2016,52,30,4,338,34
Texas,2016,52,129,38,2449,167
Utah,2016,52,308,1,1240,309
Vermont,2016,52,21,1,195,22
Virginia,2016,52,29,1,241,30
Washington,2016,52,333,2,1459,335
West Virginia,2016,52,54,10,765,64
Wisconsin,2016,52,72,5,1032,77
Alabama,2017,1,52,12,919,64
Arizona,2017,1,10,0,299,10
Arkansas,2017,1,6,0,46,6
California,2017,1,291,0,1867,291
Colorado,2017,1,112,3,949,115
Connecticut,2017,1,75,6,602,81
Delaware,2017,1,23,1,231,24
Florida,2017,1,304,54,1885,358
Georgia,2017,1,91,24,1152,115
Idaho,2017,1,36,0,150,36
Illinois,2017,1,43,15,626,58
Indiana,2017,1,11,2,272,13
Iowa,2017,1,34,2,225,36
Kansas,2017,1,6,0,142,6
Kentucky,2017,1,10,1,358,11
Louisiana,2017,1,121,37,1279,158
Maine,2017,1,9,2,73,11
Maryland,2017,1,21,3,215,24
Massachusetts,2017,1,84,10,990,94
Michigan,2017,1,85,16,1259,101
Minnesota,2017,1,37,3,536,40
Mississippi,2017,1,11,1,133,12
Missouri,2017,1,85,6,972,91
Montana,2017,1,51,0,221,51
Nebraska,2017,1,16,2,171,18
Nevada,2017,1,1,0,24,1
New Hampshire,2017,1,4,0,46,4
New Mexico,2017,1,27,0,444,27
New York,2017,1,603,22,3627,625
North Carolina,2017,1,29,11,537,40
North Dakota,2017,1,4,0,55,4
Ohio,2017,1,193,29,2311,222
Oklahoma,2017,1,16,3,298,19
Oregon,2017,1,520,4,1473,524
Pennsylvania,2017,1,93,11,883,104
South Carolina,2017,1,25,9,382,34
South Dakota,2017,1,8,0,184,8
Tennessee,2017,1,20,5,283,25
Texas,2017,1,155,42,2278,197
Utah,2017,1,222,2,1303,224
Vermont,2017,1,39,2,256,41
Virginia,2017,1,28,3,325,31
Washington,2017,1,406,8,1793,414
West Virginia,2017,1,38,14,764,52
Wisconsin,2017,1,93,5,1201,98
Alabama,2017,2,67,16,845,83
Arizona,2017,2,7,0,292,7
Arkansas,2017,2,4,1,86,5
California,2017,2,313,7,1953,320
Colorado,2017,2,101,3,876,104
Connecticut,2017,2,78,3,616,81
Delaware,2017,2,30,1,233,31
Florida,2017,2,211,34,1380,245
Georgia,2017,2,131,25,1090,156
Idaho,2017,2,38,0,170,38
Illinois,2017,2,78,27,663,105
Indiana,2017,2,7,1,245,8
Iowa,2017,2,36,1,287,37
Kansas,2017,2,17,0,166,17
Kentucky,2017,2,18,1,285,19
Louisiana,2017,2,126,46,1248,172
Maine,2017,2,13,0,77,13
Maryland,2017,2,23,4,202,27
Massachusetts,2017,2,163,8,1072,171
Michigan,2017,2,102,15,1242,117
Minnesota,2017,2,59,5,644,64
Mississippi,2017,2,7,3,128,10
Missouri,2017,2,115,11,1032,126
Montana,2017,2,57,1,273,58
Nebraska,2017,2,33,0,178,33
Nevada,2017,2,6,0,35,6
New Hampshire,2017,2,2,2,32,4
New Mexico,2017,2,33,3,467,36
New York,2017,2,732,51,3714,783
North Carolina,2017,2,54,12,460,66
North Dakota,2017,2,4,9,68,13
Ohio,2017,2,261,36,2402,297
Oklahoma,2017,2,29,1,298,30
Oregon,2017,2,447,4,1404,451
Pennsylvania,2017,2,120,21,961,141
South Carolina,2017,2,31,13,433,44
South Dakota,2017,2,27,0,237,27
Tennessee,2017,2,23,6,272,29
Texas,2017,2,285,47,2400,332
Utah,2017,2,226,0,1221,226
Vermont,2017,2,29,0,209,29
Virginia,2017,2,18,7,360,25
Washington,2017,2,461,8,1924,469
West Virginia,2017,2,30,12,652,42
Wisconsin,2017,2,126,22,1290,148
Alabama,2017,3,77,17,735,94
Arizona,2017,3,6,1,269,7
Arkansas,2017,3,10,0,95,10
California,2017,3,234,8,1791,242
Colorado,2017,3,102,6,802,108
Connecticut,2017,3,123,5,637,128
Delaware,2017,3,37,3,219,40
Florida,2017,3,418,79,1970,497
Georgia,2017,3,241,27,1323,268
Idaho,2017,3,28,0,146,28
Illinois,2017,3,89,27,670,116
Indiana,2017,3,23,3,246,26
Iowa,2017,3,62,7,283,69
Kansas,2017,3,25,2,167,27
Kentucky,2017,3,20,2,321,22
Louisiana,2017,3,197,58,1381,255
Maine,2017,3,30,0,122,30
Maryland,2017,3,34,12,230,46
Massachusetts,2017,3,184,11,1098,195
Michigan,2017,3,157,36,1396,193
Minnesota,2017,3,109,5,673,114
Mississippi,2017,3,11,4,141,15
Missouri,2017,3,120,16,1028,136
Montana,2017,3,54,1,240,55
Nebraska,2017,3,44,0,192,44
Nevada,2017,3,6,0,28,6
New Hampshire,2017,3,1,1,51,2
New Mexico,2017,3,51,1,530,52
New York,2017,3,922,53,3787,975
North Carolina,2017,3,64,6,507,70
North Dakota,2017,3,19,0,88,19
Ohio,2017,3,360,60,2603,420
Oklahoma,2017,3,27,3,292,30
Oregon,2017,3,430,7,1370,437
Pennsylvania,2017,3,173,19,1051,192
South Carolina,2017,3,32,25,467,57
South Dakota,2017,3,48,1,279,49
Tennessee,2017,3,26,6,268,32
Texas,2017,3,340,55,2417,395
Utah,2017,3,183,1,1095,184
Vermont,2017,3,32,4,270,36
Virginia,2017,3,33,6,405,39
Washington,2017,3,480,17,1972,497
West Virginia,2017,3,53,19,696,72
Wisconsin,2017,3,155,24,1362,179
Alabama,2017,4,79,18,766,97
Arizona,2017,4,10,0,299,10
Arkansas,2017,4,12,0,111,12
California,2017,4,211,8,1725,219
Colorado,2017,4,109,9,829,118
Connecticut,2017,4,130,7,693,137
Delaware,2017,4,54,3,226,57
Florida,2017,4,392,81,1930,473
Georgia,2017,4,213,36,1287,249
Idaho,2017,4,33,0,125,33
Illinois,2017,4,67,37,678,104
Indiana,2017,4,26,1,267,27
Iowa,2017,4,76,7,301,83
Kansas,2017,4,12,0,138,12
Kentucky,2017,4,25,0,363,25
Louisiana,2017,4,231,31,1577,262
Maine,2017,4,26,0,104,26
Maryland,2017,4,47,23,280,70
Massachusetts,2017,4,235,14,1392,249
Michigan,2017,4,162,52,1371,214
Minnesota,2017,4,115,8,706,123
Mississippi,2017,4,16,1,134,17
Missouri,2017,4,126,17,1123,143
Montana,2017,4,41,2,234,43
Nebraska,2017,4,53,0,213,53
Nevada,2017,4,5,0,28,5
New Hampshire,2017,4,4,0,38,4
New Mexico,2017,4,77,6,618,83
New York,2017,4,1052,74,4271,1126
North Carolina,2017,4,59,9,521,68
North Dakota,2017,4,13,2,103,15
Ohio,2017,4,378,85,2647,463
Oklahoma,2017,4,56,8,340,64
Oregon,2017,4,315,15,1213,330
Pennsylvania,2017,4,199,25,1008,224
South Carolina,2017,4,50,31,539,81
South Dakota,2017,4,48,0,258,48
Tennessee,2017,4,15,2,231,17
Texas,2017,4,402,74,2699,476
Utah,2017,4,150,2,1073,152
Vermont,2017,4,27,2,254,29
Virginia,2017,4,46,8,411,54
Washington,2017,4,343,17,1773,360
West Virginia,2017,4,38,20,563,58
Wisconsin,2017,4,253,44,1503,297
Alabama,2017,5,118,27,1033,145
Arizona,2017,5,11,0,294,11
Arkansas,2017,5,19,5,129,24
California,2017,5,248,12,1820,260
Colorado,2017,5,151,11,991,162
Connecticut,2017,5,164,5,721,169
Delaware,2017,5,89,6,306,95
Florida,2017,5,499,109,2395,608
Georgia,2017,5,278,62,1572,340
Idaho,2017,5,20,0,120,20
Illinois,2017,5,120,50,689,170
Indiana,2017,5,54,8,294,62
Iowa,2017,5,134,29,476,163
Kansas,2017,5,22,1,165,23
Kentucky,2017,5,34,2,386,36
Louisiana,2017,5,349,87,1822,436
Maine,2017,5,44,1,137,45
Maryland,2017,5,63,8,285,71
Massachusetts,2017,5,288,16,1324,304
Michigan,2017,5,205,63,1622,268
Minnesota,2017,5,133,13,775,146
Mississippi,2017,5,26,4,156,30
Missouri,2017,5,149,28,1141,177
Montana,2017,5,34,1,223,35
Nebraska,2017,5,65,5,251,70
Nevada,2017,5,15,0,32,15
New Hampshire,2017,5,1,0,34,1
New Mexico,2017,5,124,3,639,127
New York,2017,5,1129,64,4288,1193
North Carolina,2017,5,164,18,752,182
North Dakota,2017,5,13,1,103,14
Ohio,2017,5,438,112,2750,550
Oklahoma,2017,5,72,24,454,96
Oregon,2017,5,269,16,1058,285
Pennsylvania,2017,5,280,33,1160,313
South Carolina,2017,5,54,26,540,80
South Dakota,2017,5,66,7,328,73
Tennessee,2017,5,33,11,301,44
Texas,2017,5,664,107,3425,771
Utah,2017,5,166,6,1056,172
Vermont,2017,5,20,4,202,24
Virginia,2017,5,70,4,268,74
Washington,2017,5,245,24,1606,269
West Virginia,2017,5,33,11,644,44
Wisconsin,2017,5,357,51,1558,408
Alabama,2017,6,143,47,1219,190
Arizona,2017,6,18,8,378,26
Arkansas,2017,6,50,1,192,51
California,2017,6,276,11,1844,287
Colorado,2017,6,166,22,1062,188
Connecticut,2017,6,189,9,711,198
Delaware,2017,6,102,8,327,110
Florida,2017,6,590,124,2918,714
Georgia,2017,6,263,95,1718,358
Idaho,2017,6,19,0,112,19
Illinois,2017,6,193,85,1058,278
Indiana,2017,6,84,15,400,99
Iowa,2017,6,165,30,590,195
Kansas,2017,6,31,6,203,37
Kentucky,2017,6,76,4,441,80
Louisiana,2017,6,424,136,2217,560
Maine,2017,6,64,0,180,64
Maryland,2017,6,105,19,375,124
Massachusetts,2017,6,413,31,1581,444
Michigan,2017,6,368,132,2106,500
Minnesota,2017,6,141,25,876,166
Mississippi,2017,6,40,4,228,44
Missouri,2017,6,210,62,1439,272
Montana,2017,6,32,9,212,41
Nebraska,2017,6,77,7,286,84
Nevada,2017,6,6,0,34,6
New Hampshire,2017,6,5,0,29,5
New Mexico,2017,6,203,14,946,217
New York,2017,6,1171,95,4243,1266
North Carolina,2017,6,208,18,890,226
North Dakota,2017,6,22,2,141,24
Ohio,2017,6,636,342,3486,978
Oklahoma,2017,6,110,27,576,137
Oregon,2017,6,169,9,912,178
Pennsylvania,2017,6,354,53,1323,407
South Carolina,2017,6,85,39,661,124
South Dakota,2017,6,94,6,364,100
Tennessee,2017,6,46,10,338,56
Texas,2017,6,892,185,4145,1077
Utah,2017,6,155,2,1176,157
Vermont,2017,6,38,6,224,44
Virginia,2017,6,125,7,406,132
Washington,2017,6,130,18,1293,148
West Virginia,2017,6,47,38,710,85
Wisconsin,2017,6,642,96,2184,738
Alabama,2017,7,167,77,1279,244
Arizona,2017,7,17,1,349,18
Arkansas,2017,7,41,6,220,47
California,2017,7,192,12,1797,204
Colorado,2017,7,164,28,973,192
Connecticut,2017,7,143,11,704,154
Delaware,2017,7,93,9,334,102
Florida,2017,7,546,146,2853,692
Georgia,2017,7,246,162,1856,408
Idaho,2017,7,17,0,91,17
Illinois,2017,7,232,135,1188,367
Indiana,2017,7,109,29,456,138
Iowa,2017,7,149,37,572,186
Kansas,2017,7,32,2,305,34
Kentucky,2017,7,74,4,496,78
Louisiana,2017,7,406,141,2136,547
Maine,2017,7,74,7,241,81
Maryland,2017,7,116,38,441,154
Massachusetts,2017,7,359,37,1483,396
Michigan,2017,7,520,196,2411,716
Minnesota,2017,7,169,64,991,233
Mississippi,2017,7,40,5,240,45
Missouri,2017,7,223,88,1456,311
Montana,2017,7,35,3,244,38
Nebraska,2017,7,70,24,322,94
Nevada,2017,7,4,2,42,6
New Hampshire,2017,7,4,2,42,6
New Mexico,2017,7,255,4,1061,259
New York,2017,7,871,122,4146,993
North Carolina,2017,7,212,42,992,254
North Dakota,2017,7,38,8,170,46
Ohio,2017,7,864,367,4101,1231
Oklahoma,2017,7,117,32,546,149
Oregon,2017,7,105,20,853,125
Pennsylvania,2017,7,354,42,1224,396
South Carolina,2017,7,115,62,707,177
South Dakota,2017,7,108,18,437,126
Tennessee,2017,7,52,11,397,63
Texas,2017,7,802,200,3884,1002
Utah,2017,7,101,6,1060,107
Vermont,2017,7,23,9,192,32
Virginia,2017,7,158,22,475,180
Washington,2017,7,76,32,1043,108
West Virginia,2017,7,58,42,822,100
Wisconsin,2017,7,742,206,2557,948
Alabama,2017,8,151,93,1226,244
Arizona,2017,8,20,4,375,24
Arkansas,2017,8,47,6,224,53
California,2017,8,140,12,1532,152
Colorado,2017,8,117,41,989,158
Connecticut,2017,8,127,17,635,144
Delaware,2017,8,117,19,389,136
Florida,2017,8,460,160,2594,620
Georgia,2017,8,230,157,1717,387
Idaho,2017,8,16,0,77,16
Illinois,2017,8,209,129,862,338
Indiana,2017,8,128,39,526,167
Iowa,2017,8,89,38,454,127
Kansas,2017,8,34,6,173,40
Kentucky,2017,8,85,15,530,100
Louisiana,2017,8,382,121,1893,503
Maine,2017,8,67,8,240,75
Maryland,2017,8,180,60,548,240
Massachusetts,2017,8,351,38,1339,389
Michigan,2017,8,529,299,2730,828
Minnesota,2017,8,178,66,982,244
Mississippi,2017,8,40,2,233,42
Missouri,2017,8,157,81,1305,238
Montana,2017,8,14,9,206,23
Nebraska,2017,8,69,43,329,112
New Hampshire,2017,8,12,2,60,14
New Mexico,2017,8,229,8,1077,237
New York,2017,8,760,123,3815,883
North Carolina,2017,8,170,27,868,197
North Dakota,2017,8,28,11,183,39
Ohio,2017,8,888,477,4425,1365
Oklahoma,2017,8,56,28,478,84
Oregon,2017,8,66,28,658,94
Pennsylvania,2017,8,264,60,1176,324
South Carolina,2017,8,119,55,723,174
South Dakota,2017,8,64,19,384,83
Tennessee,2017,8,58,21,418,79
Texas,2017,8,646,193,3480,839
Utah,2017,8,76,8,971,84
Vermont,2017,8,40,13,222,53
Virginia,2017,8,221,40,595,261
Washington,2017,8,57,21,915,78
West Virginia,2017,8,76,55,864,131
Wisconsin,2017,8,757,252,2785,1009
Alabama,2017,9,104,72,973,176
Arizona,2017,9,16,5,339,21
Arkansas,2017,9,24,4,152,28
California,2017,9,92,10,1428,102
Colorado,2017,9,102,51,866,153
Connecticut,2017,9,85,20,617,105
Delaware,2017,9,70,17,326,87
Florida,2017,9,366,110,2349,476
Georgia,2017,9,147,135,1481,282
Idaho,2017,9,8,0,56,8
Illinois,2017,9,105,103,932,208
Indiana,2017,9,92,26,394,118
Iowa,2017,9,68,24,394,92
Kansas,2017,9,25,2,176,27
Kentucky,2017,9,60,8,482,68
Louisiana,2017,9,415,124,1893,539
Maine,2017,9,52,7,240,59
Maryland,2017,9,87,34,427,121
Massachusetts,2017,9,185,56,1093,241
Michigan,2017,9,382,227,2405,609
Minnesota,2017,9,73,26,634,99
Mississippi,2017,9,26,2,209,28
Missouri,2017,9,69,64,1056,133
Montana,2017,9,8,14,165,22
Nebraska,2017,9,29,27,212,56
Nevada,2017,9,2,1,17,3
New Hampshire,2017,9,7,1,41,8
New Mexico,2017,9,186,7,960,193
New York,2017,9,386,95,3146,481
North Carolina,2017,9,113,39,747,152
North Dakota,2017,9,6,3,103,9
Ohio,2017,9,459,342,3476,801
Oklahoma,2017,9,22,32,434,54
Oregon,2017,9,58,21,596,79
Pennsylvania,2017,9,138,42,945,180
South Carolina,2017,9,53,29,566,82
South Dakota,2017,9,40,22,309,62
Tennessee,2017,9,33,24,337,57
Texas,2017,9,502,191,3197,693
Utah,2017,9,55,6,804,61
Vermont,2017,9,43,11,215,54
Virginia,2017,9,114,20,450,134
Washington,2017,9,36,23,740,59
West Virginia,2017,9,64,42,803,106
Wisconsin,2017,9,438,222,2235,660
Alabama,2017,10,91,63,983,154
Arizona,2017,10,25,4,345,29
Arkansas,2017,10,25,5,155,30
California,2017,10,80,13,1494,93
Colorado,2017,10,74,70,847,144
Connecticut,2017,10,62,25,586,87
Delaware,2017,10,46,12,323,58
Florida,2017,10,289,111,2186,400
Georgia,2017,10,154,147,1489,301
Idaho,2017,10,7,0,67,7
Illinois,2017,10,80,99,810,179
Indiana,2017,10,86,52,502,138
Iowa,2017,10,45,32,334,77
Kansas,2017,10,14,17,181,31
Kentucky,2017,10,46,19,497,65
Louisiana,2017,10,454,93,1865,547
Maine,2017,10,66,23,219,89
Maryland,2017,10,64,43,378,107
Massachusetts,2017,10,142,50,1012,192
Michigan,2017,10,274,195,2171,469
Minnesota,2017,10,95,101,847,196
Mississippi,2017,10,22,7,186,29
Missouri,2017,10,50,72,962,122
Montana,2017,10,5,17,194,22
Nebraska,2017,10,23,20,202,43
Nevada,2017,10,4,2,27,6
New Hampshire,2017,10,5,1,47,6
New Mexico,2017,10,166,14,824,180
New York,2017,10,182,101,2734,283
North Carolina,2017,10,95,60,697,155
North Dakota,2017,10,8,13,139,21
Ohio,2017,10,402,389,3300,791
Oklahoma,2017,10,21,36,362,57
Oregon,2017,10,40,31,579,71
Pennsylvania,2017,10,95,54,846,149
South Carolina,2017,10,61,35,532,96
South Dakota,2017,10,25,28,276,53
Tennessee,2017,10,46,32,459,78
Texas,2017,10,454,226,3099,680
Utah,2017,10,56,10,835,66
Vermont,2017,10,27,8,165,35
Virginia,2017,10,99,43,428,142
Washington,2017,10,21,24,699,45
West Virginia,2017,10,79,54,701,133
Wisconsin,2017,10,321,269,2024,590
Alabama,2017,11,84,60,964,144
Arizona,2017,11,18,6,292,24
Arkansas,2017,11,22,6,147,28
California,2017,11,87,18,1408,105
Colorado,2017,11,49,92,846,141
Connecticut,2017,11,37,39,558,76
Delaware,2017,11,35,28,268,63
Florida,2017,11,229,138,2163,367
Georgia,2017,11,161,197,1594,358
Idaho,2017,11,12,1,77,13
Illinois,2017,11,59,97,812,156
Indiana,2017,11,68,65,424,133
Iowa,2017,11,26,21,293,47
Kansas,2017,11,19,21,160,40
Kentucky,2017,11,45,22,407,67
Louisiana,2017,11,470,141,1938,611
Maine,2017,11,49,28,231,77
Maryland,2017,11,46,50,344,96
Massachusetts,2017,11,104,43,944,147
Michigan,2017,11,215,233,2060,448
Minnesota,2017,11,64,122,841,186
Mississippi,2017,11,15,5,175,20
Missouri,2017,11,49,81,1014,130
Montana,2017,11,4,13,171,17
Nebraska,2017,11,17,31,192,48
Nevada,2017,11,6,1,32,7
New Hampshire,2017,11,10,3,37,13
New Mexico,2017,11,127,29,766,156
New York,2017,11,164,132,2408,296
North Carolina,2017,11,69,87,670,156
North Dakota,2017,11,3,20,120,23
Ohio,2017,11,364,422,3219,786
Oklahoma,2017,11,21,40,369,61
Oregon,2017,11,19,32,528,51
Pennsylvania,2017,11,59,66,695,125
South Carolina,2017,11,61,35,562,96
South Dakota,2017,11,10,31,268,41
Tennessee,2017,11,29,26,396,55
Texas,2017,11,304,184,2635,488
Utah,2017,11,41,10,771,51
Vermont,2017,11,21,7,140,28
Virginia,2017,11,92,40,429,132
Washington,2017,11,19,25,711,44
West Virginia,2017,11,83,65,836,148
Wisconsin,2017,11,253,286,1904,539
Alabama,2017,12,74,105,1056,179
Arizona,2017,12,9,8,277,17
Arkansas,2017,12,22,14,155,36
California,2017,12,62,18,1224,80
Colorado,2017,12,36,85,716,121
Connecticut,2017,12,32,33,523,65
Delaware,2017,12,41,29,298,70
Florida,2017,12,386,170,2233,556
Georgia,2017,12,167,210,1537,377
Idaho,2017,12,6,1,37,7
Illinois,2017,12,70,135,836,205
Indiana,2017,12,72,49,415,121
Iowa,2017,12,21,25,227,46
Kansas,2017,12,6,14,118,20
Kentucky,2017,12,57,43,478,100
Louisiana,2017,12,65,58,1001,123
Maine,2017,12,38,41,233,79
Maryland,2017,12,48,51,336,99
Massachusetts,2017,12,100,97,966,197
Michigan,2017,12,199,313,2074,512
Minnesota,2017,12,58,168,788,226
Mississippi,2017,12,5,2,128,7
Missouri,2017,12,37,92,945,129
Montana,2017,12,2,8,121,10
Nebraska,2017,12,11,25,177,36
Nevada,2017,12,4,0,23,4
New Hampshire,2017,12,3,0,35,3
New Mexico,2017,12,75,30,608,105
New York,2017,12,106,172,2388,278
North Carolina,2017,12,76,113,779,189
North Dakota,2017,12,9,16,100,25
Ohio,2017,12,407,529,3532,936
Oklahoma,2017,12,8,30,312,38
Oregon,2017,12,11,32,447,43
Pennsylvania,2017,12,43,80,699,123
South Carolina,2017,12,75,54,619,129
South Dakota,2017,12,10,39,285,49
Tennessee,2017,12,50,49,516,99
Texas,2017,12,201,159,2320,360
Utah,2017,12,37,10,738,47
Vermont,2017,12,18,14,174,32
Virginia,2017,12,106,72,539,178
Washington,2017,12,12,23,689,35
West Virginia,2017,12,69,62,769,131
Wisconsin,2017,12,220,336,1910,556
Alabama,2017,13,47,72,770,119
Arizona,2017,13,12,6,271,18
Arkansas,2017,13,2,11,127,13
California,2017,13,42,21,1118,63
Colorado,2017,13,20,96,702,116
Connecticut,2017,13,18,58,491,76
Delaware,2017,13,39,42,282,81
Florida,2017,13,196,167,2122,363
Georgia,2017,13,124,159,1372,283
Idaho,2017,13,3,0,51,3
Illinois,2017,13,50,106,733,156
Indiana,2017,13,45,31,362,76
Iowa,2017,13,14,26,207,40
Kansas,2017,13,3,10,95,13
Kentucky,2017,13,28,40,443,68
Louisiana,2017,13,96,85,1137,181
Maine,2017,13,30,38,170,68
Maryland,2017,13,34,41,285,75
Massachusetts,2017,13,125,156,1093,281
Michigan,2017,13,178,288,2065,466
Minnesota,2017,13,51,167,824,218
Mississippi,2017,13,5,2,99,7
Missouri,2017,13,22,89,865,111
Montana,2017,13,4,6,134,10
Nebraska,2017,13,8,24,154,32
Nevada,2017,13,2,1,12,3
New Hampshire,2017,13,4,7,42,11
New Mexico,2017,13,55,29,548,84
New York,2017,13,87,266,2524,353
North Carolina,2017,13,38,80,599,118
North Dakota,2017,13,5,7,111,12
Ohio,2017,13,312,518,3172,830
Oklahoma,2017,13,2,18,267,20
Oregon,2017,13,10,21,333,31
Pennsylvania,2017,13,33,90,653,123
South Carolina,2017,13,65,58,585,123
South Dakota,2017,13,3,36,226,39
Tennessee,2017,13,29,34,331,63
Texas,2017,13,112,113,1935,225
Utah,2017,13,19,12,654,31
Vermont,2017,13,15,22,160,37
Virginia,2017,13,64,56,405,120
Washington,2017,13,7,19,553,26
West Virginia,2017,13,71,76,742,147
Wisconsin,2017,13,160,331,1740,491
Alabama,2017,14,27,57,632,84
Arizona,2017,14,10,11,237,21
Arkansas,2017,14,3,3,91,6
California,2017,14,44,35,1121,79
Colorado,2017,14,5,70,619,75
Connecticut,2017,14,21,60,497,81
Delaware,2017,14,17,34,226,51
Florida,2017,14,193,205,1999,398
Georgia,2017,14,57,81,919,138
Idaho,2017,14,2,2,29,4
Illinois,2017,14,34,62,603,96
Indiana,2017,14,6,25,265,31
Iowa,2017,14,5,32,210,37
Kansas,2017,14,1,2,72,3
Kentucky,2017,14,9,19,349,28
Louisiana,2017,14,61,45,961,106
Maine,2017,14,22,62,253,84
Maryland,2017,14,22,38,261,60
Massachusetts,2017,14,91,201,1155,292
Michigan,2017,14,94,207,1662,301
Minnesota,2017,14,43,98,718,141
Mississippi,2017,14,10,0,103,10
Missouri,2017,14,6,49,805,55
Montana,2017,14,1,16,123,17
Nebraska,2017,14,4,24,172,28
Nevada,2017,14,0,1,10,1
New Hampshire,2017,14,7,7,62,14
New Mexico,2017,14,29,31,208,60
New York,2017,14,51,307,2623,358
North Carolina,2017,14,15,33,393,48
North Dakota,2017,14,3,13,110,16
Ohio,2017,14,165,298,2594,463
Oklahoma,2017,14,1,12,232,13
Oregon,2017,14,10,27,312,37
Pennsylvania,2017,14,18,104,706,122
South Carolina,2017,14,26,34,407,60
South Dakota,2017,14,3,16,238,19
Tennessee,2017,14,14,19,246,33
Texas,2017,14,88,114,1851,202
Utah,2017,14,18,19,706,37
Vermont,2017,14,17,29,200,46
Virginia,2017,14,31,42,316,73
Washington,2017,14,4,30,590,34
West Virginia,2017,14,23,39,547,62
Wisconsin,2017,14,96,246,1449,342
Alabama,2017,15,16,46,480,62
Arizona,2017,15,5,23,269,28
Arkansas,2017,15,5,1,105,6
California,2017,15,19,28,870,47
Colorado,2017,15,10,55,745,65
Connecticut,2017,15,16,49,475,65
Delaware,2017,15,7,30,219,37
Florida,2017,15,121,176,1786,297
Georgia,2017,15,45,56,787,101
Idaho,2017,15,2,0,36,2
Illinois,2017,15,35,50,544,85
Indiana,2017,15,6,24,224,30
Iowa,2017,15,1,20,167,21
Kansas,2017,15,1,4,94,5
Kentucky,2017,15,13,16,314,29
Louisiana,2017,15,48,44,714,92
Maine,2017,15,19,64,220,83
Maryland,2017,15,15,28,200,43
Massachusetts,2017,15,70,176,1129,246
Michigan,2017,15,37,117,1292,154
Minnesota,2017,15,17,75,597,92
Mississippi,2017,15,7,0,90,7
Missouri,2017,15,5,30,687,35
Montana,2017,15,0,10,122,10
Nebraska,2017,15,3,25,141,28
Nevada,2017,15,0,2,16,2
New Hampshire,2017,15,6,5,57,11
New Mexico,2017,15,9,36,216,45
New York,2017,15,34,280,2427,314
North Carolina,2017,15,14,13,322,27
North Dakota,2017,15,0,5,88,5
Ohio,2017,15,101,196,2094,297
Oklahoma,2017,15,0,6,227,6
Oregon,2017,15,2,29,273,31
Pennsylvania,2017,15,9,65,627,74
South Carolina,2017,15,12,26,365,38
South Dakota,2017,15,1,23,189,24
Tennessee,2017,15,9,14,204,23
Texas,2017,15,52,81,1684,133
Utah,2017,15,10,23,664,33
Vermont,2017,15,7,18,181,25
Virginia,2017,15,10,20,211,30
Washington,2017,15,5,16,489,21
West Virginia,2017,15,22,14,505,36
Wisconsin,2017,15,56,166,1160,222
Alabama,2017,16,14,33,449,47
Arizona,2017,16,20,25,285,45
Arkansas,2017,16,0,1,83,1
California,2017,16,11,25,890,36
Colorado,2017,16,3,49,510,52
Connecticut,2017,16,10,48,478,58
Delaware,2017,16,3,16,161,19
Florida,2017,16,83,130,1598,213
Georgia,2017,16,33,39,622,72
Idaho,2017,16,3,4,37,7
Illinois,2017,16,10,29,426,39
Indiana,2017,16,3,12,172,15
Iowa,2017,16,2,12,140,14
Kansas,2017,16,0,1,80,1
Kentucky,2017,16,9,8,321,17
Louisiana,2017,16,39,26,698,65
Maine,2017,16,9,48,203,57
Maryland,2017,16,4,22,153,26
Massachusetts,2017,16,34,130,926,164
Michigan,2017,16,21,69,1080,90
Minnesota,2017,16,11,49,541,60
Mississippi,2017,16,3,2,76,5
Missouri,2017,16,2,26,636,28
Montana,2017,16,1,9,104,10
Nebraska,2017,16,1,10,119,11
Nevada,2017,16,0,1,12,1
New Hampshire,2017,16,0,2,42,2
New Mexico,2017,16,21,25,413,46
New York,2017,16,18,168,2196,186
North Carolina,2017,16,8,13,299,21
North Dakota,2017,16,0,5,75,5
Ohio,2017,16,55,141,1884,196
Oklahoma,2017,16,0,0,205,0
Oregon,2017,16,2,19,264,21
Pennsylvania,2017,16,8,35,458,43
South Carolina,2017,16,7,10,290,17
South Dakota,2017,16,3,4,180,7
Tennessee,2017,16,3,12,221,15
Texas,2017,16,39,66,1539,105
Utah,2017,16,9,14,526,23
Vermont,2017,16,9,20,161,29
Virginia,2017,16,4,13,210,17
Washington,2017,16,3,14,410,17
West Virginia,2017,16,11,16,411,27
Wisconsin,2017,16,26,125,1006,151
Alabama,2017,17,10,23,400,33
Arizona,2017,17,12,17,258,29
Arkansas,2017,17,1,1,67,2
California,2017,17,10,23,811,33
Colorado,2017,17,3,36,616,39
Connecticut,2017,17,4,36,418,40
Delaware,2017,17,3,10,134,13
Florida,2017,17,72,117,1477,189
Georgia,2017,17,17,13,595,30
Idaho,2017,17,1,0,15,1
Illinois,2017,17,1,17,337,18
Indiana,2017,17,0,4,164,4
Iowa,2017,17,0,9,78,9
Kansas,2017,17,0,2,69,2
Kentucky,2017,17,1,6,274,7
Louisiana,2017,17,13,20,603,33
Maine,2017,17,2,38,163,40
Maryland,2017,17,2,10,157,12
Massachusetts,2017,17,19,80,719,99
Michigan,2017,17,7,36,837,43
Minnesota,2017,17,5,24,481,29
Mississippi,2017,17,4,0,63,4
Missouri,2017,17,2,9,568,11
Montana,2017,17,0,8,107,8
Nebraska,2017,17,1,7,115,8
Nevada,2017,17,0,2,14,2
New Hampshire,2017,17,2,3,38,5
New Mexico,2017,17,3,17,295,20
New York,2017,17,14,91,1619,105
North Carolina,2017,17,5,3,248,8
North Dakota,2017,17,0,5,65,5
Ohio,2017,17,26,67,1413,93
Oklahoma,2017,17,0,1,154,1
Oregon,2017,17,2,14,231,16
Pennsylvania,2017,17,0,9,382,9
South Carolina,2017,17,4,2,259,6
South Dakota,2017,17,0,2,149,2
Tennessee,2017,17,2,7,141,9
Texas,2017,17,33,48,1464,81
Utah,2017,17,12,15,596,27
Vermont,2017,17,3,8,123,11
Virginia,2017,17,2,9,174,11
Washington,2017,17,4,14,406,18
West Virginia,2017,17,8,1,274,9
Wisconsin,2017,17,7,52,786,59
Alabama,2017,18,2,17,335,19
Arizona,2017,18,15,25,236,40
Arkansas,2017,18,0,0,75,0
California,2017,18,8,21,715,29
Colorado,2017,18,14,26,454,40
Connecticut,2017,18,1,19,322,20
Delaware,2017,18,0,3,91,3
Florida,2017,18,79,117,1393,196
Georgia,2017,18,9,19,555,28
Idaho,2017,18,0,2,15,2
Illinois,2017,18,3,12,269,15
Indiana,2017,18,2,2,138,4
Iowa,2017,18,0,6,128,6
Kansas,2017,18,0,0,70,0
Kentucky,2017,18,1,5,252,6
Louisiana,2017,18,12,13,446,25
Maine,2017,18,1,15,96,16
Maryland,2017,18,0,6,101,6
Massachusetts,2017,18,8,43,523,51
Michigan,2017,18,1,16,712,17
Minnesota,2017,18,2,17,371,19
Mississippi,2017,18,2,0,44,2
Missouri,2017,18,1,11,528,12
Montana,2017,18,0,11,82,11
Nebraska,2017,18,0,2,78,2
New Hampshire,2017,18,0,1,23,1
New Mexico,2017,18,1,20,295,21
New York,2017,18,7,46,1484,53
North Carolina,2017,18,1,3,206,4
North Dakota,2017,18,0,2,50,2
Ohio,2017,18,6,28,1165,34
Oklahoma,2017,18,2,0,134,2
Oregon,2017,18,2,18,233,20
Pennsylvania,2017,18,1,9,293,10
South Carolina,2017,18,3,5,205,8
South Dakota,2017,18,0,5,144,5
Tennessee,2017,18,1,2,112,3
Texas,2017,18,25,42,1261,67
Utah,2017,18,18,21,656,39
Vermont,2017,18,2,2,57,4
Virginia,2017,18,0,8,130,8
Washington,2017,18,4,18,383,22
West Virginia,2017,18,2,0,311,2
Wisconsin,2017,18,5,49,683,54
Alabama,2017,19,8,23,366,31
Arizona,2017,19,8,27,242,35
Arkansas,2017,19,0,2,65,2
California,2017,19,7,29,689,36
Colorado,2017,19,1,23,391,24
Connecticut,2017,19,2,4,371,6
Delaware,2017,19,0,4,65,4
Florida,2017,19,82,144,1599,226
Georgia,2017,19,8,12,487,20
Idaho,2017,19,0,0,15,0
Illinois,2017,19,5,8,250,13
Indiana,2017,19,1,4,123,5
Iowa,2017,19,0,5,81,5
Kansas,2017,19,0,0,52,0
Kentucky,2017,19,1,1,230,2
Louisiana,2017,19,15,19,530,34
Maine,2017,19,1,7,67,8
Maryland,2017,19,1,2,80,3
Massachusetts,2017,19,6,23,476,29
Michigan,2017,19,6,13,587,19
Minnesota,2017,19,3,19,310,22
Mississippi,2017,19,2,0,58,2
Missouri,2017,19,3,3,509,6
Montana,2017,19,0,2,92,2
Nebraska,2017,19,0,2,89,2
Nevada,2017,19,1,0,13,1
New Hampshire,2017,19,2,3,24,5
New Mexico,2017,19,1,11,214,12
New York,2017,19,2,35,1370,37
North Carolina,2017,19,0,1,67,1
North Dakota,2017,19,0,1,35,1
Ohio,2017,19,8,21,1114,29
Oklahoma,2017,19,0,1,144,1
Oregon,2017,19,1,9,217,10
Pennsylvania,2017,19,0,7,234,7
South Carolina,2017,19,1,2,193,3
South Dakota,2017,19,0,3,122,3
Tennessee,2017,19,0,2,115,2
Texas,2017,19,11,40,1174,51
Utah,2017,19,22,18,594,40
Vermont,2017,19,4,1,78,5
Virginia,2017,19,1,3,125,4
Washington,2017,19,1,15,351,16
West Virginia,2017,19,4,1,312,5
Wisconsin,2017,19,6,22,609,28
Alabama,2017,20,9,17,283,26
Arizona,2017,20,16,25,220,41
Arkansas,2017,20,0,2,52,2
California,2017,20,4,29,701,33
Colorado,2017,20,3,7,322,10
Connecticut,2017,20,1,5,312,6
Delaware,2017,20,1,1,45,2
Florida,2017,20,88,106,1437,194
Georgia,2017,20,1,8,411,9
Idaho,2017,20,0,0,15,0
Illinois,2017,20,2,4,219,6
Indiana,2017,20,0,4,135,4
Iowa,2017,20,0,3,83,3
Kansas,2017,20,0,2,67,2
Kentucky,2017,20,0,2,211,2
Louisiana,2017,20,15,13,509,28
Maine,2017,20,0,6,48,6
Maryland,2017,20,2,0,68,2
Massachusetts,2017,20,6,19,431,25
Michigan,2017,20,3,3,517,6
Minnesota,2017,20,2,6,234,8
Mississippi,2017,20,0,2,53,2
Missouri,2017,20,1,4,491,5
Montana,2017,20,1,4,80,5
Nebraska,2017,20,0,3,84,3
New Hampshire,2017,20,0,1,22,1
New Mexico,2017,20,0,18,260,18
New York,2017,20,8,32,1389,40
North Carolina,2017,20,0,0,51,0
North Dakota,2017,20,0,0,30,0
Ohio,2017,20,3,20,983,23
Oklahoma,2017,20,1,1,149,2
Oregon,2017,20,0,15,195,15
Pennsylvania,2017,20,1,1,206,2
South Carolina,2017,20,1,4,176,5
South Dakota,2017,20,0,1,146,1
Tennessee,2017,20,3,3,114,6
Texas,2017,20,18,35,1223,53
Utah,2017,20,13,24,594,37
Vermont,2017,20,0,3,61,3
Virginia,2017,20,0,2,100,2
Washington,2017,20,1,6,366,7
West Virginia,2017,20,2,2,318,4
Wisconsin,2017,20,3,28,529,31
Alabama,2017,21,10,13,320,23
Arizona,2017,21,4,40,228,44
Arkansas,2017,21,0,2,46,2
California,2017,21,7,31,685,38
Colorado,2017,21,1,9,306,10
Connecticut,2017,21,0,1,300,1
Delaware,2017,21,0,0,28,0
Florida,2017,21,89,121,1500,210
Georgia,2017,21,2,5,392,7
Illinois,2017,21,0,2,200,2
Indiana,2017,21,0,0,101,0
Iowa,2017,21,0,2,67,2
Kansas,2017,21,0,1,44,1
Kentucky,2017,21,1,1,205,2
Louisiana,2017,21,9,5,433,14
Maine,2017,21,0,1,50,1
Maryland,2017,21,0,0,57,0
Massachusetts,2017,21,1,6,238,7
Michigan,2017,21,1,15,451,16
Minnesota,2017,21,3,6,206,9
Mississippi,2017,21,2,0,72,2
Missouri,2017,21,4,2,386,6
Montana,2017,21,0,0,65,0
Nebraska,2017,21,0,1,91,1
New Hampshire,2017,21,0,0,20,0
New Mexico,2017,21,0,8,195,8
New York,2017,21,4,16,1216,20
North Carolina,2017,21,1,0,50,1
North Dakota,2017,21,0,0,15,0
Ohio,2017,21,6,13,826,19
Oklahoma,2017,21,1,0,127,1
Oregon,2017,21,0,2,128,2
Pennsylvania,2017,21,0,2,171,2
South Carolina,2017,21,0,0,157,0
South Dakota,2017,21,0,0,121,0
Tennessee,2017,21,7,2,82,9
Texas,2017,21,12,32,1210,44
Utah,2017,21,7,14,484,21
Vermont,2017,21,0,0,36,0
Virginia,2017,21,0,1,98,1
Washington,2017,21,0,11,403,11
West Virginia,2017,21,0,0,249,0
Wisconsin,2017,21,1,5,464,6
Alabama,2017,22,6,11,241,17
Arizona,2017,22,2,26,193,28
Arkansas,2017,22,0,1,46,1
California,2017,22,4,22,652,26
Colorado,2017,22,0,3,260,3
Connecticut,2017,22,1,3,281,4
Delaware,2017,22,0,0,19,0
Florida,2017,22,100,120,1493,220
Georgia,2017,22,4,2,357,6
Illinois,2017,22,2,2,214,4
Indiana,2017,22,1,0,82,1
Iowa,2017,22,0,1,44,1
Kansas,2017,22,1,0,50,1
Kentucky,2017,22,0,1,193,1
Louisiana,2017,22,7,14,355,21
Maryland,2017,22,1,2,36,3
Massachusetts,2017,22,1,1,227,2
Michigan,2017,22,0,1,371,1
Minnesota,2017,22,0,3,185,3
Mississippi,2017,22,0,0,13,0
Missouri,2017,22,0,0,363,0
Montana,2017,22,0,0,83,0
Nebraska,2017,22,0,0,48,0
New Hampshire,2017,22,0,0,16,0
New Mexico,2017,22,6,21,177,27
New York,2017,22,8,4,1115,12
North Carolina,2017,22,0,1,125,1
North Dakota,2017,22,0,0,15,0
Ohio,2017,22,4,5,757,9
Oklahoma,2017,22,0,1,127,1
Oregon,2017,22,1,4,121,5
Pennsylvania,2017,22,0,0,151,0
South Carolina,2017,22,0,4,133,4
South Dakota,2017,22,0,0,116,0
Tennessee,2017,22,2,3,80,5
Texas,2017,22,12,20,1036,32
Utah,2017,22,7,18,517,25
Vermont,2017,22,0,1,49,1
Virginia,2017,22,0,0,96,0
Washington,2017,22,1,5,337,6
West Virginia,2017,22,0,1,279,1
Wisconsin,2017,22,0,5,352,5
Alabama,2017,23,2,1,219,3
Arizona,2017,23,3,17,172,20
Arkansas,2017,23,0,1,33,1
California,2017,23,5,20,626,25
Colorado,2017,23,0,5,245,5
Connecticut,2017,23,0,3,220,3
Delaware,2017,23,0,0,12,0
Florida,2017,23,85,89,1251,174
Georgia,2017,23,3,3,264,6
Illinois,2017,23,0,1,177,1
Indiana,2017,23,0,1,104,1
Iowa,2017,23,0,0,59,0
Kansas,2017,23,0,0,49,0
Kentucky,2017,23,0,1,225,1
Louisiana,2017,23,4,6,289,10
Maryland,2017,23,0,0,47,0
Massachusetts,2017,23,0,0,167,0
Michigan,2017,23,1,7,292,8
Minnesota,2017,23,0,1,124,1
Mississippi,2017,23,1,0,47,1
Missouri,2017,23,1,1,350,2
Montana,2017,23,1,0,91,1
Nebraska,2017,23,0,2,63,2
New Hampshire,2017,23,0,0,10,0
New Mexico,2017,23,3,14,170,17
New York,2017,23,0,5,1112,5
North Carolina,2017,23,1,1,104,2
North Dakota,2017,23,0,0,12,0
Ohio,2017,23,2,1,686,3
Oklahoma,2017,23,0,1,105,1
Oregon,2017,23,0,8,106,8
Pennsylvania,2017,23,0,0,129,0
South Carolina,2017,23,1,1,108,2
South Dakota,2017,23,0,0,117,0
Tennessee,2017,23,1,0,56,1
Texas,2017,23,5,15,1100,20
Utah,2017,23,4,10,364,14
Vermont,2017,23,0,0,35,0
Virginia,2017,23,1,1,155,2
Washington,2017,23,0,3,302,3
West Virginia,2017,23,10,0,305,10
Wisconsin,2017,23,0,0,326,0
Alabama,2017,24,3,1,156,4
Arizona,2017,24,5,12,160,17
Arkansas,2017,24,0,0,22,0
California,2017,24,1,9,537,10
Colorado,2017,24,2,1,174,3
Connecticut,2017,24,0,0,245,0
Delaware,2017,24,0,1,12,1
Florida,2017,24,84,90,1229,174
Georgia,2017,24,2,1,264,3
Illinois,2017,24,1,3,139,4
Indiana,2017,24,1,0,96,1
Iowa,2017,24,0,0,56,0
Kansas,2017,24,0,0,30,0
Kentucky,2017,24,0,0,162,0
Louisiana,2017,24,4,1,236,5
Maryland,2017,24,0,0,25,0
Massachusetts,2017,24,0,0,152,0
Michigan,2017,24,2,0,274,2
Minnesota,2017,24,2,0,130,2
Missouri,2017,24,0,0,367,0
Montana,2017,24,0,1,70,1
Nebraska,2017,24,0,1,57,1
New Mexico,2017,24,1,7,139,8
New York,2017,24,8,4,1050,12
North Carolina,2017,24,0,0,72,0
North Dakota,2017,24,0,0,15,0
Ohio,2017,24,1,2,607,3
Oklahoma,2017,24,0,0,84,0
Pennsylvania,2017,24,0,2,203,2
South Carolina,2017,24,1,0,123,1
South Dakota,2017,24,0,0,101,0
Tennessee,2017,24,2,1,56,3
Texas,2017,24,3,7,903,10
Utah,2017,24,2,10,380,12
Vermont,2017,24,0,0,24,0
Virginia,2017,24,0,0,68,0
Washington,2017,24,0,5,286,5
West Virginia,2017,24,1,2,311,3
Wisconsin,2017,24,1,0,287,1
Alabama,2017,25,2,4,146,6
Arizona,2017,25,1,3,107,4
Arkansas,2017,25,0,0,26,0
California,2017,25,4,9,511,13
Colorado,2017,25,1,0,178,1
Connecticut,2017,25,2,0,218,2
Florida,2017,25,66,58,1076,124
Georgia,2017,25,1,1,234,2
Illinois,2017,25,0,0,126,0
Indiana,2017,25,0,0,91,0
Iowa,2017,25,0,0,53,0
Kansas,2017,25,1,0,34,1
Kentucky,2017,25,0,0,146,0
Louisiana,2017,25,3,3,266,6
Maryland,2017,25,0,0,31,0
Massachusetts,2017,25,3,0,115,3
Michigan,2017,25,1,0,242,1
Minnesota,2017,25,0,2,125,2
Mississippi,2017,25,0,0,13,0
Missouri,2017,25,0,1,304,1
Montana,2017,25,0,0,49,0
Nebraska,2017,25,0,1,67,1
New Mexico,2017,25,0,1,109,1
New York,2017,25,5,5,1005,10
North Carolina,2017,25,0,0,59,0
Ohio,2017,25,2,6,560,8
Oklahoma,2017,25,0,1,88,1
Pennsylvania,2017,25,0,0,68,0
South Carolina,2017,25,1,0,124,1
South Dakota,2017,25,0,0,68,0
Tennessee,2017,25,0,1,36,1
Texas,2017,25,5,3,785,8
Utah,2017,25,0,7,317,7
Vermont,2017,25,0,0,12,0
Virginia,2017,25,0,0,57,0
Washington,2017,25,1,5,279,6
West Virginia,2017,25,3,0,261,3
Wisconsin,2017,25,4,0,262,4
Alabama,2017,26,2,2,144,4
Arizona,2017,26,0,5,107,5
Arkansas,2017,26,0,0,33,0
California,2017,26,8,11,470,19
Colorado,2017,26,0,0,151,0
Connecticut,2017,26,0,1,191,1
Florida,2017,26,50,48,908,98
Georgia,2017,26,2,3,123,5
Illinois,2017,26,0,0,134,0
Indiana,2017,26,1,1,83,2
Iowa,2017,26,1,0,31,1
Kansas,2017,26,0,0,28,0
Kentucky,2017,26,2,0,133,2
Louisiana,2017,26,1,1,185,2
Maryland,2017,26,1,0,27,1
Massachusetts,2017,26,1,0,93,1
Michigan,2017,26,3,0,261,3
Minnesota,2017,26,3,0,122,3
Missouri,2017,26,0,0,267,0
Montana,2017,26,0,0,14,0
Nebraska,2017,26,0,0,39,0
Nevada,2017,26,0,1,14,1
New Mexico,2017,26,0,3,119,3
New York,2017,26,4,1,912,5
North Carolina,2017,26,0,1,69,1
Ohio,2017,26,1,2,504,3
Oklahoma,2017,26,1,0,101,1
Pennsylvania,2017,26,0,0,62,0
South Carolina,2017,26,2,2,111,4
South Dakota,2017,26,0,0,97,0
Tennessee,2017,26,0,0,44,0
Texas,2017,26,0,4,632,4
Utah,2017,26,3,4,325,7
Vermont,2017,26,0,0,13,0
Virginia,2017,26,0,1,56,1
Washington,2017,26,5,4,259,9
West Virginia,2017,26,1,0,208,1
Wisconsin,2017,26,1,1,257,2
Alabama,2017,27,1,3,198,4
Arizona,2017,27,0,1,93,1
Arkansas,2017,27,0,0,25,0
California,2017,27,5,7,416,12
Colorado,2017,27,0,1,144,1
Connecticut,2017,27,0,0,167,0
Florida,2017,27,48,44,926,92
Georgia,2017,27,2,0,190,2
Illinois,2017,27,0,1,100,1
Indiana,2017,27,0,0,66,0
Kansas,2017,27,1,0,38,1
Kentucky,2017,27,0,0,125,0
Louisiana,2017,27,1,2,230,3
Maryland,2017,27,0,0,29,0
Massachusetts,2017,27,1,0,97,1
Michigan,2017,27,1,0,179,1
Minnesota,2017,27,1,0,103,1
Missouri,2017,27,0,0,295,0
Montana,2017,27,1,1,63,2
Nebraska,2017,27,0,0,39,0
New York,2017,27,2,1,745,3
North Carolina,2017,27,0,0,46,0
Ohio,2017,27,0,1,400,1
Oklahoma,2017,27,0,0,81,0
Pennsylvania,2017,27,0,0,44,0
South Carolina,2017,27,0,0,76,0
South Dakota,2017,27,0,1,92,1
Tennessee,2017,27,0,0,35,0
Texas,2017,27,3,4,605,7
Utah,2017,27,3,5,356,8
Vermont,2017,27,0,0,19,0
Virginia,2017,27,0,1,116,1
Washington,2017,27,1,3,252,4
West Virginia,2017,27,0,0,224,0
Wisconsin,2017,27,0,0,261,0
Alabama,2017,28,0,4,167,4
Arizona,2017,28,0,1,89,1
Arkansas,2017,28,0,2,33,2
California,2017,28,5,3,504,8
Colorado,2017,28,0,0,138,0
Connecticut,2017,28,2,0,174,2
Florida,2017,28,59,40,918,99
Georgia,2017,28,0,2,187,2
Illinois,2017,28,1,3,118,4
Indiana,2017,28,2,1,91,3
Kansas,2017,28,0,0,26,0
Kentucky,2017,28,0,0,145,0
Louisiana,2017,28,3,3,230,6
Maryland,2017,28,0,0,26,0
Massachusetts,2017,28,2,0,69,2
Michigan,2017,28,2,0,203,2
Minnesota,2017,28,0,0,124,0
Missouri,2017,28,0,0,304,0
Montana,2017,28,0,0,68,0
Nebraska,2017,28,0,0,29,0
New Mexico,2017,28,0,0,64,0
New York,2017,28,3,2,816,5
North Carolina,2017,28,0,0,66,0
Ohio,2017,28,2,0,449,2
Oklahoma,2017,28,0,0,75,0
Pennsylvania,2017,28,0,0,101,0
South Carolina,2017,28,0,0,97,0
South Dakota,2017,28,0,0,93,0
Tennessee,2017,28,0,0,25,0
Texas,2017,28,4,2,638,6
Utah,2017,28,1,2,333,3
Virginia,2017,28,0,0,120,0
Washington,2017,28,3,0,200,3
West Virginia,2017,28,1,1,222,2
Wisconsin,2017,28,0,0,270,0
Alabama,2017,29,3,2,162,5
Arizona,2017,29,0,0,85,0
Arkansas,2017,29,0,0,32,0
California,2017,29,6,1,495,7
Colorado,2017,29,0,1,150,1
Connecticut,2017,29,1,0,150,1
Florida,2017,29,47,22,870,69
Georgia,2017,29,1,1,178,2
Illinois,2017,29,0,1,103,1
Indiana,2017,29,0,0,79,0
Iowa,2017,29,0,0,21,0
Kansas,2017,29,1,1,35,2
Kentucky,2017,29,0,0,159,0
Louisiana,2017,29,2,2,218,4
Maryland,2017,29,0,0,24,0
Massachusetts,2017,29,0,0,89,0
Michigan,2017,29,2,1,189,3
Minnesota,2017,29,0,0,126,0
Mississippi,2017,29,0,0,12,0
Missouri,2017,29,0,0,285,0
Montana,2017,29,0,0,50,0
Nebraska,2017,29,0,0,50,0
New Mexico,2017,29,0,0,68,0
New York,2017,29,3,0,758,3
North Carolina,2017,29,0,0,55,0
Ohio,2017,29,12,2,476,14
Oklahoma,2017,29,0,0,89,0
Pennsylvania,2017,29,1,0,94,1
South Carolina,2017,29,0,0,102,0
South Dakota,2017,29,0,0,101,0
Tennessee,2017,29,0,0,24,0
Texas,2017,29,5,5,616,10
Utah,2017,29,2,1,332,3
Virginia,2017,29,0,0,120,0
Washington,2017,29,0,2,230,2
West Virginia,2017,29,0,0,185,0
Wisconsin,2017,29,0,2,245,2
Alabama,2017,30,0,2,124,2
Arizona,2017,30,0,0,79,0
Arkansas,2017,30,0,0,32,0
California,2017,30,2,3,430,5
Colorado,2017,30,3,1,159,4
Connecticut,2017,30,3,0,183,3
Florida,2017,30,38,25,828,63
Georgia,2017,30,2,2,176,4
Illinois,2017,30,0,0,104,0
Indiana,2017,30,0,2,66,2
Iowa,2017,30,0,0,11,0
Kansas,2017,30,0,0,38,0
Kentucky,2017,30,1,0,124,1
Louisiana,2017,30,5,0,203,5
Maryland,2017,30,0,0,29,0
Massachusetts,2017,30,0,0,96,0
Michigan,2017,30,1,0,191,1
Minnesota,2017,30,1,0,110,1
Mississippi,2017,30,0,0,10,0
Missouri,2017,30,0,0,292,0
Montana,2017,30,0,0,47,0
Nebraska,2017,30,1,0,46,1
New Mexico,2017,30,0,0,95,0
New York,2017,30,2,3,750,5
North Carolina,2017,30,0,0,64,0
Ohio,2017,30,6,5,425,11
Oklahoma,2017,30,0,0,91,0
Pennsylvania,2017,30,0,0,99,0
South Carolina,2017,30,0,0,81,0
South Dakota,2017,30,0,0,78,0
Tennessee,2017,30,0,0,22,0
Texas,2017,30,2,1,499,3
Utah,2017,30,1,2,290,3
Virginia,2017,30,0,0,96,0
Washington,2017,30,2,0,214,2
West Virginia,2017,30,0,0,166,0
Wisconsin,2017,30,1,0,219,1
Alabama,2017,31,0,1,155,1
Arizona,2017,31,0,0,77,0
Arkansas,2017,31,0,0,28,0
California,2017,31,4,1,393,5
Colorado,2017,31,0,0,171,0
Connecticut,2017,31,1,1,164,2
Delaware,2017,31,0,0,10,0
Florida,2017,31,53,24,823,77
Georgia,2017,31,0,0,161,0
Illinois,2017,31,0,0,76,0
Indiana,2017,31,0,1,49,1
Kansas,2017,31,0,0,18,0
Kentucky,2017,31,1,0,109,1
Louisiana,2017,31,6,2,252,8
Maryland,2017,31,0,0,13,0
Massachusetts,2017,31,1,0,70,1
Michigan,2017,31,2,0,195,2
Minnesota,2017,31,2,0,130,2
Missouri,2017,31,1,0,288,1
Montana,2017,31,0,0,48,0
Nebraska,2017,31,1,0,38,1
New Mexico,2017,31,0,0,64,0
New York,2017,31,3,1,738,4
North Carolina,2017,31,0,0,48,0
Ohio,2017,31,8,0,491,8
Oklahoma,2017,31,0,0,86,0
Pennsylvania,2017,31,0,0,85,0
South Carolina,2017,31,0,1,107,1
South Dakota,2017,31,1,0,22,1
Tennessee,2017,31,0,0,30,0
Texas,2017,31,6,2,539,8
Utah,2017,31,3,1,296,4
Virginia,2017,31,0,0,102,0
Washington,2017,31,0,0,189,0
West Virginia,2017,31,0,0,224,0
Wisconsin,2017,31,2,0,236,2
Alabama,2017,32,2,2,163,4
Arizona,2017,32,0,0,85,0
Arkansas,2017,32,0,0,25,0
California,2017,32,5,2,417,7
Colorado,2017,32,0,0,160,0
Connecticut,2017,32,2,1,176,3
Florida,2017,32,43,40,873,83
Georgia,2017,32,1,0,229,1
Illinois,2017,32,0,0,95,0
Indiana,2017,32,0,0,51,0
Iowa,2017,32,0,0,17,0
Kansas,2017,32,0,0,27,0
Kentucky,2017,32,0,0,146,0
Louisiana,2017,32,4,0,287,4
Maryland,2017,32,0,0,16,0
Massachusetts,2017,32,1,0,81,1
Michigan,2017,32,2,1,178,3
Minnesota,2017,32,1,0,124,1
Missouri,2017,32,0,0,297,0
Montana,2017,32,0,0,52,0
Nebraska,2017,32,0,0,35,0
New Mexico,2017,32,1,0,84,1
New York,2017,32,1,1,769,2
North Carolina,2017,32,0,0,36,0
Ohio,2017,32,2,2,438,4
Oklahoma,2017,32,0,0,79,0
Pennsylvania,2017,32,0,0,77,0
South Carolina,2017,32,1,0,92,1
South Dakota,2017,32,0,0,20,0
Tennessee,2017,32,1,1,27,2
Texas,2017,32,2,1,552,3
Utah,2017,32,1,0,334,1
Vermont,2017,32,0,0,13,0
Virginia,2017,32,0,0,100,0
Washington,2017,32,1,1,157,2
West Virginia,2017,32,0,0,214,0
Wisconsin,2017,32,3,0,202,3
Alabama,2017,33,0,3,172,3
Arizona,2017,33,1,0,100,1
Arkansas,2017,33,0,0,33,0
California,2017,33,1,2,415,3
Colorado,2017,33,0,1,170,1
Connecticut,2017,33,0,1,196,1
Florida,2017,33,33,17,895,50
Georgia,2017,33,1,3,303,4
Illinois,2017,33,0,0,107,0
Indiana,2017,33,1,0,85,1
Iowa,2017,33,0,0,13,0
Kansas,2017,33,0,0,38,0
Kentucky,2017,33,0,0,176,0
Louisiana,2017,33,6,2,318,8
Maryland,2017,33,0,1,21,1
Massachusetts,2017,33,1,0,89,1
Michigan,2017,33,2,0,218,2
Minnesota,2017,33,0,0,72,0
Missouri,2017,33,0,0,284,0
Montana,2017,33,0,0,60,0
Nebraska,2017,33,0,0,59,0
New Mexico,2017,33,1,0,50,1
New York,2017,33,1,0,815,1
North Carolina,2017,33,2,0,46,2
Ohio,2017,33,2,2,530,4
Oklahoma,2017,33,0,0,96,0
Pennsylvania,2017,33,0,0,102,0
South Carolina,2017,33,0,0,100,0
South Dakota,2017,33,0,0,36,0
Tennessee,2017,33,0,0,21,0
Texas,2017,33,4,6,665,10
Utah,2017,33,2,0,349,2
Vermont,2017,33,0,0,10,0
Virginia,2017,33,0,0,101,0
Washington,2017,33,0,0,199,0
West Virginia,2017,33,0,0,253,0
Wisconsin,2017,33,0,0,231,0
Alabama,2017,34,1,3,293,4
Arizona,2017,34,0,0,134,0
Arkansas,2017,34,0,0,59,0
California,2017,34,3,3,471,6
Colorado,2017,34,0,0,156,0
Connecticut,2017,34,0,1,184,1
Florida,2017,34,38,14,888,52
Georgia,2017,34,5,5,343,10
Illinois,2017,34,1,0,130,1
Indiana,2017,34,0,0,89,0
Iowa,2017,34,0,0,12,0
Kansas,2017,34,0,0,36,0
Kentucky,2017,34,0,0,200,0
Louisiana,2017,34,3,4,380,7
Maryland,2017,34,1,0,17,1
Massachusetts,2017,34,1,0,90,1
Michigan,2017,34,2,0,220,2
Minnesota,2017,34,1,0,123,1
Missouri,2017,34,0,0,303,0
Montana,2017,34,1,0,48,1
Nebraska,2017,34,0,0,63,0
New Mexico,2017,34,0,0,88,0
New York,2017,34,4,1,790,5
North Carolina,2017,34,0,0,83,0
Ohio,2017,34,5,1,506,6
Oklahoma,2017,34,0,0,117,0
Pennsylvania,2017,34,0,0,110,0
South Carolina,2017,34,0,0,122,0
South Dakota,2017,34,0,0,23,0
Tennessee,2017,34,0,1,37,1
Texas,2017,34,5,2,619,7
Utah,2017,34,4,0,404,4
Vermont,2017,34,0,0,11,0
Virginia,2017,34,0,0,113,0
Washington,2017,34,1,0,223,1
West Virginia,2017,34,0,0,225,0
Wisconsin,2017,34,2,0,267,2
Alabama,2017,35,3,4,311,7
Arizona,2017,35,0,0,114,0
Arkansas,2017,35,0,0,54,0
California,2017,35,3,1,555,4
Colorado,2017,35,1,0,193,1
Connecticut,2017,35,1,0,180,1
Florida,2017,35,61,36,1180,97
Georgia,2017,35,2,3,373,5
Illinois,2017,35,1,0,119,1
Indiana,2017,35,0,1,103,1
Iowa,2017,35,0,0,14,0
Kansas,2017,35,1,0,45,1
Kentucky,2017,35,0,0,184,0
Louisiana,2017,35,5,7,464,12
Maryland,2017,35,0,0,22,0
Massachusetts,2017,35,0,0,103,0
Michigan,2017,35,6,1,283,7
Minnesota,2017,35,1,0,115,1
Mississippi,2017,35,1,0,23,1
Missouri,2017,35,3,0,386,3
Montana,2017,35,1,0,63,1
Nebraska,2017,35,0,0,69,0
New Mexico,2017,35,1,0,93,1
New York,2017,35,3,0,778,3
North Carolina,2017,35,1,0,105,1
Ohio,2017,35,3,1,659,4
Oklahoma,2017,35,0,0,132,0
Oregon,2017,35,6,1,210,7
Pennsylvania,2017,35,0,0,132,0
South Carolina,2017,35,0,0,142,0
South Dakota,2017,35,0,0,28,0
Tennessee,2017,35,1,0,49,1
Texas,2017,35,10,3,684,13
Utah,2017,35,0,0,400,0
Vermont,2017,35,0,0,17,0
Virginia,2017,35,1,0,112,1
Washington,2017,35,1,0,232,1
West Virginia,2017,35,1,1,277,2
Wisconsin,2017,35,0,0,265,0
Alabama,2017,36,3,7,293,10
Arizona,2017,36,1,0,130,1
Arkansas,2017,36,1,0,59,1
California,2017,36,7,1,525,8
Colorado,2017,36,2,0,209,2
Connecticut,2017,36,1,0,190,1
Delaware,2017,36,1,0,12,1
Florida,2017,36,49,36,1143,85
Georgia,2017,36,5,3,421,8
Illinois,2017,36,1,0,169,1
Indiana,2017,36,0,1,108,1
Iowa,2017,36,0,0,30,0
Kansas,2017,36,0,0,48,0
Kentucky,2017,36,1,0,243,1
Louisiana,2017,36,5,9,458,14
Maryland,2017,36,0,0,17,0
Massachusetts,2017,36,2,0,135,2
Michigan,2017,36,11,1,317,12
Minnesota,2017,36,1,0,167,1
Mississippi,2017,36,0,0,32,0
Missouri,2017,36,0,0,359,0
Montana,2017,36,0,0,58,0
Nebraska,2017,36,0,0,74,0
New Mexico,2017,36,2,0,132,2
New York,2017,36,3,1,886,4
North Carolina,2017,36,0,0,135,0
Ohio,2017,36,3,0,791,3
Oklahoma,2017,36,0,0,130,0
Oregon,2017,36,1,0,181,1
Pennsylvania,2017,36,1,0,121,1
South Carolina,2017,36,1,0,155,1
South Dakota,2017,36,0,0,29,0
Tennessee,2017,36,0,0,56,0
Texas,2017,36,13,2,915,15
Utah,2017,36,3,1,445,4
Vermont,2017,36,2,0,15,2
Virginia,2017,36,1,0,118,1
Washington,2017,36,3,3,242,6
West Virginia,2017,36,0,1,340,1
Wisconsin,2017,36,1,0,276,1
Alabama,2017,37,3,5,338,8
Arizona,2017,37,1,0,141,1
Arkansas,2017,37,0,0,46,0
California,2017,37,5,4,590,9
Colorado,2017,37,1,0,273,1
Connecticut,2017,37,3,0,242,3
Delaware,2017,37,1,0,32,1
Florida,2017,37,39,31,922,70
Georgia,2017,37,10,9,431,19
Illinois,2017,37,1,1,161,2
Indiana,2017,37,1,0,95,1
Iowa,2017,37,0,0,31,0
Kansas,2017,37,0,0,51,0
Kentucky,2017,37,1,0,241,1
Louisiana,2017,37,4,8,482,12
Maryland,2017,37,1,0,54,1
Massachusetts,2017,37,4,0,174,4
Michigan,2017,37,17,0,493,17
Minnesota,2017,37,5,0,179,5
Mississippi,2017,37,5,0,45,5
Missouri,2017,37,3,1,416,4
Montana,2017,37,1,0,69,1
Nebraska,2017,37,0,0,84,0
New Mexico,2017,37,0,0,153,0
New York,2017,37,9,1,1040,10
North Carolina,2017,37,0,0,145,0
Ohio,2017,37,4,1,942,5
Oklahoma,2017,37,0,0,146,0
Oregon,2017,37,0,0,105,0
Pennsylvania,2017,37,1,0,181,1
South Carolina,2017,37,0,1,191,1
South Dakota,2017,37,1,0,47,1
Tennessee,2017,37,0,0,59,0
Texas,2017,37,9,7,1184,16
Utah,2017,37,1,1,395,2
Vermont,2017,37,0,0,15,0
Virginia,2017,37,0,0,161,0
Washington,2017,37,4,0,258,4
West Virginia,2017,37,1,0,372,1
Wisconsin,2017,37,1,1,417,2
Alabama,2017,38,2,12,353,14
Arizona,2017,38,0,0,128,0
Arkansas,2017,38,2,0,42,2
California,2017,38,7,1,671,8
Colorado,2017,38,3,1,288,4
Connecticut,2017,38,1,1,293,2
Delaware,2017,38,1,0,44,1
Florida,2017,38,40,24,975,64
Georgia,2017,38,8,4,498,12
Idaho,2017,38,1,0,18,1
Illinois,2017,38,2,1,174,3
Indiana,2017,38,0,2,156,2
Iowa,2017,38,1,0,31,1
Kansas,2017,38,1,1,65,2
Kentucky,2017,38,0,0,268,0
Louisiana,2017,38,6,11,535,17
Maryland,2017,38,1,0,80,1
Massachusetts,2017,38,1,0,220,1
Michigan,2017,38,13,0,576,13
Minnesota,2017,38,1,0,256,1
Mississippi,2017,38,2,0,48,2
Missouri,2017,38,1,0,388,1
Montana,2017,38,4,0,72,4
Nebraska,2017,38,1,0,78,1
New Mexico,2017,38,2,0,158,2
New York,2017,38,5,3,1010,8
North Carolina,2017,38,0,0,183,0
Ohio,2017,38,7,3,977,10
Oklahoma,2017,38,0,0,114,0
Oregon,2017,38,5,0,153,5
Pennsylvania,2017,38,0,0,197,0
South Carolina,2017,38,1,0,193,1
South Dakota,2017,38,0,0,64,0
Tennessee,2017,38,0,1,70,1
Texas,2017,38,7,9,1306,16
Utah,2017,38,2,0,466,2
Vermont,2017,38,0,0,20,0
Virginia,2017,38,0,0,153,0
Washington,2017,38,1,0,337,1
West Virginia,2017,38,0,0,366,0
Wisconsin,2017,38,2,0,443,2
Alabama,2017,39,1,12,399,13
Arizona,2017,39,2,0,136,2
Arkansas,2017,39,2,0,47,2
California,2017,39,8,1,788,9
Colorado,2017,39,2,0,309,2
Connecticut,2017,39,2,0,270,2
Delaware,2017,39,1,0,53,1
Florida,2017,39,35,22,1012,57
Georgia,2017,39,5,1,552,6
Idaho,2017,39,1,0,18,1
Illinois,2017,39,2,1,198,3
Indiana,2017,39,0,0,117,0
Iowa,2017,39,0,0,33,0
Kansas,2017,39,0,0,59,0
Kentucky,2017,39,0,1,299,1
Louisiana,2017,39,6,8,569,14
Maine,2017,39,0,0,18,0
Maryland,2017,39,16,0,126,16
Massachusetts,2017,39,2,0,260,2
Michigan,2017,39,7,0,586,7
Minnesota,2017,39,3,0,279,3
Mississippi,2017,39,0,0,44,0
Missouri,2017,39,1,0,435,1
Montana,2017,39,1,1,102,2
Nebraska,2017,39,0,0,55,0
New Mexico,2017,39,1,0,116,1
New York,2017,39,9,2,1121,11
North Carolina,2017,39,1,0,185,1
Ohio,2017,39,3,1,1013,4
Oklahoma,2017,39,0,0,148,0
Oregon,2017,39,4,0,193,4
Pennsylvania,2017,39,0,0,231,0
South Carolina,2017,39,0,0,173,0
South Dakota,2017,39,1,0,36,1
Tennessee,2017,39,1,0,77,1
Texas,2017,39,22,19,1352,41
Utah,2017,39,1,1,493,2
Vermont,2017,39,0,0,20,0
Virginia,2017,39,1,0,174,1
Washington,2017,39,4,2,408,6
West Virginia,2017,39,2,0,338,2
Wisconsin,2017,39,4,0,543,4
Alabama,2017,40,4,25,434,29
Arizona,2017,40,1,0,145,1
Arkansas,2017,40,6,0,62,6
California,2017,40,5,2,794,7
Colorado,2017,40,1,1,355,2
Connecticut,2017,40,1,0,287,1
Delaware,2017,40,0,0,88,0
Florida,2017,40,84,28,1306,112
Georgia,2017,40,8,10,642,18
Idaho,2017,40,0,0,34,0
Illinois,2017,40,1,1,210,2
Indiana,2017,40,2,0,135,2
Iowa,2017,40,0,0,102,0
Kansas,2017,40,0,0,78,0
Kentucky,2017,40,2,0,299,2
Louisiana,2017,40,19,3,418,22
Maryland,2017,40,2,0,126,2
Massachusetts,2017,40,1,0,423,1
Michigan,2017,40,6,1,665,7
Minnesota,2017,40,0,1,308,1
Mississippi,2017,40,3,0,77,3
Missouri,2017,40,1,0,476,1
Montana,2017,40,1,1,123,2
Nebraska,2017,40,1,0,94,1
Nevada,2017,40,0,0,13,0
New Mexico,2017,40,1,0,213,1
New York,2017,40,13,1,1357,14
North Carolina,2017,40,1,1,103,2
Ohio,2017,40,6,8,1011,14
Oklahoma,2017,40,1,0,145,1
Oregon,2017,40,3,0,190,3
Pennsylvania,2017,40,1,0,284,1
South Carolina,2017,40,1,0,240,1
South Dakota,2017,40,0,0,46,0
Tennessee,2017,40,3,1,104,4
Texas,2017,40,25,16,1273,41
Utah,2017,40,5,1,531,6
Vermont,2017,40,0,0,37,0
Virginia,2017,40,0,0,155,0
Washington,2017,40,8,5,677,13
West Virginia,2017,40,1,0,401,1
Wisconsin,2017,40,7,0,636,7
Alabama,2017,41,7,24,449,31
Arizona,2017,41,0,0,152,0
Arkansas,2017,41,3,0,57,3
California,2017,41,17,2,832,19
Colorado,2017,41,0,0,359,0
Connecticut,2017,41,2,0,317,2
Delaware,2017,41,0,0,102,0
Florida,2017,41,60,32,1364,92
Georgia,2017,41,11,5,674,16
Idaho,2017,41,0,0,36,0
Illinois,2017,41,1,0,207,1
Indiana,2017,41,0,1,125,1
Iowa,2017,41,1,0,117,1
Kansas,2017,41,0,0,85,0
Kentucky,2017,41,0,1,342,1
Louisiana,2017,41,13,5,435,18
Maryland,2017,41,1,0,110,1
Massachusetts,2017,41,2,0,458,2
Michigan,2017,41,4,1,724,5
Minnesota,2017,41,1,1,359,2
Mississippi,2017,41,8,0,74,8
Missouri,2017,41,0,0,501,0
Montana,2017,41,4,0,125,4
Nebraska,2017,41,1,0,82,1
New Mexico,2017,41,2,0,219,2
New York,2017,41,9,4,1402,13
North Carolina,2017,41,1,0,220,1
Ohio,2017,41,9,2,1174,11
Oklahoma,2017,41,0,0,186,0
Oregon,2017,41,7,2,255,9
Pennsylvania,2017,41,5,1,321,6
South Carolina,2017,41,3,0,267,3
South Dakota,2017,41,0,0,52,0
Tennessee,2017,41,4,0,102,4
Texas,2017,41,26,12,1293,38
Utah,2017,41,14,0,554,14
Vermont,2017,41,1,0,47,1
Virginia,2017,41,0,1,196,1
Washington,2017,41,12,0,675,12
West Virginia,2017,41,4,1,396,5
Wisconsin,2017,41,5,0,659,5
Alabama,2017,42,11,13,472,24
Arizona,2017,42,1,0,162,1
Arkansas,2017,42,2,0,65,2
California,2017,42,19,2,882,21
Colorado,2017,42,5,1,397,6
Connecticut,2017,42,3,1,347,4
Delaware,2017,42,2,0,101,2
Florida,2017,42,81,50,1534,131
Georgia,2017,42,8,5,781,13
Idaho,2017,42,0,0,40,0
Illinois,2017,42,3,0,189,3
Indiana,2017,42,0,0,183,0
Iowa,2017,42,1,0,138,1
Kansas,2017,42,0,0,75,0
Kentucky,2017,42,1,0,300,1
Louisiana,2017,42,15,1,535,16
Maryland,2017,42,1,0,127,1
Massachusetts,2017,42,2,0,461,2
Michigan,2017,42,6,0,750,6
Minnesota,2017,42,3,0,298,3
Mississippi,2017,42,5,0,79,5
Missouri,2017,42,2,0,568,2
Montana,2017,42,0,0,85,0
Nebraska,2017,42,1,1,119,2
Nevada,2017,42,1,0,19,1
New Mexico,2017,42,4,0,247,4
New York,2017,42,11,4,1513,15
North Carolina,2017,42,3,0,232,3
Ohio,2017,42,12,4,1197,16
Oklahoma,2017,42,4,1,193,5
Oregon,2017,42,6,3,320,9
Pennsylvania,2017,42,0,0,350,0
South Carolina,2017,42,1,0,230,1
South Dakota,2017,42,0,0,57,0
Tennessee,2017,42,0,3,154,3
Texas,2017,42,20,12,1453,32
Utah,2017,42,9,2,554,11
Vermont,2017,42,2,0,47,2
Virginia,2017,42,3,0,188,3
Washington,2017,42,13,2,716,15
West Virginia,2017,42,0,0,460,0
Wisconsin,2017,42,7,2,772,9
Alabama,2017,43,9,18,476,27
Arizona,2017,43,6,0,175,6
Arkansas,2017,43,5,0,74,5
California,2017,43,34,3,922,37
Colorado,2017,43,6,0,424,6
Connecticut,2017,43,1,2,372,3
Delaware,2017,43,3,0,107,3
Florida,2017,43,92,65,1490,157
Georgia,2017,43,20,3,773,23
Idaho,2017,43,0,2,44,2
Illinois,2017,43,1,0,219,1
Indiana,2017,43,0,1,142,1
Iowa,2017,43,0,0,96,0
Kansas,2017,43,0,0,83,0
Kentucky,2017,43,1,1,336,2
Louisiana,2017,43,21,5,500,26
Maryland,2017,43,0,0,132,0
Massachusetts,2017,43,1,2,488,3
Michigan,2017,43,7,0,798,7
Minnesota,2017,43,2,1,285,3
Mississippi,2017,43,13,0,69,13
Missouri,2017,43,1,0,512,1
Montana,2017,43,0,0,89,0
Nebraska,2017,43,1,0,113,1
Nevada,2017,43,1,0,21,1
New Mexico,2017,43,4,0,317,4
New York,2017,43,18,4,1632,22
North Carolina,2017,43,3,2,277,5
Ohio,2017,43,8,1,1346,9
Oklahoma,2017,43,2,0,214,2
Oregon,2017,43,7,2,301,9
Pennsylvania,2017,43,2,1,356,3
South Carolina,2017,43,2,0,293,2
South Dakota,2017,43,0,0,53,0
Tennessee,2017,43,1,1,124,2
Texas,2017,43,34,17,1606,51
Utah,2017,43,7,0,558,7
Vermont,2017,43,0,0,55,0
Virginia,2017,43,3,1,233,4
Washington,2017,43,12,3,711,15
West Virginia,2017,43,0,0,428,0
Wisconsin,2017,43,4,0,670,4
Alabama,2017,44,5,25,563,30
Arizona,2017,44,2,1,208,3
Arkansas,2017,44,2,0,69,2
California,2017,44,52,15,1016,67
Colorado,2017,44,18,1,462,19
Connecticut,2017,44,5,1,429,6
Delaware,2017,44,1,0,136,1
Florida,2017,44,90,75,1587,165
Georgia,2017,44,18,6,874,24
Idaho,2017,44,0,1,48,1
Illinois,2017,44,6,0,174,6
Indiana,2017,44,4,0,166,4
Iowa,2017,44,0,0,126,0
Kansas,2017,44,1,0,85,1
Kentucky,2017,44,2,0,308,2
Louisiana,2017,44,38,9,651,47
Maryland,2017,44,1,0,124,1
Massachusetts,2017,44,5,0,468,5
Michigan,2017,44,8,0,860,8
Minnesota,2017,44,2,3,250,5
Mississippi,2017,44,13,0,82,13
Missouri,2017,44,33,3,592,36
Montana,2017,44,0,0,98,0
Nebraska,2017,44,1,0,114,1
Nevada,2017,44,6,0,27,6
New Mexico,2017,44,20,1,375,21
New York,2017,44,16,5,1654,21
North Carolina,2017,44,1,2,332,3
Ohio,2017,44,16,3,1375,19
Oklahoma,2017,44,2,0,243,2
Oregon,2017,44,13,5,315,18
Pennsylvania,2017,44,5,0,417,5
South Carolina,2017,44,4,2,300,6
South Dakota,2017,44,0,0,47,0
Tennessee,2017,44,1,0,172,1
Texas,2017,44,62,49,1898,111
Utah,2017,44,22,0,618,22
Vermont,2017,44,1,0,57,1
Virginia,2017,44,0,0,255,0
Washington,2017,44,9,6,693,15
West Virginia,2017,44,1,0,426,1
Wisconsin,2017,44,8,3,760,11
Alabama,2017,45,9,23,573,32
Arizona,2017,45,3,3,221,6
Arkansas,2017,45,8,0,81,8
California,2017,45,70,8,1086,78
Colorado,2017,45,33,0,525,33
Connecticut,2017,45,4,0,400,4
Delaware,2017,45,4,0,131,4
Florida,2017,45,137,76,1848,213
Georgia,2017,45,24,5,930,29
Idaho,2017,45,2,1,59,3
Illinois,2017,45,8,2,276,10
Indiana,2017,45,1,0,222,1
Iowa,2017,45,2,1,143,3
Kansas,2017,45,0,0,74,0
Kentucky,2017,45,4,1,408,5
Louisiana,2017,45,46,6,695,52
Maine,2017,45,2,0,38,2
Maryland,2017,45,0,0,122,0
Massachusetts,2017,45,13,1,539,14
Michigan,2017,45,8,1,876,9
Minnesota,2017,45,2,2,325,4
Mississippi,2017,45,23,0,138,23
Missouri,2017,45,8,7,608,15
Montana,2017,45,3,0,98,3
Nebraska,2017,45,4,0,131,4
Nevada,2017,45,11,0,25,11
New Mexico,2017,45,17,2,411,19
New York,2017,45,18,6,1926,24
North Carolina,2017,45,2,3,353,5
Ohio,2017,45,25,5,1437,30
Oklahoma,2017,45,5,0,218,5
Oregon,2017,45,23,3,327,26
Pennsylvania,2017,45,0,1,459,1
South Carolina,2017,45,4,3,337,7
South Dakota,2017,45,0,0,69,0
Tennessee,2017,45,5,2,184,7
Texas,2017,45,108,68,2042,176
Utah,2017,45,10,0,620,10
Vermont,2017,45,1,0,94,1
Virginia,2017,45,0,0,239,0
Washington,2017,45,6,3,787,9
West Virginia,2017,45,3,2,391,5
Wisconsin,2017,45,10,0,817,10
Alabama,2017,46,11,31,671,42
Arizona,2017,46,4,2,248,6
Arkansas,2017,46,14,0,100,14
California,2017,46,86,13,1159,99
Colorado,2017,46,54,3,574,57
Connecticut,2017,46,6,0,489,6
Delaware,2017,46,3,0,157,3
Florida,2017,46,152,91,1809,243
Georgia,2017,46,39,8,1015,47
Idaho,2017,46,4,2,55,6
Illinois,2017,46,8,1,277,9
Indiana,2017,46,6,3,214,9
Iowa,2017,46,8,0,168,8
Kansas,2017,46,0,0,92,0
Kentucky,2017,46,3,0,413,3
Louisiana,2017,46,74,16,864,90
Maine,2017,46,6,0,70,6
Maryland,2017,46,5,1,143,6
Massachusetts,2017,46,6,3,602,9
Michigan,2017,46,23,2,964,25
Minnesota,2017,46,6,0,354,6
Mississippi,2017,46,12,0,121,12
Missouri,2017,46,6,18,697,24
Montana,2017,46,1,0,98,1
Nebraska,2017,46,8,1,133,9
Nevada,2017,46,15,0,45,15
New Mexico,2017,46,12,0,379,12
New York,2017,46,13,13,1968,26
North Carolina,2017,46,3,0,354,3
Ohio,2017,46,33,11,1655,44
Oklahoma,2017,46,9,2,283,11
Oregon,2017,46,31,8,315,39
Pennsylvania,2017,46,7,0,490,7
South Carolina,2017,46,11,1,450,12
South Dakota,2017,46,0,0,61,0
Tennessee,2017,46,9,0,238,9
Texas,2017,46,146,77,2419,223
Utah,2017,46,30,0,620,30
Vermont,2017,46,0,1,80,1
Virginia,2017,46,2,0,303,2
Washington,2017,46,14,7,762,21
West Virginia,2017,46,13,2,446,15
Wisconsin,2017,46,26,1,873,27
Alabama,2017,47,11,22,517,33
Arizona,2017,47,10,1,219,11
Arkansas,2017,47,22,0,139,22
California,2017,47,172,11,1272,183
Colorado,2017,47,82,4,658,86
Connecticut,2017,47,5,2,436,7
Delaware,2017,47,8,0,180,8
Florida,2017,47,220,107,1969,327
Georgia,2017,47,42,11,1124,53
Idaho,2017,47,4,4,79,8
Illinois,2017,47,16,0,236,16
Indiana,2017,47,6,0,221,6
Iowa,2017,47,8,0,153,8
Kansas,2017,47,2,0,85,2
Kentucky,2017,47,6,1,343,7
Louisiana,2017,47,84,24,896,108
Maine,2017,47,7,0,71,7
Maryland,2017,47,23,1,249,24
Massachusetts,2017,47,9,2,645,11
Michigan,2017,47,26,8,954,34
Minnesota,2017,47,14,4,336,18
Mississippi,2017,47,14,0,128,14
Missouri,2017,47,19,8,602,27
Montana,2017,47,1,0,100,1
Nebraska,2017,47,3,1,114,4
Nevada,2017,47,14,0,43,14
New Mexico,2017,47,30,1,412,31
New York,2017,47,30,23,1851,53
North Carolina,2017,47,11,4,404,15
Ohio,2017,47,50,10,1532,60
Oklahoma,2017,47,4,1,260,5
Oregon,2017,47,48,5,408,53
Pennsylvania,2017,47,6,0,419,6
South Carolina,2017,47,11,2,418,13
South Dakota,2017,47,0,0,56,0
Tennessee,2017,47,11,9,213,20
Texas,2017,47,160,58,2342,218
Utah,2017,47,42,3,679,45
Vermont,2017,47,1,0,102,1
Virginia,2017,47,6,0,180,6
Washington,2017,47,26,8,838,34
West Virginia,2017,47,14,5,533,19
Wisconsin,2017,47,32,2,797,34
Alabama,2017,48,20,21,779,41
Arizona,2017,48,17,1,266,18
Arkansas,2017,48,17,4,136,21
California,2017,48,192,21,1439,213
Colorado,2017,48,75,3,674,78
Connecticut,2017,48,4,1,479,5
Delaware,2017,48,17,0,223,17
Florida,2017,48,120,112,1940,232
Georgia,2017,48,58,4,1053,62
Idaho,2017,48,8,7,91,15
Illinois,2017,48,29,4,353,33
Indiana,2017,48,10,5,262,15
Iowa,2017,48,20,0,208,20
Kansas,2017,48,1,0,93,1
Kentucky,2017,48,5,4,451,9
Louisiana,2017,48,87,15,645,102
Maine,2017,48,7,0,77,7
Maryland,2017,48,4,3,199,7
Massachusetts,2017,48,10,8,704,18
Michigan,2017,48,44,2,1206,46
Minnesota,2017,48,31,3,416,34
Mississippi,2017,48,10,1,172,11
Missouri,2017,48,22,8,717,30
Montana,2017,48,6,2,121,8
Nebraska,2017,48,10,0,147,10
Nevada,2017,48,6,1,52,7
New Mexico,2017,48,59,4,565,63
New York,2017,48,39,36,2282,75
North Carolina,2017,48,10,10,388,20
Ohio,2017,48,81,12,1859,93
Oklahoma,2017,48,9,1,311,10
Oregon,2017,48,55,12,473,67
Pennsylvania,2017,48,8,2,476,10
South Carolina,2017,48,10,4,492,14
South Dakota,2017,48,3,0,69,3
Tennessee,2017,48,8,3,263,11
Texas,2017,48,214,76,2714,290
Utah,2017,48,55,4,726,59
Vermont,2017,48,5,1,126,6
Virginia,2017,48,5,1,255,6
Washington,2017,48,31,11,931,42
West Virginia,2017,48,13,5,533,18
Wisconsin,2017,48,72,12,1067,84
Alabama,2017,49,21,16,728,37
Arizona,2017,49,35,3,342,38
Arkansas,2017,49,47,4,198,51
California,2017,49,336,42,1807,378
Colorado,2017,49,75,4,680,79
Connecticut,2017,49,6,1,494,7
Delaware,2017,49,15,2,217,17
Florida,2017,49,180,113,1964,293
Georgia,2017,49,75,10,1095,85
Idaho,2017,49,11,5,103,16
Illinois,2017,49,51,2,414,53
Indiana,2017,49,14,4,251,18
Iowa,2017,49,27,1,231,28
Kansas,2017,49,3,0,84,3
Kentucky,2017,49,16,3,482,19
Louisiana,2017,49,119,18,934,137
Maine,2017,49,8,1,82,9
Maryland,2017,49,8,3,197,11
Massachusetts,2017,49,13,7,727,20
Michigan,2017,49,68,11,1174,79
Minnesota,2017,49,45,1,505,46
Mississippi,2017,49,8,0,111,8
Missouri,2017,49,49,32,731,81
Montana,2017,49,9,0,120,9
Nebraska,2017,49,19,1,173,20
Nevada,2017,49,9,0,38,9
New Mexico,2017,49,167,293,2073,460
New York,2017,49,55,53,2467,108
North Carolina,2017,49,16,8,461,24
Ohio,2017,49,126,18,2186,144
Oklahoma,2017,49,18,1,350,19
Oregon,2017,49,81,21,587,102
Pennsylvania,2017,49,6,4,513,10
South Carolina,2017,49,18,4,471,22
South Dakota,2017,49,1,0,85,1
Tennessee,2017,49,11,2,266,13
Texas,2017,49,399,96,2800,495
Utah,2017,49,66,2,735,68
Vermont,2017,49,3,3,125,6
Virginia,2017,49,14,0,266,14
Washington,2017,49,71,17,985,88
West Virginia,2017,49,27,3,625,30
Wisconsin,2017,49,80,9,1182,89
Alabama,2017,50,95,28,947,123
Arizona,2017,50,50,1,372,51
Arkansas,2017,50,82,7,294,89
California,2017,50,601,73,2336,674
Colorado,2017,50,115,7,871,122
Connecticut,2017,50,26,3,596,29
Delaware,2017,50,18,9,279,27
Florida,2017,50,214,116,2065,330
Georgia,2017,50,131,23,1364,154
Idaho,2017,50,23,8,124,31
Illinois,2017,50,87,13,521,100
Indiana,2017,50,34,13,378,47
Iowa,2017,50,30,1,263,31
Kansas,2017,50,7,1,99,8
Kentucky,2017,50,45,7,581,52
Louisiana,2017,50,281,28,1263,309
Maine,2017,50,16,0,101,16
Maryland,2017,50,25,3,252,28
Massachusetts,2017,50,36,11,794,47
Michigan,2017,50,114,19,1443,133
Minnesota,2017,50,78,10,565,88
Mississippi,2017,50,20,2,157,22
Missouri,2017,50,68,9,866,77
Montana,2017,50,7,1,97,8
Nebraska,2017,50,23,1,225,24
Nevada,2017,50,18,1,63,19
New Mexico,2017,50,103,19,595,122
New York,2017,50,102,75,2562,177
North Carolina,2017,50,16,3,537,19
Ohio,2017,50,368,34,2700,402
Oklahoma,2017,50,71,1,419,72
Oregon,2017,50,203,60,820,263
Pennsylvania,2017,50,15,4,571,19
South Carolina,2017,50,24,4,465,28
South Dakota,2017,50,3,0,64,3
Tennessee,2017,50,23,5,330,28
Texas,2017,50,882,185,4050,1067
Utah,2017,50,93,8,765,101
Vermont,2017,50,16,2,164,18
Virginia,2017,50,15,2,277,17
Washington,2017,50,109,27,1130,136
West Virginia,2017,50,82,6,722,88
Wisconsin,2017,50,140,8,1339,148
Alabama,2017,51,292,39,1435,331
Arizona,2017,51,102,4,400,106
Arkansas,2017,51,136,17,415,153
California,2017,51,917,156,3143,1073
Colorado,2017,51,245,28,1268,273
Connecticut,2017,51,49,11,687,60
Delaware,2017,51,29,19,324,48
Florida,2017,51,338,256,2832,594
Georgia,2017,51,301,44,1949,345
Idaho,2017,51,28,17,162,45
Illinois,2017,51,199,9,731,208
Indiana,2017,51,85,29,509,114
Iowa,2017,51,72,4,371,76
Kansas,2017,51,18,3,123,21
Kentucky,2017,51,80,12,700,92
Louisiana,2017,51,506,49,1856,555
Maine,2017,51,23,0,95,23
Maryland,2017,51,35,8,314,43
Massachusetts,2017,51,55,29,918,84
Michigan,2017,51,253,14,1762,267
Minnesota,2017,51,146,10,693,156
Mississippi,2017,51,19,2,163,21
Missouri,2017,51,214,29,1103,243
Montana,2017,51,12,1,123,13
Nebraska,2017,51,53,5,277,58
Nevada,2017,51,26,2,81,28
New Mexico,2017,51,205,27,907,232
New York,2017,51,210,115,2887,325
North Carolina,2017,51,60,29,818,89
Ohio,2017,51,760,69,3801,829
Oklahoma,2017,51,92,2,512,94
Oregon,2017,51,416,138,1499,554
Pennsylvania,2017,51,21,6,573,27
South Carolina,2017,51,64,10,602,74
South Dakota,2017,51,6,2,78,8
Tennessee,2017,51,136,8,596,144
Texas,2017,51,2005,353,6605,2358
Utah,2017,51,194,17,1045,211
Vermont,2017,51,15,1,167,16
Virginia,2017,51,37,8,347,45
Washington,2017,51,223,75,1442,298
West Virginia,2017,51,189,11,1026,200
Wisconsin,2017,51,300,11,1792,311
Alabama,2017,52,312,43,1524,355
Arizona,2017,52,172,12,608,184
Arkansas,2017,52,88,15,307,103
California,2017,52,1090,205,3339,1295
Colorado,2017,52,292,35,1528,327
Connecticut,2017,52,77,11,818,88
Delaware,2017,52,54,19,424,73
Florida,2017,52,419,260,3193,679
Georgia,2017,52,448,66,2482,514
Idaho,2017,52,46,33,232,79
Illinois,2017,52,361,19,1036,380
Indiana,2017,52,130,30,550,160
Iowa,2017,52,129,5,456,134
Kansas,2017,52,19,3,140,22
Kentucky,2017,52,95,14,706,109
Louisiana,2017,52,508,62,1969,570
Maine,2017,52,18,0,111,18
Maryland,2017,52,74,5,336,79
Massachusetts,2017,52,122,36,959,158
Michigan,2017,52,405,35,2140,440
Minnesota,2017,52,220,10,887,230
Mississippi,2017,52,13,2,154,15
Missouri,2017,52,237,36,1258,273
Montana,2017,52,30,1,173,31
Nebraska,2017,52,71,10,306,81
Nevada,2017,52,30,2,77,32
New Mexico,2017,52,269,51,1099,320
New York,2017,52,343,191,3378,534
North Carolina,2017,52,90,21,804,111
Ohio,2017,52,1235,88,4847,1323
Oklahoma,2017,52,106,7,598,113
Oregon,2017,52,432,186,1709,618
Pennsylvania,2017,52,55,22,712,77
South Carolina,2017,52,83,19,677,102
South Dakota,2017,52,5,1,65,6
Tennessee,2017,52,138,14,716,152
Texas,2017,52,1895,314,6409,2209
Utah,2017,52,384,38,1420,422
Vermont,2017,52,46,7,242,53
Virginia,2017,52,68,16,484,84
Washington,2017,52,336,80,1853,416
West Virginia,2017,52,407,16,1456,423
Wisconsin,2017,52,547,23,2316,570
Alabama,2018,1,388,50,1636,438
Arizona,2018,1,189,23,787,212
Arkansas,2018,1,83,20,337,103
California,2018,1,823,191,3272,1014
Colorado,2018,1,234,52,1503,286
Connecticut,2018,1,137,30,1266,167
Delaware,2018,1,82,21,452,103
Florida,2018,1,386,135,2504,521
Georgia,2018,1,730,118,2934,848
Idaho,2018,1,42,35,252,77
Illinois,2018,1,371,34,1194,405
Indiana,2018,1,200,36,818,236
Iowa,2018,1,150,10,549,160
Kansas,2018,1,36,2,164,38
Kentucky,2018,1,129,47,937,176
Louisiana,2018,1,357,72,1736,429
Maine,2018,1,20,0,142,20
Maryland,2018,1,67,21,382,88
Massachusetts,2018,1,173,42,1198,215
Michigan,2018,1,606,40,2675,646
Minnesota,2018,1,270,10,1071,280
Mississippi,2018,1,17,2,162,19
Missouri,2018,1,287,78,1442,365
Montana,2018,1,29,4,201,33
Nebraska,2018,1,72,10,318,82
Nevada,2018,1,15,2,58,17
New Mexico,2018,1,309,99,1348,408
New York,2018,1,498,225,3855,723
North Carolina,2018,1,156,23,1053,179
North Dakota,2018,1,80,11,297,91
Ohio,2018,1,1354,139,5476,1493
Oklahoma,2018,1,91,6,572,97
Oregon,2018,1,417,186,1790,603
Pennsylvania,2018,1,78,23,807,101
South Carolina,2018,1,107,21,823,128
South Dakota,2018,1,4,2,77,6
Tennessee,2018,1,156,19,783,175
Texas,2018,1,1718,365,6387,2083
Utah,2018,1,362,66,1482,428
Vermont,2018,1,45,6,263,51
Virginia,2018,1,97,21,521,118
Washington,2018,1,411,135,2241,546
West Virginia,2018,1,285,21,1409,306
Wisconsin,2018,1,776,42,2966,818
Alabama,2018,2,607,79,2115,686
Arizona,2018,2,128,15,639,143
Arkansas,2018,2,107,42,368,149
California,2018,2,460,179,2893,639
Colorado,2018,2,230,58,1610,288
Connecticut,2018,2,182,41,1136,223
Delaware,2018,2,86,31,446,117
Florida,2018,2,597,208,3221,805
Georgia,2018,2,922,136,3662,1058
Idaho,2018,2,51,13,214,64
Illinois,2018,2,322,34,1132,356
Indiana,2018,2,206,39,761,245
Iowa,2018,2,187,22,633,209
Kansas,2018,2,31,2,193,33
Kentucky,2018,2,122,28,943,150
Louisiana,2018,2,409,117,1750,526
Maine,2018,2,25,1,123,26
Maryland,2018,2,114,23,491,137
Massachusetts,2018,2,237,48,1379,285
Michigan,2018,2,776,60,3110,836
Minnesota,2018,2,386,22,1351,408
Mississippi,2018,2,18,5,175,23
Missouri,2018,2,330,94,1560,424
Montana,2018,2,40,8,186,48
Nebraska,2018,2,92,17,347,109
Nevada,2018,2,16,4,73,20
New Mexico,2018,2,336,135,1633,471
New York,2018,2,739,271,4566,1010
North Carolina,2018,2,210,49,1078,259
North Dakota,2018,2,93,12,350,105
Ohio,2018,2,1449,162,5484,1611
Oklahoma,2018,2,137,9,686,146
Oregon,2018,2,399,270,1940,669
Pennsylvania,2018,2,155,44,1110,199
South Carolina,2018,2,266,54,1242,320
South Dakota,2018,2,8,2,95,10
Tennessee,2018,2,157,8,738,165
Texas,2018,2,1763,480,6731,2243
Utah,2018,2,374,69,1602,443
Vermont,2018,2,68,13,332,81
Virginia,2018,2,175,32,738,207
Washington,2018,2,402,173,2518,575
West Virginia,2018,2,378,19,1453,397
Wisconsin,2018,2,1149,56,4094,1205
Alabama,2018,3,525,95,1981,620
Arizona,2018,3,52,9,514,61
Arkansas,2018,3,79,46,363,125
California,2018,3,269,145,2476,414
Colorado,2018,3,177,54,1566,231
Connecticut,2018,3,233,52,1265,285
Delaware,2018,3,114,42,546,156
Florida,2018,3,716,301,3932,1017
Georgia,2018,3,834,177,3619,1011
Idaho,2018,3,56,9,238,65
Illinois,2018,3,398,64,1175,462
Indiana,2018,3,140,53,634,193
Iowa,2018,3,229,52,756,281
Kansas,2018,3,37,7,226,44
Kentucky,2018,3,126,39,882,165
Louisiana,2018,3,321,100,1565,421
Maine,2018,3,37,3,165,40
Maryland,2018,3,181,24,677,205
Massachusetts,2018,3,289,61,1494,350
Michigan,2018,3,1025,85,3489,1110
Minnesota,2018,3,446,17,1437,463
Mississippi,2018,3,13,3,147,16
Missouri,2018,3,188,72,1257,260
Montana,2018,3,19,6,159,25
Nebraska,2018,3,77,21,401,98
Nevada,2018,3,10,5,56,15
New Mexico,2018,3,317,182,1800,499
New York,2018,3,793,379,4617,1172
North Carolina,2018,3,266,70,1238,336
North Dakota,2018,3,99,4,343,103
Ohio,2018,3,1258,180,5491,1438
Oklahoma,2018,3,192,18,846,210
Oregon,2018,3,242,223,1707,465
Pennsylvania,2018,3,209,84,1273,293
South Carolina,2018,3,264,43,1314,307
South Dakota,2018,3,7,2,72,9
Tennessee,2018,3,117,17,610,134
Texas,2018,3,1692,649,6509,2341
Utah,2018,3,337,93,1562,430
Vermont,2018,3,74,14,380,88
Virginia,2018,3,190,40,913,230
Washington,2018,3,338,172,2369,510
West Virginia,2018,3,236,22,1275,258
Wisconsin,2018,3,1244,80,4172,1324
Alabama,2018,4,412,99,1998,511
Arizona,2018,4,40,8,483,48
Arkansas,2018,4,107,97,545,204
California,2018,4,216,187,2427,403
Colorado,2018,4,220,78,1918,298
Connecticut,2018,4,323,104,1624,427
Delaware,2018,4,166,43,625,209
Florida,2018,4,1205,120,5591,1325
Georgia,2018,4,909,293,4099,1202
Idaho,2018,4,25,8,192,33
Illinois,2018,4,308,85,1133,393
Indiana,2018,4,170,57,749,227
Iowa,2018,4,282,58,959,340
Kansas,2018,4,42,6,241,48
Kentucky,2018,4,99,57,948,156
Louisiana,2018,4,204,116,1425,320
Maine,2018,4,57,3,255,60
Maryland,2018,4,241,44,906,285
Massachusetts,2018,4,389,120,1790,509
Michigan,2018,4,1380,139,4291,1519
Minnesota,2018,4,396,32,1389,428
Mississippi,2018,4,14,8,153,22
Missouri,2018,4,183,76,1401,259
Montana,2018,4,29,9,225,38
Nebraska,2018,4,75,33,445,108
Nevada,2018,4,14,7,71,21
New Mexico,2018,4,250,275,2050,525
New York,2018,4,1242,696,6354,1938
North Carolina,2018,4,302,59,1522,361
North Dakota,2018,4,140,16,500,156
Ohio,2018,4,1389,255,5967,1644
Oklahoma,2018,4,169,40,836,209
Oregon,2018,4,219,214,1851,433
Pennsylvania,2018,4,310,117,1630,427
South Carolina,2018,4,341,80,1607,421
South Dakota,2018,4,5,2,85,7
Tennessee,2018,4,120,23,659,143
Texas,2018,4,1715,1003,7320,2718
Utah,2018,4,265,131,1617,396
Vermont,2018,4,106,19,539,125
Virginia,2018,4,246,50,1118,296
Washington,2018,4,297,176,2480,473
West Virginia,2018,4,177,25,1362,202
Wisconsin,2018,4,1353,115,4511,1468
Wyoming,2018,4,8,0,12,8
Alabama,2018,5,353,111,1923,464
Arizona,2018,5,34,16,557,50
Arkansas,2018,5,93,135,637,228
California,2018,5,208,233,2509,441
Colorado,2018,5,211,114,1992,325
Connecticut,2018,5,286,135,1597,421
Delaware,2018,5,197,91,750,288
Florida,2018,5,889,418,6185,1307
Georgia,2018,5,743,268,2961,1011
Idaho,2018,5,19,15,173,34
Illinois,2018,5,246,73,1079,319
Indiana,2018,5,135,69,755,204
Iowa,2018,5,236,112,970,348
Kansas,2018,5,28,12,210,40
Kentucky,2018,5,95,40,791,135
Louisiana,2018,5,186,151,1548,337
Maine,2018,5,85,8,308,93
Maryland,2018,5,236,43,926,279
Massachusetts,2018,5,567,155,2311,722
Michigan,2018,5,1099,129,3980,1228
Minnesota,2018,5,357,29,1282,386
Mississippi,2018,5,7,15,170,22
Missouri,2018,5,208,163,1888,371
Montana,2018,5,37,19,293,56
Nebraska,2018,5,92,33,505,125
New Mexico,2018,5,195,322,2065,517
New York,2018,5,1398,849,7177,2247
North Carolina,2018,5,288,85,1406,373
North Dakota,2018,5,90,9,373,99
Ohio,2018,5,1310,335,5958,1645
Oklahoma,2018,5,109,59,771,168
Oregon,2018,5,152,167,1601,319
Pennsylvania,2018,5,388,185,1926,573
South Carolina,2018,5,270,69,1507,339
South Dakota,2018,5,5,0,69,5
Tennessee,2018,5,104,38,615,142
Texas,2018,5,1358,1290,7551,2648
Utah,2018,5,258,199,1784,457
Vermont,2018,5,130,29,557,159
Virginia,2018,5,359,114,1476,473
Washington,2018,5,242,227,2319,469
West Virginia,2018,5,133,29,1346,162
Wisconsin,2018,5,1239,163,4466,1402
Alabama,2018,6,306,179,2017,485
Arizona,2018,6,23,30,519,53
Arkansas,2018,6,83,168,745,251
California,2018,6,178,307,2778,485
Colorado,2018,6,150,92,1787,242
Connecticut,2018,6,297,199,1714,496
Delaware,2018,6,204,125,819,329
Florida,2018,6,719,330,5405,1049
Georgia,2018,6,781,460,4115,1241
Idaho,2018,6,13,12,150,25
Illinois,2018,6,201,90,1012,291
Indiana,2018,6,111,53,690,164
Iowa,2018,6,155,176,922,331
Kansas,2018,6,13,4,149,17
Kentucky,2018,6,71,54,804,125
Louisiana,2018,6,114,96,1316,210
Maine,2018,6,96,10,362,106
Maryland,2018,6,228,45,838,273
Massachusetts,2018,6,644,249,2459,893
Michigan,2018,6,868,133,3475,1001
Minnesota,2018,6,347,41,1313,388
Mississippi,2018,6,7,13,151,20
Missouri,2018,6,176,158,1578,334
Montana,2018,6,19,18,253,37
Nebraska,2018,6,114,70,611,184
Nevada,2018,6,2,3,65,5
New Mexico,2018,6,167,293,2073,460
New York,2018,6,1513,953,7517,2466
North Carolina,2018,6,264,108,1390,372
North Dakota,2018,6,77,9,349,86
Ohio,2018,6,1287,402,6151,1689
Oklahoma,2018,6,124,66,812,190
Oregon,2018,6,120,140,1486,260
Pennsylvania,2018,6,345,235,1773,580
South Carolina,2018,6,257,101,1460,358
South Dakota,2018,6,4,0,67,4
Tennessee,2018,6,122,79,771,201
Texas,2018,6,1025,1236,6962,2261
Utah,2018,6,170,211,1704,381
Vermont,2018,6,149,32,611,181
Virginia,2018,6,385,159,1579,544
Washington,2018,6,225,178,2173,403
West Virginia,2018,6,97,57,1297,154
Wisconsin,2018,6,1284,242,4538,1526
Alabama,2018,7,162,131,1632,293
Arizona,2018,7,16,33,546,49
Arkansas,2018,7,40,176,676,216
California,2018,7,142,292,2605,434
Colorado,2018,7,115,118,1760,233
Connecticut,2018,7,307,228,1814,535
Delaware,2018,7,94,90,563,184
Florida,2018,7,578,312,4532,890
Georgia,2018,7,436,317,2792,753
Idaho,2018,7,12,11,151,23
Illinois,2018,7,166,113,985,279
Indiana,2018,7,129,100,748,229
Iowa,2018,7,119,174,838,293
Kansas,2018,7,16,19,181,35
Kentucky,2018,7,72,70,812,142
Louisiana,2018,7,71,77,1060,148
Maine,2018,7,110,9,376,119
Maryland,2018,7,208,65,820,273
Massachusetts,2018,7,641,301,2573,942
Michigan,2018,7,645,164,2976,809
Minnesota,2018,7,282,70,1300,352
Mississippi,2018,7,6,6,125,12
Missouri,2018,7,166,179,1759,345
Montana,2018,7,34,10,235,44
Nebraska,2018,7,80,94,537,174
Nevada,2018,7,3,10,66,13
New Mexico,2018,7,70,256,1830,326
New York,2018,7,1457,1064,7883,2521
North Carolina,2018,7,161,102,1182,263
North Dakota,2018,7,64,14,291,78
Ohio,2018,7,1245,548,5941,1793
Oklahoma,2018,7,98,106,767,204
Oregon,2018,7,99,115,1182,214
Pennsylvania,2018,7,318,200,1730,518
South Carolina,2018,7,145,103,1171,248
South Dakota,2018,7,4,4,64,8
Tennessee,2018,7,81,87,825,168
Texas,2018,7,733,1252,6386,1985
Utah,2018,7,138,232,1526,370
Vermont,2018,7,153,26,533,179
Virginia,2018,7,260,144,1301,404
Washington,2018,7,149,172,2018,321
West Virginia,2018,7,130,81,1264,211
Wisconsin,2018,7,972,295,4246,1267
Wyoming,2018,7,0,3,12,3
Alabama,2018,8,61,79,1103,140
Arizona,2018,8,11,21,475,32
Arkansas,2018,8,22,131,542,153
California,2018,8,90,204,2137,294
Colorado,2018,8,82,94,1507,176
Connecticut,2018,8,179,219,1559,398
Delaware,2018,8,34,46,407,80
Florida,2018,8,397,258,3715,655
Georgia,2018,8,171,157,1770,328
Idaho,2018,8,5,9,110,14
Illinois,2018,8,90,93,821,183
Indiana,2018,8,81,81,575,162
Iowa,2018,8,93,169,766,262
Kansas,2018,8,11,17,147,28
Kentucky,2018,8,36,65,752,101
Louisiana,2018,8,34,56,835,90
Maine,2018,8,40,8,222,48
Maryland,2018,8,87,46,545,133
Massachusetts,2018,8,451,222,2040,673
Michigan,2018,8,526,182,2770,708
Minnesota,2018,8,232,62,1111,294
Mississippi,2018,8,4,3,95,7
Missouri,2018,8,109,162,1607,271
Montana,2018,8,23,21,264,44
Nebraska,2018,8,73,86,468,159
Nevada,2018,8,5,7,67,12
New Mexico,2018,8,102,196,1496,298
New York,2018,8,830,742,5760,1572
North Carolina,2018,8,43,50,758,93
North Dakota,2018,8,46,19,267,65
Ohio,2018,8,811,611,5068,1422
Oklahoma,2018,8,56,51,550,107
Oregon,2018,8,84,129,1124,213
Pennsylvania,2018,8,223,197,1445,420
South Carolina,2018,8,68,75,831,143
South Dakota,2018,8,4,4,66,8
Tennessee,2018,8,36,36,475,72
Texas,2018,8,379,707,4739,1086
Utah,2018,8,87,165,1246,252
Vermont,2018,8,154,22,577,176
Virginia,2018,8,116,77,815,193
Washington,2018,8,144,208,1858,352
West Virginia,2018,8,68,58,1023,126
Wisconsin,2018,8,676,331,3538,1007
Alabama,2018,9,34,46,828,80
Arizona,2018,9,8,31,358,39
Arkansas,2018,9,20,58,384,78
California,2018,9,94,253,2130,347
Colorado,2018,9,78,88,1291,166
Connecticut,2018,9,108,141,1251,249
Delaware,2018,9,16,42,352,58
Florida,2018,9,278,222,3081,500
Georgia,2018,9,63,72,1185,135
Idaho,2018,9,9,4,129,13
Illinois,2018,9,48,72,661,120
Indiana,2018,9,54,49,419,103
Iowa,2018,9,62,180,701,242
Kansas,2018,9,6,25,135,31
Kentucky,2018,9,14,33,572,47
Louisiana,2018,9,9,43,636,52
Maine,2018,9,52,4,215,56
Maryland,2018,9,48,21,395,69
Massachusetts,2018,9,299,166,1603,465
Michigan,2018,9,399,179,2408,578
Minnesota,2018,9,120,74,953,194
Mississippi,2018,9,3,4,78,7
Missouri,2018,9,55,92,1155,147
Montana,2018,9,39,28,294,67
Nebraska,2018,9,59,93,422,152
Nevada,2018,9,4,4,41,8
New Mexico,2018,9,71,129,1316,200
New York,2018,9,396,372,4155,768
North Carolina,2018,9,38,21,586,59
North Dakota,2018,9,34,24,285,58
Ohio,2018,9,468,376,3866,844
Oklahoma,2018,9,6,37,387,43
Oregon,2018,9,69,119,1047,188
Pennsylvania,2018,9,139,126,1229,265
South Carolina,2018,9,21,24,593,45
South Dakota,2018,9,3,7,71,10
Tennessee,2018,9,9,17,302,26
Texas,2018,9,213,435,3690,648
Utah,2018,9,89,217,1528,306
Vermont,2018,9,113,23,454,136
Virginia,2018,9,59,46,665,105
Washington,2018,9,151,159,1830,310
West Virginia,2018,9,43,26,808,69
Wisconsin,2018,9,418,301,2827,719
Alabama,2018,10,10,22,675,32
Arizona,2018,10,8,16,394,24
Arkansas,2018,10,22,31,317,53
California,2018,10,104,230,2041,334
Colorado,2018,10,76,82,1221,158
Connecticut,2018,10,58,90,1051,148
Delaware,2018,10,13,32,284,45
Florida,2018,10,219,187,2686,406
Georgia,2018,10,54,34,1029,88
Idaho,2018,10,3,13,94,16
Illinois,2018,10,25,83,583,108
Indiana,2018,10,22,42,376,64
Iowa,2018,10,39,127,563,166
Kansas,2018,10,4,12,144,16
Kentucky,2018,10,11,26,512,37
Louisiana,2018,10,8,24,615,32
Maine,2018,10,37,5,179,42
Maryland,2018,10,37,23,372,60
Massachusetts,2018,10,120,119,1269,239
Michigan,2018,10,239,181,2162,420
Minnesota,2018,10,61,84,770,145
Mississippi,2018,10,0,0,55,0
Missouri,2018,10,45,73,1058,118
Montana,2018,10,58,24,290,82
Nebraska,2018,10,44,61,346,105
Nevada,2018,10,2,6,40,8
New Mexico,2018,10,45,110,1025,155
New York,2018,10,234,234,3448,468
North Carolina,2018,10,33,19,502,52
North Dakota,2018,10,23,22,240,45
Ohio,2018,10,293,274,3036,567
Oklahoma,2018,10,8,33,345,41
Oregon,2018,10,71,124,993,195
Pennsylvania,2018,10,82,70,825,152
South Carolina,2018,10,18,16,491,34
South Dakota,2018,10,4,6,50,10
Tennessee,2018,10,6,27,293,33
Texas,2018,10,82,196,2800,278
Utah,2018,10,62,170,1288,232
Vermont,2018,10,57,23,383,80
Virginia,2018,10,32,29,521,61
Washington,2018,10,178,188,1755,366
West Virginia,2018,10,16,27,691,43
Wisconsin,2018,10,264,277,2286,541
Alabama,2018,11,11,32,663,43
Arizona,2018,11,7,31,359,38
Arkansas,2018,11,16,18,276,34
California,2018,11,91,227,1976,318
Colorado,2018,11,75,86,1143,161
Connecticut,2018,11,31,62,878,93
Delaware,2018,11,12,24,213,36
Florida,2018,11,191,169,2507,360
Georgia,2018,11,53,42,1013,95
Idaho,2018,11,1,11,90,12
Illinois,2018,11,22,63,482,85
Indiana,2018,11,23,50,384,73
Iowa,2018,11,17,68,403,85
Kansas,2018,11,5,15,115,20
Kentucky,2018,11,5,20,489,25
Louisiana,2018,11,11,21,527,32
Maine,2018,11,30,12,164,42
Maryland,2018,11,24,39,352,63
Massachusetts,2018,11,107,96,1000,203
Michigan,2018,11,220,210,2024,430
Minnesota,2018,11,46,81,649,127
Mississippi,2018,11,0,1,57,1
Missouri,2018,11,35,59,942,94
Montana,2018,11,35,41,260,76
Nebraska,2018,11,37,51,267,88
Nevada,2018,11,1,5,41,6
New Mexico,2018,11,23,84,802,107
New York,2018,11,179,210,3088,389
North Carolina,2018,11,20,24,419,44
North Dakota,2018,11,23,19,195,42
Ohio,2018,11,298,340,2859,638
Oklahoma,2018,11,4,27,312,31
Oregon,2018,11,41,90,791,131
Pennsylvania,2018,11,51,79,822,130
South Carolina,2018,11,12,18,424,30
South Dakota,2018,11,4,3,50,7
Tennessee,2018,11,5,18,179,23
Texas,2018,11,43,114,2077,157
Utah,2018,11,61,127,1156,188
Vermont,2018,11,37,16,255,53
Virginia,2018,11,50,58,649,108
Washington,2018,11,122,225,1639,347
West Virginia,2018,11,14,25,691,39
Wisconsin,2018,11,206,312,2264,518
Alabama,2018,12,10,26,515,36
Arizona,2018,12,2,21,327,23
Arkansas,2018,12,5,10,184,15
California,2018,12,45,122,1632,167
Colorado,2018,12,52,71,945,123
Connecticut,2018,12,33,50,744,83
Delaware,2018,12,5,26,185,31
Florida,2018,12,188,174,2473,362
Georgia,2018,12,43,34,884,77
Idaho,2018,12,6,13,91,19
Illinois,2018,12,20,78,512,98
Indiana,2018,12,21,42,342,63
Iowa,2018,12,14,62,369,76
Kansas,2018,12,0,12,103,12
Kentucky,2018,12,11,26,484,37
Louisiana,2018,12,4,23,460,27
Maine,2018,12,20,8,152,28
Maryland,2018,12,23,34,277,57
Massachusetts,2018,12,85,77,1088,162
Michigan,2018,12,249,269,2045,518
Minnesota,2018,12,34,65,590,99
Mississippi,2018,12,1,0,29,1
Missouri,2018,12,20,37,806,57
Montana,2018,12,23,31,224,54
Nebraska,2018,12,18,32,231,50
Nevada,2018,12,2,2,31,4
New Mexico,2018,12,21,39,660,60
New York,2018,12,180,180,2861,360
North Carolina,2018,12,15,29,366,44
North Dakota,2018,12,16,13,185,29
Ohio,2018,12,282,388,2852,670
Oklahoma,2018,12,3,11,219,14
Oregon,2018,12,39,54,683,93
Pennsylvania,2018,12,43,80,703,123
South Carolina,2018,12,19,23,449,42
South Dakota,2018,12,3,2,50,5
Tennessee,2018,12,6,16,192,22
Texas,2018,12,37,78,1741,115
Utah,2018,12,37,84,877,121
Vermont,2018,12,32,24,236,56
Virginia,2018,12,37,62,505,99
Washington,2018,12,96,203,1523,299
West Virginia,2018,12,16,40,641,56
Wisconsin,2018,12,159,370,2131,529
Alabama,2018,13,5,13,485,18
Arizona,2018,13,0,16,277,16
Arkansas,2018,13,3,4,169,7
California,2018,13,23,76,1308,99
Colorado,2018,13,39,44,826,83
Connecticut,2018,13,33,44,693,77
Delaware,2018,13,9,16,182,25
Florida,2018,13,153,121,1951,274
Georgia,2018,13,28,39,794,67
Idaho,2018,13,9,11,82,20
Illinois,2018,13,13,67,461,80
Indiana,2018,13,11,34,270,45
Iowa,2018,13,12,46,325,58
Kansas,2018,13,0,0,80,0
Kentucky,2018,13,7,26,459,33
Louisiana,2018,13,6,12,436,18
Maine,2018,13,23,17,149,40
Maryland,2018,13,22,32,305,54
Massachusetts,2018,13,60,88,848,148
Michigan,2018,13,222,320,2080,542
Minnesota,2018,13,30,69,554,99
Mississippi,2018,13,0,0,30,0
Missouri,2018,13,14,29,727,43
Montana,2018,13,11,26,192,37
Nebraska,2018,13,8,25,197,33
Nevada,2018,13,0,4,31,4
New Mexico,2018,13,15,18,433,33
New York,2018,13,221,212,2759,433
North Carolina,2018,13,14,29,371,43
North Dakota,2018,13,13,13,148,26
Ohio,2018,13,245,420,2946,665
Oklahoma,2018,13,1,5,210,6
Oregon,2018,13,38,66,692,104
Pennsylvania,2018,13,49,70,692,119
South Carolina,2018,13,6,16,368,22
South Dakota,2018,13,2,3,57,5
Tennessee,2018,13,6,21,199,27
Texas,2018,13,15,35,1443,50
Utah,2018,13,19,61,834,80
Vermont,2018,13,32,31,270,63
Virginia,2018,13,38,65,549,103
Washington,2018,13,108,175,1432,283
West Virginia,2018,13,13,73,648,86
Wisconsin,2018,13,103,370,1963,473
Alabama,2018,14,7,11,457,18
Arizona,2018,14,1,4,224,5
Arkansas,2018,14,1,7,142,8
California,2018,14,16,64,1084,80
Colorado,2018,14,17,36,641,53
Connecticut,2018,14,32,45,662,77
Delaware,2018,14,2,8,134,10
Florida,2018,14,89,117,1790,206
Georgia,2018,14,16,41,707,57
Idaho,2018,14,9,6,95,15
Illinois,2018,14,4,36,407,40
Indiana,2018,14,3,19,298,22
Iowa,2018,14,9,43,301,52
Kansas,2018,14,0,1,82,1
Kentucky,2018,14,6,16,468,22
Louisiana,2018,14,2,12,339,14
Maine,2018,14,22,12,136,34
Maryland,2018,14,16,23,237,39
Massachusetts,2018,14,49,109,906,158
Michigan,2018,14,116,251,1812,367
Minnesota,2018,14,15,54,411,69
Mississippi,2018,14,0,2,26,2
Missouri,2018,14,9,24,667,33
Montana,2018,14,8,15,172,23
Nebraska,2018,14,9,13,155,22
Nevada,2018,14,0,1,31,1
New Mexico,2018,14,3,8,370,11
New York,2018,14,167,167,2165,334
North Carolina,2018,14,11,30,341,41
North Dakota,2018,14,22,13,165,35
Ohio,2018,14,164,323,2700,487
Oklahoma,2018,14,3,3,227,6
Oregon,2018,14,25,50,578,75
Pennsylvania,2018,14,20,66,693,86
South Carolina,2018,14,5,12,322,17
South Dakota,2018,14,0,4,50,4
Tennessee,2018,14,3,7,160,10
Texas,2018,14,12,31,1246,43
Utah,2018,14,18,46,757,64
Vermont,2018,14,17,42,257,59
Virginia,2018,14,23,55,490,78
Washington,2018,14,72,133,1324,205
West Virginia,2018,14,12,60,686,72
Wisconsin,2018,14,74,268,1782,342
Alabama,2018,15,10,10,382,20
Arizona,2018,15,0,8,209,8
Arkansas,2018,15,0,3,95,3
California,2018,15,8,34,855,42
Colorado,2018,15,20,15,647,35
Connecticut,2018,15,34,49,664,83
Delaware,2018,15,2,5,96,7
Florida,2018,15,92,120,1875,212
Georgia,2018,15,12,27,631,39
Idaho,2018,15,5,6,77,11
Illinois,2018,15,8,36,400,44
Indiana,2018,15,12,24,257,36
Iowa,2018,15,10,15,262,25
Kansas,2018,15,1,3,84,4
Kentucky,2018,15,2,12,386,14
Louisiana,2018,15,1,7,301,8
Maine,2018,15,26,19,154,45
Maryland,2018,15,8,20,231,28
Massachusetts,2018,15,38,82,776,120
Michigan,2018,15,84,204,1740,288
Minnesota,2018,15,9,32,378,41
Mississippi,2018,15,0,1,26,1
Missouri,2018,15,5,19,650,24
Montana,2018,15,3,14,150,17
Nebraska,2018,15,10,9,144,19
New Mexico,2018,15,4,11,380,15
New York,2018,15,111,101,2032,212
North Carolina,2018,15,11,21,291,32
North Dakota,2018,15,14,17,135,31
Ohio,2018,15,139,321,2488,460
Oklahoma,2018,15,0,2,180,2
Oregon,2018,15,11,38,390,49
Pennsylvania,2018,15,18,29,445,47
South Carolina,2018,15,3,15,318,18
South Dakota,2018,15,2,1,66,3
Tennessee,2018,15,7,5,141,12
Texas,2018,15,7,27,1219,34
Utah,2018,15,18,19,696,37
Vermont,2018,15,11,26,217,37
Virginia,2018,15,23,34,442,57
Washington,2018,15,39,92,1137,131
West Virginia,2018,15,5,66,684,71
Wisconsin,2018,15,55,277,1686,332
Alabama,2018,16,1,7,361,8
Arizona,2018,16,0,8,220,8
Arkansas,2018,16,1,1,96,2
California,2018,16,8,11,568,19
Colorado,2018,16,14,20,505,34
Connecticut,2018,16,17,40,567,57
Delaware,2018,16,1,3,83,4
Florida,2018,16,64,82,1693,146
Georgia,2018,16,5,7,491,12
Idaho,2018,16,2,2,67,4
Illinois,2018,16,2,28,283,30
Indiana,2018,16,3,20,232,23
Iowa,2018,16,7,19,225,26
Kansas,2018,16,0,1,60,1
Kentucky,2018,16,2,11,384,13
Louisiana,2018,16,3,2,274,5
Maine,2018,16,9,18,104,27
Maryland,2018,16,5,31,235,36
Massachusetts,2018,16,28,62,675,90
Michigan,2018,16,55,166,1421,221
Minnesota,2018,16,10,45,433,55
Mississippi,2018,16,0,0,21,0
Missouri,2018,16,7,14,615,21
Montana,2018,16,2,12,137,14
Nebraska,2018,16,10,4,118,14
Nevada,2018,16,1,1,16,2
New Mexico,2018,16,2,10,301,12
New York,2018,16,111,66,1916,177
North Carolina,2018,16,3,11,261,14
North Dakota,2018,16,5,21,114,26
Ohio,2018,16,90,228,2215,318
Oklahoma,2018,16,0,3,168,3
Oregon,2018,16,8,23,204,31
Pennsylvania,2018,16,9,17,360,26
South Carolina,2018,16,2,9,265,11
South Dakota,2018,16,1,1,35,2
Tennessee,2018,16,3,6,136,9
Texas,2018,16,1,20,1132,21
Utah,2018,16,8,10,504,18
Vermont,2018,16,11,24,223,35
Virginia,2018,16,25,37,440,62
Washington,2018,16,20,59,814,79
West Virginia,2018,16,6,39,674,45
Wisconsin,2018,16,18,206,1333,224
Alabama,2018,17,2,5,329,7
Arizona,2018,17,1,9,219,10
Arkansas,2018,17,0,1,77,1
California,2018,17,15,12,689,27
Colorado,2018,17,15,15,469,30
Connecticut,2018,17,7,28,535,35
Delaware,2018,17,2,2,62,4
Florida,2018,17,57,87,1681,144
Georgia,2018,17,4,10,480,14
Idaho,2018,17,0,3,39,3
Illinois,2018,17,2,19,240,21
Indiana,2018,17,4,6,177,10
Iowa,2018,17,3,8,211,11
Kansas,2018,17,0,2,52,2
Kentucky,2018,17,3,5,344,8
Louisiana,2018,17,2,1,273,3
Maine,2018,17,2,11,90,13
Maryland,2018,17,2,20,183,22
Massachusetts,2018,17,26,35,556,61
Michigan,2018,17,35,123,1249,158
Minnesota,2018,17,10,34,372,44
Mississippi,2018,17,0,0,20,0
Missouri,2018,17,4,10,510,14
Montana,2018,17,2,3,117,5
Nebraska,2018,17,10,3,114,13
Nevada,2018,17,1,0,12,1
New Mexico,2018,17,3,12,166,15
New York,2018,17,76,68,1728,144
North Carolina,2018,17,4,13,219,17
North Dakota,2018,17,8,11,112,19
Ohio,2018,17,62,169,1898,231
Oklahoma,2018,17,1,2,176,3
Oregon,2018,17,9,21,198,30
Pennsylvania,2018,17,7,14,295,21
South Carolina,2018,17,3,4,250,7
South Dakota,2018,17,0,1,43,1
Tennessee,2018,17,0,4,110,4
Texas,2018,17,6,13,1000,19
Utah,2018,17,7,11,445,18
Vermont,2018,17,8,15,157,23
Virginia,2018,17,5,13,452,18
Washington,2018,17,22,40,758,62
West Virginia,2018,17,3,55,582,58
Wisconsin,2018,17,17,133,1130,150
Alabama,2018,18,2,6,302,8
Arizona,2018,18,2,7,204,9
Arkansas,2018,18,0,0,58,0
California,2018,18,5,6,621,11
Colorado,2018,18,14,7,390,21
Connecticut,2018,18,3,10,447,13
Delaware,2018,18,2,2,49,4
Florida,2018,18,54,85,1604,139
Georgia,2018,18,3,4,447,7
Idaho,2018,18,0,1,37,1
Illinois,2018,18,4,14,190,18
Indiana,2018,18,2,4,162,6
Iowa,2018,18,1,5,148,6
Kansas,2018,18,1,0,62,1
Kentucky,2018,18,1,4,331,5
Louisiana,2018,18,0,1,208,1
Maine,2018,18,3,7,57,10
Maryland,2018,18,1,12,162,13
Massachusetts,2018,18,6,27,446,33
Michigan,2018,18,32,100,1111,132
Minnesota,2018,18,7,13,244,20
Mississippi,2018,18,0,1,23,1
Missouri,2018,18,6,12,464,18
Montana,2018,18,0,9,110,9
Nebraska,2018,18,6,4,93,10
Nevada,2018,18,0,1,11,1
New Mexico,2018,18,1,3,224,4
New York,2018,18,53,30,1609,83
North Carolina,2018,18,1,5,183,6
North Dakota,2018,18,7,9,104,16
Ohio,2018,18,54,112,1632,166
Oklahoma,2018,18,0,0,163,0
Oregon,2018,18,0,5,90,5
Pennsylvania,2018,18,11,15,298,26
South Carolina,2018,18,4,3,249,7
South Dakota,2018,18,2,0,42,2
Tennessee,2018,18,1,2,78,3
Texas,2018,18,3,10,891,13
Utah,2018,18,8,4,434,12
Vermont,2018,18,1,3,89,4
Virginia,2018,18,1,11,314,12
Washington,2018,18,9,15,655,24
West Virginia,2018,18,8,37,613,45
Wisconsin,2018,18,22,107,991,129
Alabama,2018,19,1,1,265,2
Arizona,2018,19,1,2,207,3
Arkansas,2018,19,0,0,61,0
California,2018,19,1,2,553,3
Colorado,2018,19,5,4,358,9
Connecticut,2018,19,1,5,336,6
Delaware,2018,19,1,0,26,1
Florida,2018,19,59,73,1577,132
Georgia,2018,19,2,6,375,8
Idaho,2018,19,0,0,32,0
Illinois,2018,19,2,7,205,9
Indiana,2018,19,0,2,131,2
Iowa,2018,19,1,5,138,6
Kansas,2018,19,0,0,47,0
Kentucky,2018,19,0,5,318,5
Louisiana,2018,19,2,3,213,5
Maine,2018,19,1,0,53,1
Maryland,2018,19,1,8,126,9
Massachusetts,2018,19,2,10,335,12
Michigan,2018,19,9,80,872,89
Minnesota,2018,19,3,8,252,11
Mississippi,2018,19,0,0,17,0
Missouri,2018,19,2,2,497,4
Montana,2018,19,2,3,99,5
Nebraska,2018,19,1,1,70,2
Nevada,2018,19,2,0,14,2
New Mexico,2018,19,1,3,213,4
New York,2018,19,31,34,1498,65
North Carolina,2018,19,0,3,145,3
North Dakota,2018,19,3,11,70,14
Ohio,2018,19,20,54,1310,74
Oklahoma,2018,19,0,1,153,1
Oregon,2018,19,0,3,75,3
Pennsylvania,2018,19,3,5,234,8
South Carolina,2018,19,1,5,225,6
South Dakota,2018,19,0,0,41,0
Tennessee,2018,19,2,5,85,7
Texas,2018,19,5,5,777,10
Utah,2018,19,3,2,402,5
Vermont,2018,19,0,4,87,4
Virginia,2018,19,0,3,217,3
Washington,2018,19,8,14,532,22
West Virginia,2018,19,3,20,502,23
Wisconsin,2018,19,10,55,893,65
Alabama,2018,20,0,0,243,0
Arizona,2018,20,0,0,160,0
Arkansas,2018,20,0,0,50,0
California,2018,20,2,5,519,7
Colorado,2018,20,3,3,325,6
Connecticut,2018,20,1,3,364,4
Delaware,2018,20,0,0,23,0
Florida,2018,20,69,52,1485,121
Georgia,2018,20,2,6,353,8
Idaho,2018,20,0,1,23,1
Illinois,2018,20,1,3,147,4
Indiana,2018,20,2,2,132,4
Iowa,2018,20,0,0,97,0
Kansas,2018,20,0,0,43,0
Kentucky,2018,20,0,1,305,1
Louisiana,2018,20,0,1,189,1
Maine,2018,20,3,2,29,5
Maryland,2018,20,8,15,140,23
Massachusetts,2018,20,8,5,316,13
Michigan,2018,20,4,24,700,28
Minnesota,2018,20,0,7,190,7
Mississippi,2018,20,0,0,12,0
Missouri,2018,20,2,1,411,3
Montana,2018,20,0,0,67,0
Nebraska,2018,20,0,0,69,0
Nevada,2018,20,0,1,14,1
New Mexico,2018,20,0,0,172,0
New York,2018,20,22,13,1360,35
North Carolina,2018,20,1,0,167,1
North Dakota,2018,20,3,5,87,8
Ohio,2018,20,19,20,1083,39
Oklahoma,2018,20,0,0,147,0
Oregon,2018,20,1,0,47,1
Pennsylvania,2018,20,1,3,208,4
South Carolina,2018,20,0,1,173,1
South Dakota,2018,20,0,1,40,1
Tennessee,2018,20,2,4,79,6
Texas,2018,20,4,7,685,11
Utah,2018,20,1,2,366,3
Vermont,2018,20,0,0,42,0
Virginia,2018,20,0,0,163,0
Washington,2018,20,3,4,428,7
West Virginia,2018,20,3,12,456,15
Wisconsin,2018,20,7,25,587,32
Alabama,2018,21,0,0,248,0
Arizona,2018,21,0,2,135,2
Arkansas,2018,21,1,0,68,1
California,2018,21,5,3,430,8
Colorado,2018,21,0,3,272,3
Connecticut,2018,21,3,2,297,5
Delaware,2018,21,0,0,14,0
Florida,2018,21,61,61,1548,122
Georgia,2018,21,0,4,294,4
Illinois,2018,21,1,2,135,3
Indiana,2018,21,0,0,95,0
Iowa,2018,21,0,0,76,0
Kansas,2018,21,0,0,45,0
Kentucky,2018,21,1,0,265,1
Louisiana,2018,21,1,1,122,2
Maine,2018,21,1,0,19,1
Maryland,2018,21,1,0,38,1
Massachusetts,2018,21,3,1,276,4
Michigan,2018,21,1,12,589,13
Minnesota,2018,21,2,7,234,9
Mississippi,2018,21,0,0,11,0
Missouri,2018,21,1,4,384,5
Montana,2018,21,0,0,72,0
Nebraska,2018,21,0,0,80,0
New Mexico,2018,21,0,1,115,1
New York,2018,21,11,3,1209,14
North Carolina,2018,21,0,4,178,4
North Dakota,2018,21,0,1,47,1
Ohio,2018,21,10,12,973,22
Oklahoma,2018,21,0,0,142,0
Oregon,2018,21,1,2,66,3
Pennsylvania,2018,21,2,3,197,5
South Carolina,2018,21,0,0,159,0
South Dakota,2018,21,0,0,45,0
Tennessee,2018,21,0,4,64,4
Texas,2018,21,0,3,653,3
Utah,2018,21,2,1,374,3
Vermont,2018,21,1,0,40,1
Virginia,2018,21,0,0,162,0
Washington,2018,21,3,4,396,7
West Virginia,2018,21,0,6,438,6
Wisconsin,2018,21,2,7,465,9
Alabama,2018,22,0,0,207,0
Arizona,2018,22,0,5,157,5
Arkansas,2018,22,0,0,45,0
California,2018,22,2,0,407,2
Colorado,2018,22,0,1,235,1
Connecticut,2018,22,0,3,284,3
Delaware,2018,22,0,0,15,0
Florida,2018,22,47,48,1474,95
Georgia,2018,22,1,5,313,6
Illinois,2018,22,0,1,120,1
Indiana,2018,22,0,0,93,0
Iowa,2018,22,0,0,74,0
Kentucky,2018,22,0,0,228,0
Louisiana,2018,22,1,0,115,1
Maryland,2018,22,0,0,46,0
Massachusetts,2018,22,1,0,261,1
Michigan,2018,22,0,3,497,3
Minnesota,2018,22,0,6,201,6
Missouri,2018,22,0,0,393,0
Montana,2018,22,0,0,55,0
Nebraska,2018,22,0,0,62,0
New Mexico,2018,22,0,0,125,0
New York,2018,22,10,1,1166,11
North Carolina,2018,22,0,0,147,0
North Dakota,2018,22,0,1,48,1
Ohio,2018,22,0,0,893,0
Oklahoma,2018,22,0,0,130,0
Oregon,2018,22,0,0,41,0
Pennsylvania,2018,22,1,1,80,2
South Carolina,2018,22,0,1,174,1
South Dakota,2018,22,0,0,26,0
Tennessee,2018,22,0,3,62,3
Texas,2018,22,3,1,622,4
Utah,2018,22,3,1,329,4
Vermont,2018,22,0,0,32,0
Virginia,2018,22,1,0,143,1
Washington,2018,22,0,1,328,1
West Virginia,2018,22,0,1,367,1
Wisconsin,2018,22,1,2,500,3
Alabama,2018,23,2,0,167,2
Arizona,2018,23,0,4,131,4
Arkansas,2018,23,0,1,60,1
California,2018,23,0,7,402,7
Colorado,2018,23,0,0,232,0
Connecticut,2018,23,0,1,254,1
Florida,2018,23,46,43,1267,89
Georgia,2018,23,0,2,248,2
Illinois,2018,23,0,2,94,2
Indiana,2018,23,2,1,92,3
Iowa,2018,23,0,0,88,0
Kansas,2018,23,0,0,42,0
Kentucky,2018,23,0,0,238,0
Louisiana,2018,23,0,0,101,0
Maryland,2018,23,1,0,86,1
Massachusetts,2018,23,1,1,218,2
Michigan,2018,23,2,1,383,3
Minnesota,2018,23,0,2,140,2
Missouri,2018,23,0,0,357,0
Montana,2018,23,0,0,77,0
Nebraska,2018,23,0,0,54,0
New Mexico,2018,23,0,1,111,1
New York,2018,23,3,1,1139,4
North Carolina,2018,23,0,0,137,0
North Dakota,2018,23,1,0,40,1
Ohio,2018,23,5,2,674,7
Oklahoma,2018,23,0,0,118,0
Oregon,2018,23,0,0,64,0
Pennsylvania,2018,23,0,0,30,0
South Carolina,2018,23,1,0,164,1
South Dakota,2018,23,0,0,31,0
Tennessee,2018,23,0,3,41,3
Texas,2018,23,3,2,591,5
Utah,2018,23,0,0,354,0
Vermont,2018,23,0,0,19,0
Virginia,2018,23,0,1,146,1
Washington,2018,23,4,0,358,4
West Virginia,2018,23,0,1,282,1
Wisconsin,2018,23,0,0,418,0
Alabama,2018,24,0,0,157,0
Arizona,2018,24,0,3,107,3
Arkansas,2018,24,0,0,41,0
California,2018,24,0,1,350,1
Colorado,2018,24,1,0,217,1
Connecticut,2018,24,0,1,258,1
Florida,2018,24,41,49,1155,90
Georgia,2018,24,0,3,230,3
Illinois,2018,24,0,0,87,0
Indiana,2018,24,1,0,73,1
Iowa,2018,24,0,0,99,0
Kansas,2018,24,0,0,32,0
Kentucky,2018,24,0,0,208,0
Louisiana,2018,24,0,0,93,0
Maryland,2018,24,0,0,68,0
Massachusetts,2018,24,0,0,214,0
Michigan,2018,24,0,0,339,0
Minnesota,2018,24,0,0,124,0
Missouri,2018,24,0,0,305,0
Montana,2018,24,0,0,61,0
Nebraska,2018,24,0,0,37,0
New Mexico,2018,24,0,0,74,0
New York,2018,24,1,0,1070,1
North Carolina,2018,24,0,0,126,0
North Dakota,2018,24,0,0,21,0
Ohio,2018,24,1,2,653,3
Oklahoma,2018,24,0,0,115,0
Oregon,2018,24,0,0,18,0
Pennsylvania,2018,24,0,0,55,0
South Carolina,2018,24,0,0,154,0
South Dakota,2018,24,0,0,48,0
Tennessee,2018,24,0,1,43,1
Texas,2018,24,1,1,581,2
Utah,2018,24,2,1,302,3
Vermont,2018,24,0,0,11,0
Virginia,2018,24,0,0,150,0
Washington,2018,24,0,1,347,1
West Virginia,2018,24,0,2,332,2
Wisconsin,2018,24,0,0,386,0
Alabama,2018,25,0,0,139,0
Arizona,2018,25,0,1,103,1
Arkansas,2018,25,1,0,41,1
California,2018,25,1,0,362,1
Colorado,2018,25,0,0,181,0
Connecticut,2018,25,0,0,247,0
Delaware,2018,25,0,0,21,0
Florida,2018,25,38,28,1093,66
Georgia,2018,25,0,0,209,0
Illinois,2018,25,0,0,97,0
Indiana,2018,25,0,0,93,0
Iowa,2018,25,0,0,82,0
Kansas,2018,25,0,0,37,0
Kentucky,2018,25,0,0,227,0
Louisiana,2018,25,0,0,99,0
Maryland,2018,25,0,0,76,0
Massachusetts,2018,25,0,0,169,0
Michigan,2018,25,0,0,288,0
Minnesota,2018,25,4,0,151,4
Missouri,2018,25,0,0,300,0
Montana,2018,25,0,0,63,0
Nebraska,2018,25,0,0,52,0
New Mexico,2018,25,0,0,91,0
New York,2018,25,0,0,997,0
North Carolina,2018,25,1,0,104,1
North Dakota,2018,25,1,0,27,1
Ohio,2018,25,0,1,576,1
Oklahoma,2018,25,0,0,94,0
Oregon,2018,25,0,0,58,0
Pennsylvania,2018,25,0,0,52,0
South Carolina,2018,25,0,0,128,0
South Dakota,2018,25,0,0,41,0
Tennessee,2018,25,0,1,31,1
Texas,2018,25,3,3,486,6
Utah,2018,25,0,2,310,2
Vermont,2018,25,0,0,16,0
Virginia,2018,25,0,0,162,0
Washington,2018,25,0,0,320,0
West Virginia,2018,25,0,0,316,0
Wisconsin,2018,25,0,0,364,0
Alabama,2018,26,1,0,140,1
Arizona,2018,26,0,0,100,0
Arkansas,2018,26,0,0,51,0
California,2018,26,1,0,216,1
Colorado,2018,26,0,0,180,0
Connecticut,2018,26,2,0,227,2
Delaware,2018,26,0,0,20,0
Florida,2018,26,40,20,1006,60
Georgia,2018,26,0,1,203,1
Illinois,2018,26,2,0,75,2
Indiana,2018,26,1,0,76,1
Iowa,2018,26,1,0,60,1
Kansas,2018,26,0,0,26,0
Kentucky,2018,26,0,0,222,0
Louisiana,2018,26,0,0,80,0
Maryland,2018,26,0,1,64,1
Massachusetts,2018,26,0,0,60,0
Michigan,2018,26,0,0,298,0
Minnesota,2018,26,0,0,126,0
Missouri,2018,26,0,1,404,1
Montana,2018,26,0,0,62,0
Nebraska,2018,26,0,0,32,0
New Mexico,2018,26,0,0,56,0
New York,2018,26,1,0,859,1
North Carolina,2018,26,0,0,99,0
North Dakota,2018,26,0,0,21,0
Ohio,2018,26,1,1,577,2
Oklahoma,2018,26,0,0,92,0
Pennsylvania,2018,26,0,0,32,0
South Carolina,2018,26,0,0,116,0
South Dakota,2018,26,0,0,30,0
Tennessee,2018,26,1,1,26,2
Texas,2018,26,3,2,519,5
Utah,2018,26,1,1,292,2
Vermont,2018,26,0,0,12,0
Virginia,2018,26,0,0,156,0
Washington,2018,26,1,0,309,1
West Virginia,2018,26,0,1,292,1
Wisconsin,2018,26,0,0,330,0
Alabama,2018,27,0,0,130,0
Arizona,2018,27,0,0,88,0
Arkansas,2018,27,0,0,43,0
California,2018,27,0,1,283,1
Colorado,2018,27,1,0,152,1
Connecticut,2018,27,0,0,179,0
Delaware,2018,27,0,0,35,0
Florida,2018,27,33,11,917,44
Georgia,2018,27,3,2,184,5
Illinois,2018,27,1,0,79,1
Indiana,2018,27,0,0,71,0
Iowa,2018,27,0,0,57,0
Kentucky,2018,27,0,0,191,0
Louisiana,2018,27,1,0,63,1
Maryland,2018,27,0,1,49,1
Massachusetts,2018,27,0,0,131,0
Michigan,2018,27,0,0,252,0
Minnesota,2018,27,0,0,106,0
Missouri,2018,27,0,1,186,1
Montana,2018,27,0,0,68,0
Nebraska,2018,27,0,0,58,0
New Mexico,2018,27,0,0,56,0
New York,2018,27,0,0,812,0
North Carolina,2018,27,0,0,80,0
North Dakota,2018,27,0,0,23,0
Ohio,2018,27,0,1,410,1
Oklahoma,2018,27,0,1,100,1
Pennsylvania,2018,27,0,0,74,0
South Carolina,2018,27,0,1,99,1
South Dakota,2018,27,0,0,31,0
Tennessee,2018,27,0,0,29,0
Texas,2018,27,0,1,405,1
Utah,2018,27,2,0,261,2
Vermont,2018,27,0,0,12,0
Virginia,2018,27,0,0,144,0
Washington,2018,27,1,0,230,1
West Virginia,2018,27,1,2,259,3
Wisconsin,2018,27,0,0,307,0
Alabama,2018,28,0,0,131,0
Arizona,2018,28,1,0,90,1
Arkansas,2018,28,0,0,40,0
California,2018,28,1,0,193,1
Colorado,2018,28,1,0,177,1
Connecticut,2018,28,0,0,178,0
Delaware,2018,28,0,0,18,0
Florida,2018,28,29,9,807,38
Georgia,2018,28,4,1,189,5
Illinois,2018,28,0,0,73,0
Indiana,2018,28,0,0,82,0
Iowa,2018,28,1,0,75,1
Kansas,2018,28,0,0,29,0
Kentucky,2018,28,1,0,215,1
Louisiana,2018,28,1,0,82,1
Maryland,2018,28,0,0,47,0
Massachusetts,2018,28,0,0,125,0
Michigan,2018,28,0,0,233,0
Minnesota,2018,28,0,0,127,0
Missouri,2018,28,0,0,325,0
Montana,2018,28,0,0,62,0
Nebraska,2018,28,0,0,31,0
New Mexico,2018,28,0,0,53,0
New York,2018,28,3,0,879,3
North Carolina,2018,28,0,0,78,0
North Dakota,2018,28,0,0,23,0
Ohio,2018,28,1,1,457,2
Oklahoma,2018,28,0,0,88,0
Oregon,2018,28,1,2,15,3
Pennsylvania,2018,28,2,0,59,2
South Carolina,2018,28,0,0,88,0
South Dakota,2018,28,0,0,29,0
Tennessee,2018,28,0,0,15,0
Texas,2018,28,0,0,433,0
Utah,2018,28,0,0,232,0
Vermont,2018,28,1,0,14,1
Virginia,2018,28,0,0,162,0
Washington,2018,28,1,0,245,1
West Virginia,2018,28,0,0,283,0
Wisconsin,2018,28,0,0,311,0
Alabama,2018,29,0,0,42,0
Arizona,2018,29,0,0,84,0
Arkansas,2018,29,1,0,51,1
California,2018,29,0,0,232,0
Colorado,2018,29,0,0,168,0
Connecticut,2018,29,0,0,188,0
Delaware,2018,29,0,0,17,0
Florida,2018,29,30,13,841,43
Georgia,2018,29,0,0,183,0
Illinois,2018,29,0,0,49,0
Indiana,2018,29,1,0,74,1
Iowa,2018,29,0,0,65,0
Kansas,2018,29,0,0,29,0
Kentucky,2018,29,1,0,202,1
Louisiana,2018,29,2,0,84,2
Maryland,2018,29,0,0,46,0
Massachusetts,2018,29,0,0,117,0
Michigan,2018,29,0,0,271,0
Minnesota,2018,29,0,0,104,0
Missouri,2018,29,0,0,277,0
Montana,2018,29,0,0,56,0
Nebraska,2018,29,0,0,45,0
New Mexico,2018,29,0,0,52,0
New York,2018,29,2,0,857,2
North Carolina,2018,29,0,0,77,0
North Dakota,2018,29,0,0,23,0
Ohio,2018,29,5,0,523,5
Oklahoma,2018,29,1,0,85,1
Oregon,2018,29,0,0,17,0
Pennsylvania,2018,29,1,0,72,1
South Carolina,2018,29,1,0,108,1
South Dakota,2018,29,0,0,38,0
Tennessee,2018,29,0,0,16,0
Texas,2018,29,1,0,390,1
Utah,2018,29,2,0,221,2
Virginia,2018,29,0,0,138,0
Washington,2018,29,3,1,214,4
West Virginia,2018,29,1,1,286,2
Wisconsin,2018,29,0,0,326,0
Alabama,2018,30,0,0,101,0
Arizona,2018,30,0,0,104,0
Arkansas,2018,30,0,0,50,0
California,2018,30,2,0,207,2
Colorado,2018,30,1,0,169,1
Connecticut,2018,30,0,0,194,0
Delaware,2018,30,0,0,26,0
Florida,2018,30,26,13,788,39
Georgia,2018,30,1,1,214,2
Illinois,2018,30,0,0,72,0
Indiana,2018,30,0,0,63,0
Iowa,2018,30,0,0,91,0
Kansas,2018,30,0,0,34,0
Kentucky,2018,30,0,0,198,0
Louisiana,2018,30,1,0,77,1
Maryland,2018,30,0,0,30,0
Massachusetts,2018,30,2,1,110,3
Michigan,2018,30,0,0,238,0
Minnesota,2018,30,0,0,114,0
Missouri,2018,30,1,0,258,1
Montana,2018,30,0,0,59,0
Nebraska,2018,30,0,0,49,0
New Mexico,2018,30,0,0,58,0
New York,2018,30,2,0,818,2
North Carolina,2018,30,0,0,49,0
North Dakota,2018,30,0,0,15,0
Ohio,2018,30,5,1,506,6
Oklahoma,2018,30,1,0,80,1
Oregon,2018,30,0,0,13,0
Pennsylvania,2018,30,0,0,49,0
South Carolina,2018,30,1,0,100,1
South Dakota,2018,30,0,0,29,0
Texas,2018,30,1,0,410,1
Utah,2018,30,0,0,267,0
Virginia,2018,30,0,0,127,0
Washington,2018,30,2,1,206,3
West Virginia,2018,30,1,0,279,1
Wisconsin,2018,30,0,1,326,1
Alabama,2018,31,0,0,96,0
Arizona,2018,31,0,0,86,0
Arkansas,2018,31,0,0,31,0
California,2018,31,3,0,212,3
Colorado,2018,31,0,0,143,0
Connecticut,2018,31,0,0,188,0
Delaware,2018,31,1,0,20,1
Florida,2018,31,28,10,754,38
Georgia,2018,31,0,1,205,1
Illinois,2018,31,0,0,52,0
Indiana,2018,31,0,0,80,0
Iowa,2018,31,0,0,73,0
Kansas,2018,31,0,0,29,0
Kentucky,2018,31,1,0,175,1
Louisiana,2018,31,2,0,67,2
Maryland,2018,31,0,0,25,0
Massachusetts,2018,31,0,0,108,0
Michigan,2018,31,0,0,190,0
Minnesota,2018,31,0,0,119,0
Missouri,2018,31,0,1,240,1
Montana,2018,31,0,0,67,0
Nebraska,2018,31,0,0,30,0
New Mexico,2018,31,0,0,60,0
New York,2018,31,1,0,755,1
North Carolina,2018,31,0,0,86,0
North Dakota,2018,31,0,0,18,0
Ohio,2018,31,1,0,474,1
Oklahoma,2018,31,0,1,85,1
Oregon,2018,31,0,0,25,0
Pennsylvania,2018,31,0,0,53,0
South Carolina,2018,31,0,1,122,1
South Dakota,2018,31,0,0,26,0
Tennessee,2018,31,0,0,18,0
Texas,2018,31,1,0,387,1
Utah,2018,31,0,0,270,0
Virginia,2018,31,0,0,103,0
Washington,2018,31,0,1,151,1
West Virginia,2018,31,2,1,236,3
Wisconsin,2018,31,3,0,283,3
Alabama,2018,32,1,0,119,1
Arizona,2018,32,0,0,100,0
Arkansas,2018,32,0,0,42,0
California,2018,32,3,0,219,3
Colorado,2018,32,0,0,163,0
Connecticut,2018,32,0,0,181,0
Delaware,2018,32,1,0,24,1
Florida,2018,32,27,14,794,41
Georgia,2018,32,2,1,240,3
Illinois,2018,32,0,0,98,0
Indiana,2018,32,0,0,61,0
Iowa,2018,32,0,0,67,0
Kansas,2018,32,0,0,39,0
Kentucky,2018,32,0,0,181,0
Louisiana,2018,32,0,0,86,0
Maryland,2018,32,0,0,29,0
Massachusetts,2018,32,0,0,126,0
Michigan,2018,32,0,0,185,0
Minnesota,2018,32,0,0,97,0
Mississippi,2018,32,0,0,10,0
Missouri,2018,32,1,1,308,2
Montana,2018,32,0,1,64,1
Nebraska,2018,32,0,0,57,0
New Mexico,2018,32,0,0,64,0
New York,2018,32,1,0,851,1
North Carolina,2018,32,0,0,71,0
North Dakota,2018,32,0,0,21,0
Ohio,2018,32,2,0,524,2
Oklahoma,2018,32,0,0,96,0
Oregon,2018,32,0,0,28,0
Pennsylvania,2018,32,0,0,40,0
South Carolina,2018,32,0,0,121,0
South Dakota,2018,32,0,0,46,0
Tennessee,2018,32,0,0,12,0
Texas,2018,32,1,3,396,4
Utah,2018,32,2,1,257,3
Vermont,2018,32,0,0,12,0
Virginia,2018,32,0,0,128,0
Washington,2018,32,2,0,189,2
West Virginia,2018,32,0,0,217,0
Wisconsin,2018,32,0,0,287,0
Alabama,2018,33,0,0,125,0
Arizona,2018,33,1,0,133,1
Arkansas,2018,33,0,0,46,0
California,2018,33,2,0,225,2
Colorado,2018,33,0,0,162,0
Connecticut,2018,33,0,0,175,0
Delaware,2018,33,0,0,25,0
Florida,2018,33,22,13,766,35
Georgia,2018,33,1,3,294,4
Illinois,2018,33,0,0,84,0
Indiana,2018,33,0,0,82,0
Iowa,2018,33,0,0,88,0
Kansas,2018,33,0,0,29,0
Kentucky,2018,33,0,0,210,0
Louisiana,2018,33,2,0,110,2
Maryland,2018,33,0,0,35,0
Massachusetts,2018,33,0,0,116,0
Michigan,2018,33,0,0,230,0
Minnesota,2018,33,0,0,107,0
Mississippi,2018,33,0,1,18,1
Missouri,2018,33,0,0,350,0
Montana,2018,33,0,0,76,0
Nebraska,2018,33,0,0,48,0
New Mexico,2018,33,0,0,93,0
New York,2018,33,0,0,803,0
North Carolina,2018,33,0,0,82,0
North Dakota,2018,33,0,0,17,0
Ohio,2018,33,0,0,554,0
Oklahoma,2018,33,0,0,121,0
Oregon,2018,33,0,0,19,0
Pennsylvania,2018,33,0,0,46,0
South Carolina,2018,33,1,0,103,1
South Dakota,2018,33,0,0,41,0
Tennessee,2018,33,0,0,18,0
Texas,2018,33,3,0,409,3
Utah,2018,33,2,0,213,2
Vermont,2018,33,0,0,15,0
Virginia,2018,33,0,0,122,0
Washington,2018,33,0,0,183,0
West Virginia,2018,33,0,0,240,0
Wisconsin,2018,33,2,1,308,3
Alabama,2018,34,2,0,264,2
Arizona,2018,34,0,0,141,0
Arkansas,2018,34,0,0,66,0
California,2018,34,0,0,213,0
Colorado,2018,34,0,1,174,1
Connecticut,2018,34,0,0,185,0
Delaware,2018,34,0,0,22,0
Florida,2018,34,49,12,916,61
Georgia,2018,34,1,9,388,10
Illinois,2018,34,0,0,68,0
Indiana,2018,34,0,0,98,0
Iowa,2018,34,0,0,95,0
Kansas,2018,34,0,0,45,0
Kentucky,2018,34,0,0,212,0
Louisiana,2018,34,3,0,110,3
Maryland,2018,34,0,0,52,0
Massachusetts,2018,34,0,0,131,0
Michigan,2018,34,0,0,242,0
Minnesota,2018,34,1,0,112,1
Mississippi,2018,34,0,0,15,0
Missouri,2018,34,0,0,374,0
Montana,2018,34,0,0,61,0
Nebraska,2018,34,0,0,56,0
New Mexico,2018,34,0,0,91,0
New York,2018,34,0,0,860,0
North Carolina,2018,34,0,0,71,0
North Dakota,2018,34,0,0,17,0
Ohio,2018,34,9,3,488,12
Oklahoma,2018,34,0,0,102,0
Pennsylvania,2018,34,0,0,70,0
South Carolina,2018,34,1,0,105,1
South Dakota,2018,34,0,0,46,0
Tennessee,2018,34,0,0,26,0
Texas,2018,34,2,1,480,3
Utah,2018,34,0,0,277,0
Virginia,2018,34,0,0,135,0
Washington,2018,34,2,1,234,3
West Virginia,2018,34,0,0,244,0
Wisconsin,2018,34,4,0,327,4
Alabama,2018,35,5,3,261,8
Arizona,2018,35,1,0,148,1
Arkansas,2018,35,0,0,87,0
California,2018,35,0,0,230,0
Colorado,2018,35,0,0,216,0
Connecticut,2018,35,0,0,160,0
Delaware,2018,35,0,0,34,0
Florida,2018,35,83,17,1246,100
Georgia,2018,35,1,5,445,6
Illinois,2018,35,0,0,93,0
Indiana,2018,35,0,0,80,0
Iowa,2018,35,0,0,102,0
Kansas,2018,35,0,0,43,0
Kentucky,2018,35,0,0,267,0
Louisiana,2018,35,1,0,150,1
Maryland,2018,35,0,0,41,0
Massachusetts,2018,35,0,0,117,0
Michigan,2018,35,0,0,250,0
Minnesota,2018,35,1,0,115,1
Mississippi,2018,35,0,0,14,0
Missouri,2018,35,0,0,416,0
Montana,2018,35,0,0,54,0
Nebraska,2018,35,0,0,71,0
New Mexico,2018,35,0,0,107,0
New York,2018,35,1,0,807,1
North Carolina,2018,35,0,0,95,0
North Dakota,2018,35,0,0,20,0
Ohio,2018,35,1,1,600,2
Oklahoma,2018,35,1,0,131,1
Oregon,2018,35,0,0,43,0
Pennsylvania,2018,35,0,1,68,1
South Carolina,2018,35,0,0,154,0
South Dakota,2018,35,0,0,34,0
Tennessee,2018,35,0,0,32,0
Texas,2018,35,1,3,570,4
Utah,2018,35,0,0,298,0
Virginia,2018,35,0,0,102,0
Washington,2018,35,1,0,245,1
West Virginia,2018,35,0,1,317,1
Wisconsin,2018,35,0,0,278,0
Alabama,2018,36,1,0,276,1
Arizona,2018,36,0,1,133,1
Arkansas,2018,36,0,0,84,0
California,2018,36,0,1,269,1
Colorado,2018,36,0,0,252,0
Connecticut,2018,36,0,0,187,0
Delaware,2018,36,1,0,55,1
Florida,2018,36,84,26,1405,110
Georgia,2018,36,1,4,481,5
Illinois,2018,36,0,0,112,0
Indiana,2018,36,1,0,89,1
Iowa,2018,36,0,0,126,0
Kansas,2018,36,0,0,51,0
Kentucky,2018,36,0,0,256,0
Louisiana,2018,36,3,0,167,3
Maryland,2018,36,0,0,45,0
Massachusetts,2018,36,1,0,151,1
Michigan,2018,36,0,0,272,0
Minnesota,2018,36,6,0,153,6
Mississippi,2018,36,0,1,25,1
Missouri,2018,36,0,0,449,0
Montana,2018,36,0,0,69,0
Nebraska,2018,36,0,0,61,0
New Mexico,2018,36,0,0,109,0
New York,2018,36,3,0,810,3
North Carolina,2018,36,0,0,126,0
North Dakota,2018,36,1,0,32,1
Ohio,2018,36,1,1,777,2
Oklahoma,2018,36,0,0,122,0
Oregon,2018,36,0,0,20,0
Pennsylvania,2018,36,0,0,65,0
South Carolina,2018,36,2,0,143,2
South Dakota,2018,36,0,0,55,0
Tennessee,2018,36,0,1,30,1
Texas,2018,36,5,15,751,20
Utah,2018,36,0,0,291,0
Virginia,2018,36,0,0,131,0
Washington,2018,36,4,1,268,5
West Virginia,2018,36,1,1,344,2
Wisconsin,2018,36,2,0,362,2
Alabama,2018,37,2,1,321,3
Arizona,2018,37,0,0,176,0
Arkansas,2018,37,0,0,100,0
California,2018,37,2,1,324,3
Colorado,2018,37,0,0,266,0
Connecticut,2018,37,0,0,217,0
Delaware,2018,37,4,0,60,4
Florida,2018,37,112,28,1574,140
Georgia,2018,37,3,5,495,8
Illinois,2018,37,2,0,123,2
Indiana,2018,37,0,0,119,0
Iowa,2018,37,0,0,166,0
Kansas,2018,37,0,0,55,0
Kentucky,2018,37,0,0,281,0
Louisiana,2018,37,1,0,131,1
Maryland,2018,37,0,0,63,0
Massachusetts,2018,37,0,0,251,0
Michigan,2018,37,1,0,416,1
Minnesota,2018,37,4,0,196,4
Mississippi,2018,37,0,0,36,0
Missouri,2018,37,2,0,558,2
Montana,2018,37,1,0,63,1
Nebraska,2018,37,0,0,100,0
New Mexico,2018,37,0,0,140,0
New York,2018,37,0,0,1218,0
North Carolina,2018,37,1,0,149,1
North Dakota,2018,37,0,0,61,0
Ohio,2018,37,5,2,900,7
Oklahoma,2018,37,0,0,153,0
Oregon,2018,37,0,0,48,0
Pennsylvania,2018,37,1,0,123,1
South Carolina,2018,37,2,1,138,3
South Dakota,2018,37,0,0,79,0
Tennessee,2018,37,0,1,46,1
Texas,2018,37,3,6,965,9
Utah,2018,37,1,0,373,1
Vermont,2018,37,0,0,12,0
Virginia,2018,37,0,0,133,0
Washington,2018,37,4,1,378,5
West Virginia,2018,37,0,2,383,2
Wisconsin,2018,37,2,0,458,2
Alabama,2018,38,4,0,346,4
Arizona,2018,38,0,0,169,0
Arkansas,2018,38,0,0,87,0
California,2018,38,0,1,285,1
Colorado,2018,38,0,0,244,0
Connecticut,2018,38,0,0,258,0
Delaware,2018,38,0,0,107,0
Florida,2018,38,107,33,1629,140
Georgia,2018,38,1,4,579,5
Illinois,2018,38,0,0,133,0
Indiana,2018,38,0,0,113,0
Iowa,2018,38,0,0,175,0
Kansas,2018,38,0,1,69,1
Kentucky,2018,38,0,0,292,0
Louisiana,2018,38,2,0,173,2
Maryland,2018,38,1,0,79,1
Massachusetts,2018,38,0,0,319,0
Michigan,2018,38,1,1,580,2
Minnesota,2018,38,2,0,255,2
Mississippi,2018,38,0,0,25,0
Missouri,2018,38,6,1,562,7
Montana,2018,38,0,0,78,0
Nebraska,2018,38,0,0,62,0
Nevada,2018,38,0,0,10,0
New Mexico,2018,38,0,0,156,0
New York,2018,38,4,1,1170,5
North Carolina,2018,38,0,0,184,0
North Dakota,2018,38,0,0,57,0
Ohio,2018,38,8,6,998,14
Oklahoma,2018,38,0,1,151,1
Oregon,2018,38,1,1,54,2
Pennsylvania,2018,38,1,0,121,1
South Carolina,2018,38,0,1,222,1
South Dakota,2018,38,0,0,59,0
Tennessee,2018,38,1,1,67,2
Texas,2018,38,9,9,1104,18
Utah,2018,38,1,0,327,1
Vermont,2018,38,0,0,23,0
Virginia,2018,38,0,0,174,0
Washington,2018,38,6,1,451,7
West Virginia,2018,38,0,2,402,2
Wisconsin,2018,38,0,1,587,1
Alabama,2018,39,2,1,333,3
Arizona,2018,39,0,0,137,0
Arkansas,2018,39,0,0,75,0
California,2018,39,4,0,355,4
Colorado,2018,39,0,0,282,0
Connecticut,2018,39,4,0,352,4
Delaware,2018,39,1,0,135,1
Florida,2018,39,104,24,1669,128
Georgia,2018,39,4,6,611,10
Illinois,2018,39,1,0,135,1
Indiana,2018,39,1,1,170,2
Iowa,2018,39,0,0,173,0
Kansas,2018,39,0,0,71,0
Kentucky,2018,39,0,0,289,0
Louisiana,2018,39,1,0,190,1
Maryland,2018,39,1,0,102,1
Massachusetts,2018,39,2,1,397,3
Michigan,2018,39,2,0,683,2
Minnesota,2018,39,2,0,241,2
Mississippi,2018,39,0,1,46,1
Missouri,2018,39,2,0,615,2
Montana,2018,39,1,0,99,1
Nebraska,2018,39,0,0,79,0
New Mexico,2018,39,0,0,196,0
New York,2018,39,4,3,1452,7
North Carolina,2018,39,0,2,179,2
North Dakota,2018,39,0,0,88,0
Ohio,2018,39,9,3,1152,12
Oklahoma,2018,39,1,1,153,2
Oregon,2018,39,0,0,77,0
Pennsylvania,2018,39,0,0,174,0
South Carolina,2018,39,2,0,259,2
South Dakota,2018,39,0,0,93,0
Tennessee,2018,39,0,1,75,1
Texas,2018,39,5,3,1107,8
Utah,2018,39,2,0,357,2
Vermont,2018,39,0,0,14,0
Virginia,2018,39,1,0,211,1
Washington,2018,39,3,5,541,8
West Virginia,2018,39,2,0,406,2
Wisconsin,2018,39,1,0,675,1
Alabama,2018,40,2,2,455,4
Arizona,2018,40,0,0,183,0
Arkansas,2018,40,1,0,86,1
California,2018,40,2,1,409,3
Colorado,2018,40,0,0,366,0
Connecticut,2018,40,1,1,383,2
Delaware,2018,40,1,0,147,1
Florida,2018,40,157,32,1833,189
Georgia,2018,40,3,8,752,11
Idaho,2018,40,0,0,24,0
Illinois,2018,40,1,2,97,3
Indiana,2018,40,0,1,136,1
Iowa,2018,40,0,0,180,0
Kansas,2018,40,0,0,62,0
Kentucky,2018,40,1,0,377,1
Louisiana,2018,40,4,0,243,4
Maine,2018,40,0,0,41,0
Maryland,2018,40,0,1,148,1
Massachusetts,2018,40,1,0,426,1
Michigan,2018,40,0,2,751,2
Minnesota,2018,40,0,0,344,0
Mississippi,2018,40,0,0,53,0
Missouri,2018,40,3,0,617,3
Montana,2018,40,1,1,113,2
Nebraska,2018,40,0,0,83,0
Nevada,2018,40,0,0,15,0
New Mexico,2018,40,0,0,184,0
New York,2018,40,5,2,1454,7
North Carolina,2018,40,0,2,213,2
North Dakota,2018,40,1,0,89,1
Ohio,2018,40,5,1,1260,6
Oklahoma,2018,40,0,2,212,2
Oregon,2018,40,3,0,208,3
Pennsylvania,2018,40,2,0,216,2
South Carolina,2018,40,0,0,240,0
South Dakota,2018,40,0,0,78,0
Tennessee,2018,40,0,1,72,1
Texas,2018,40,10,10,1223,20
Utah,2018,40,2,0,352,2
Vermont,2018,40,0,0,37,0
Virginia,2018,40,0,0,224,0
Washington,2018,40,4,1,637,5
West Virginia,2018,40,0,0,446,0
Wisconsin,2018,40,1,0,672,1
Alabama,2018,41,5,2,467,7
Arizona,2018,41,1,0,180,1
Arkansas,2018,41,2,0,135,2
California,2018,41,4,1,410,5
Colorado,2018,41,2,0,407,2
Connecticut,2018,41,1,2,412,3
Delaware,2018,41,0,1,149,1
Florida,2018,41,134,30,1626,164
Georgia,2018,41,5,12,814,17
Idaho,2018,41,1,0,30,1
Illinois,2018,41,0,1,203,1
Indiana,2018,41,1,0,180,1
Iowa,2018,41,0,0,192,0
Kansas,2018,41,0,0,53,0
Kentucky,2018,41,0,0,384,0
Louisiana,2018,41,2,1,250,3
Maine,2018,41,0,0,35,0
Maryland,2018,41,1,1,143,2
Massachusetts,2018,41,0,0,443,0
Michigan,2018,41,6,1,757,7
Minnesota,2018,41,1,0,409,1
Mississippi,2018,41,0,0,57,0
Missouri,2018,41,0,0,658,0
Montana,2018,41,1,0,100,1
Nebraska,2018,41,0,0,108,0
New Mexico,2018,41,0,0,270,0
New York,2018,41,7,1,1999,8
North Carolina,2018,41,2,2,288,4
North Dakota,2018,41,0,0,82,0
Ohio,2018,41,6,4,1214,10
Oklahoma,2018,41,1,1,229,2
Oregon,2018,41,2,0,235,2
Pennsylvania,2018,41,2,1,230,3
South Carolina,2018,41,2,0,300,2
South Dakota,2018,41,1,0,86,1
Tennessee,2018,41,0,2,82,2
Texas,2018,41,12,14,1303,26
Utah,2018,41,3,0,375,3
Vermont,2018,41,1,0,47,1
Virginia,2018,41,0,0,265,0
Washington,2018,41,8,5,694,13
West Virginia,2018,41,1,0,457,1
Wisconsin,2018,41,0,0,850,0
Alabama,2018,42,6,1,569,7
Arizona,2018,42,0,3,210,3
Arkansas,2018,42,2,2,120,4
California,2018,42,5,2,457,7
Colorado,2018,42,3,0,440,3
Connecticut,2018,42,0,0,443,0
Delaware,2018,42,6,0,156,6
Florida,2018,42,228,45,2270,273
Georgia,2018,42,5,7,769,12
Idaho,2018,42,1,0,46,1
Illinois,2018,42,0,0,216,0
Indiana,2018,42,0,0,154,0
Iowa,2018,42,0,0,233,0
Kansas,2018,42,0,0,72,0
Kentucky,2018,42,1,1,383,2
Louisiana,2018,42,5,2,271,7
Maine,2018,42,0,0,48,0
Maryland,2018,42,1,0,163,1
Massachusetts,2018,42,1,0,494,1
Michigan,2018,42,2,0,858,2
Minnesota,2018,42,3,1,337,4
Mississippi,2018,42,0,1,56,1
Missouri,2018,42,3,0,736,3
Montana,2018,42,0,0,120,0
Nebraska,2018,42,0,0,103,0
Nevada,2018,42,0,0,18,0
New Mexico,2018,42,0,0,262,0
New York,2018,42,7,0,2068,7
North Carolina,2018,42,4,1,346,5
North Dakota,2018,42,1,0,116,1
Ohio,2018,42,3,4,1629,7
Oklahoma,2018,42,0,0,265,0
Oregon,2018,42,3,0,291,3
Pennsylvania,2018,42,1,0,268,1
South Carolina,2018,42,2,0,282,2
South Dakota,2018,42,0,0,98,0
Tennessee,2018,42,0,1,120,1
Texas,2018,42,12,15,1485,27
Utah,2018,42,0,0,399,0
Vermont,2018,42,0,0,81,0
Virginia,2018,42,1,0,284,1
Washington,2018,42,2,3,703,5
West Virginia,2018,42,1,2,444,3
Wisconsin,2018,42,2,0,870,2
Alabama,2018,43,6,4,451,10
Arizona,2018,43,0,0,238,0
Arkansas,2018,43,2,0,146,2
California,2018,43,3,0,431,3
Colorado,2018,43,1,1,485,2
Connecticut,2018,43,2,2,483,4
Delaware,2018,43,4,0,192,4
Florida,2018,43,232,51,2337,283
Georgia,2018,43,13,9,955,22
Idaho,2018,43,0,0,43,0
Illinois,2018,43,0,2,250,2
Indiana,2018,43,1,0,206,1
Iowa,2018,43,1,0,268,1
Kansas,2018,43,0,0,73,0
Kentucky,2018,43,0,0,415,0
Louisiana,2018,43,6,3,380,9
Maine,2018,43,0,0,35,0
Maryland,2018,43,1,0,229,1
Massachusetts,2018,43,10,1,545,11
Michigan,2018,43,1,2,890,3
Minnesota,2018,43,1,0,364,1
Mississippi,2018,43,0,0,85,0
Missouri,2018,43,2,0,748,2
Montana,2018,43,0,0,119,0
Nebraska,2018,43,0,0,116,0
Nevada,2018,43,0,0,19,0
New Mexico,2018,43,0,0,138,0
New York,2018,43,7,2,2152,9
North Carolina,2018,43,0,1,364,1
North Dakota,2018,43,2,0,117,2
Ohio,2018,43,10,3,1640,13
Oklahoma,2018,43,1,0,263,1
Oregon,2018,43,3,1,339,4
Pennsylvania,2018,43,0,0,334,0
South Carolina,2018,43,0,0,337,0
South Dakota,2018,43,0,0,87,0
Tennessee,2018,43,0,2,110,2
Texas,2018,43,12,11,1633,23
Utah,2018,43,1,0,465,1
Vermont,2018,43,0,1,61,1
Virginia,2018,43,1,0,327,1
Washington,2018,43,3,2,696,5
West Virginia,2018,43,1,1,436,2
Wisconsin,2018,43,8,1,938,9
Alabama,2018,44,5,1,535,6
Arizona,2018,44,2,1,240,3
Arkansas,2018,44,6,5,298,11
California,2018,44,11,1,549,12
Colorado,2018,44,1,0,498,1
Connecticut,2018,44,2,3,535,5
Delaware,2018,44,1,0,182,1
Florida,2018,44,228,35,2251,263
Georgia,2018,44,23,8,1140,31
Idaho,2018,44,0,0,33,0
Illinois,2018,44,4,1,253,5
Indiana,2018,44,1,0,209,1
Iowa,2018,44,0,0,240,0
Kansas,2018,44,0,0,86,0
Kentucky,2018,44,0,0,450,0
Louisiana,2018,44,2,1,359,3
Maine,2018,44,0,0,45,0
Maryland,2018,44,0,1,213,1
Massachusetts,2018,44,16,0,562,16
Michigan,2018,44,2,0,831,2
Minnesota,2018,44,1,0,311,1
Mississippi,2018,44,0,1,74,1
Missouri,2018,44,0,0,761,0
Montana,2018,44,0,1,115,1
Nebraska,2018,44,0,0,151,0
Nevada,2018,44,1,0,20,1
New Mexico,2018,44,1,0,343,1
New York,2018,44,8,1,2043,9
North Carolina,2018,44,0,2,393,2
North Dakota,2018,44,6,2,119,8
Ohio,2018,44,22,5,1801,27
Oklahoma,2018,44,4,0,253,4
Oregon,2018,44,3,0,175,3
Pennsylvania,2018,44,0,0,362,0
South Carolina,2018,44,1,2,351,3
South Dakota,2018,44,0,0,90,0
Tennessee,2018,44,0,1,112,1
Texas,2018,44,21,20,1821,41
Utah,2018,44,1,1,488,2
Vermont,2018,44,0,1,92,1
Virginia,2018,44,0,0,312,0
Washington,2018,44,5,2,731,7
West Virginia,2018,44,1,0,520,1
Wisconsin,2018,44,6,0,1003,6
Alabama,2018,45,6,3,583,9
Arizona,2018,45,2,2,261,4
Arkansas,2018,45,4,6,309,10
California,2018,45,12,0,601,12
Colorado,2018,45,2,0,507,2
Connecticut,2018,45,4,0,591,4
Delaware,2018,45,1,0,181,1
Florida,2018,45,341,50,2399,391
Georgia,2018,45,15,5,1137,20
Idaho,2018,45,0,0,44,0
Illinois,2018,45,1,0,292,1
Indiana,2018,45,1,0,223,1
Iowa,2018,45,0,0,234,0
Kansas,2018,45,1,0,81,1
Kentucky,2018,45,2,0,483,2
Louisiana,2018,45,5,0,397,5
Maine,2018,45,0,0,46,0
Maryland,2018,45,1,3,190,4
Massachusetts,2018,45,21,0,528,21
Michigan,2018,45,3,3,836,6
Minnesota,2018,45,4,0,378,4
Mississippi,2018,45,0,0,67,0
Missouri,2018,45,4,0,883,4
Montana,2018,45,1,0,119,1
Nebraska,2018,45,1,0,108,1
Nevada,2018,45,0,0,23,0
New Mexico,2018,45,2,0,228,2
New York,2018,45,15,1,2106,16
North Carolina,2018,45,1,1,407,2
North Dakota,2018,45,3,0,145,3
Ohio,2018,45,35,7,1942,42
Oklahoma,2018,45,2,0,281,2
Oregon,2018,45,4,0,385,4
Pennsylvania,2018,45,2,0,372,2
South Carolina,2018,45,1,0,363,1
South Dakota,2018,45,2,0,106,2
Tennessee,2018,45,1,2,127,3
Texas,2018,45,23,9,2014,32
Utah,2018,45,4,1,478,5
Vermont,2018,45,0,0,68,0
Virginia,2018,45,0,1,364,1
Washington,2018,45,4,4,787,8
West Virginia,2018,45,0,0,513,0
Wisconsin,2018,45,5,0,893,5
Alabama,2018,46,7,4,588,11
Arizona,2018,46,1,0,245,1
Arkansas,2018,46,3,2,222,5
California,2018,46,13,0,612,13
Colorado,2018,46,9,0,480,9
Connecticut,2018,46,3,1,490,4
Delaware,2018,46,3,0,194,3
Florida,2018,46,353,43,2475,396
Georgia,2018,46,50,9,1274,59
Idaho,2018,46,2,1,56,3
Illinois,2018,46,3,3,298,6
Indiana,2018,46,2,2,243,4
Iowa,2018,46,0,0,265,0
Kansas,2018,46,1,0,67,1
Kentucky,2018,46,3,0,546,3
Louisiana,2018,46,5,1,322,6
Maine,2018,46,0,0,55,0
Maryland,2018,46,1,0,172,1
Massachusetts,2018,46,10,0,575,10
Michigan,2018,46,7,2,951,9
Minnesota,2018,46,3,0,434,3
Mississippi,2018,46,0,0,62,0
Missouri,2018,46,21,0,997,21
Montana,2018,46,0,0,134,0
Nebraska,2018,46,1,0,131,1
Nevada,2018,46,2,0,24,2
New Mexico,2018,46,1,0,341,1
New York,2018,46,24,0,2029,24
North Carolina,2018,46,2,1,426,3
North Dakota,2018,46,11,0,133,11
Ohio,2018,46,62,5,2081,67
Oklahoma,2018,46,6,1,327,7
Oregon,2018,46,6,1,383,7
Pennsylvania,2018,46,0,0,359,0
South Carolina,2018,46,3,1,356,4
South Dakota,2018,46,0,0,77,0
Tennessee,2018,46,0,2,106,2
Texas,2018,46,22,18,2136,40
Utah,2018,46,3,1,537,4
Vermont,2018,46,0,3,89,3
Virginia,2018,46,2,0,370,2
Washington,2018,46,5,2,748,7
West Virginia,2018,46,3,2,609,5
Wisconsin,2018,46,4,0,893,4
Alabama,2018,47,7,1,520,8
Arizona,2018,47,1,0,231,1
Arkansas,2018,47,6,2,257,8
California,2018,47,35,1,647,36
Colorado,2018,47,11,0,496,11
Connecticut,2018,47,6,0,523,6
Delaware,2018,47,15,0,231,15
Florida,2018,47,420,25,2493,445
Georgia,2018,47,61,7,1366,68
Idaho,2018,47,1,0,74,1
Illinois,2018,47,4,1,237,5
Indiana,2018,47,6,0,255,6
Iowa,2018,47,2,0,239,2
Kansas,2018,47,0,0,57,0
Kentucky,2018,47,1,0,497,1
Louisiana,2018,47,10,1,360,11
Maine,2018,47,0,0,40,0
Maryland,2018,47,3,1,212,4
Massachusetts,2018,47,15,0,543,15
Michigan,2018,47,18,2,952,20
Minnesota,2018,47,1,0,366,1
Mississippi,2018,47,0,1,76,1
Missouri,2018,47,32,0,918,32
Montana,2018,47,0,0,120,0
Nebraska,2018,47,1,0,122,1
Nevada,2018,47,1,0,15,1
New Mexico,2018,47,1,0,261,1
New York,2018,47,30,4,2056,34
North Carolina,2018,47,3,3,486,6
North Dakota,2018,47,7,0,166,7
Ohio,2018,47,54,5,1928,59
Oklahoma,2018,47,4,0,347,4
Oregon,2018,47,12,0,435,12
Pennsylvania,2018,47,3,0,377,3
South Carolina,2018,47,3,0,374,3
South Dakota,2018,47,0,0,82,0
Tennessee,2018,47,2,3,118,5
Texas,2018,47,77,15,2351,92
Utah,2018,47,7,3,507,10
Vermont,2018,47,1,0,99,1
Virginia,2018,47,1,0,338,1
Washington,2018,47,14,1,800,15
West Virginia,2018,47,4,0,550,4
Wisconsin,2018,47,4,0,987,4
Alabama,2018,48,5,1,570,6
Arizona,2018,48,4,3,268,7
Arkansas,2018,48,2,1,266,3
California,2018,48,64,0,846,64
Colorado,2018,48,29,0,605,29
Connecticut,2018,48,6,1,602,7
Delaware,2018,48,9,0,252,9
Florida,2018,48,370,39,2434,409
Georgia,2018,48,84,14,1452,98
Idaho,2018,48,0,0,94,0
Illinois,2018,48,6,1,331,7
Indiana,2018,48,6,0,281,6
Iowa,2018,48,1,0,256,1
Kansas,2018,48,1,1,103,2
Kentucky,2018,48,4,0,559,4
Louisiana,2018,48,10,4,525,14
Maine,2018,48,1,0,46,1
Maryland,2018,48,3,1,244,4
Massachusetts,2018,48,27,2,724,29
Michigan,2018,48,32,2,1197,34
Minnesota,2018,48,1,0,287,1
Mississippi,2018,48,0,0,85,0
Missouri,2018,48,28,0,1131,28
Montana,2018,48,0,1,124,1
Nebraska,2018,48,0,0,150,0
Nevada,2018,48,0,0,22,0
New Mexico,2018,48,6,0,356,6
New York,2018,48,59,7,2442,66
North Carolina,2018,48,12,0,474,12
North Dakota,2018,48,3,0,148,3
Ohio,2018,48,73,3,2321,76
Oklahoma,2018,48,4,0,319,4
Oregon,2018,48,5,1,526,6
Pennsylvania,2018,48,10,1,463,11
South Carolina,2018,48,4,0,452,4
South Dakota,2018,48,0,0,107,0
Tennessee,2018,48,4,2,145,6
Texas,2018,48,64,20,2703,84
Utah,2018,48,12,0,624,12
Vermont,2018,48,2,0,121,2
Virginia,2018,48,2,0,461,2
Washington,2018,48,15,1,890,16
West Virginia,2018,48,6,1,579,7
Wisconsin,2018,48,8,0,1082,8
Alabama,2018,49,28,2,682,30
Arizona,2018,49,4,4,306,8
Arkansas,2018,49,2,1,251,3
California,2018,49,139,1,958,140
Colorado,2018,49,68,1,613,69
Connecticut,2018,49,18,1,635,19
Delaware,2018,49,25,1,253,26
Florida,2018,49,553,56,2710,609
Georgia,2018,49,150,10,1501,160
Idaho,2018,49,1,0,75,1
Illinois,2018,49,7,0,325,7
Indiana,2018,49,7,0,279,7
Iowa,2018,49,1,0,219,1
Kansas,2018,49,1,3,88,4
Kentucky,2018,49,12,0,568,12
Louisiana,2018,49,4,7,518,11
Maine,2018,49,3,0,50,3
Maryland,2018,49,9,1,255,10
Massachusetts,2018,49,39,4,720,43
Michigan,2018,49,48,4,1281,52
Minnesota,2018,49,2,0,425,2
Mississippi,2018,49,1,1,71,2
Missouri,2018,49,42,1,1235,43
Montana,2018,49,3,2,155,5
Nebraska,2018,49,11,0,164,11
Nevada,2018,49,2,0,27,2
New Mexico,2018,49,17,0,288,17
New York,2018,49,63,9,2572,72
North Carolina,2018,49,12,4,466,16
North Dakota,2018,49,2,0,136,2
Ohio,2018,49,112,8,2291,120
Oklahoma,2018,49,6,1,296,7
Oregon,2018,49,18,0,558,18
Pennsylvania,2018,49,5,0,427,5
South Carolina,2018,49,9,0,435,9
South Dakota,2018,49,1,0,73,1
Tennessee,2018,49,2,4,179,6
Texas,2018,49,119,18,2505,137
Utah,2018,49,16,4,646,20
Vermont,2018,49,7,0,109,7
Virginia,2018,49,5,0,405,5
Washington,2018,49,23,1,889,24
West Virginia,2018,49,5,1,580,6
Wisconsin,2018,49,5,0,1056,5
Alabama,2018,50,117,1,844,118
Arizona,2018,50,24,1,337,25
Arkansas,2018,50,4,2,281,6
California,2018,50,251,4,1251,255
Colorado,2018,50,133,1,818,134
Connecticut,2018,50,41,0,679,41
Delaware,2018,50,37,0,343,37
Florida,2018,50,806,76,3292,882
Georgia,2018,50,443,14,2030,457
Idaho,2018,50,1,0,67,1
Illinois,2018,50,10,2,297,12
Indiana,2018,50,12,0,308,12
Iowa,2018,50,2,1,275,3
Kansas,2018,50,1,0,88,1
Kentucky,2018,50,19,1,604,20
Louisiana,2018,50,7,4,480,11
Maine,2018,50,3,0,61,3
Maryland,2018,50,18,4,271,22
Massachusetts,2018,50,66,5,818,71
Michigan,2018,50,81,6,1351,87
Minnesota,2018,50,2,0,421,2
Mississippi,2018,50,3,1,85,4
Missouri,2018,50,106,0,1300,106
Montana,2018,50,9,4,167,13
Nebraska,2018,50,33,0,198,33
Nevada,2018,50,5,0,25,5
New Mexico,2018,50,18,3,322,21
New York,2018,50,157,10,2852,167
North Carolina,2018,50,23,0,519,23
North Dakota,2018,50,9,0,152,9
Ohio,2018,50,186,10,2493,196
Oklahoma,2018,50,4,2,359,6
Oregon,2018,50,38,0,572,38
Pennsylvania,2018,50,22,0,417,22
South Carolina,2018,50,22,0,464,22
South Dakota,2018,50,0,0,64,0
Tennessee,2018,50,8,2,173,10
Texas,2018,50,324,32,3114,356
Utah,2018,50,42,4,652,46
Vermont,2018,50,23,0,154,23
Virginia,2018,50,21,0,447,21
Washington,2018,50,34,0,1053,34
West Virginia,2018,50,5,0,609,5
Wisconsin,2018,50,15,4,1154,19
Alabama,2018,51,212,2,931,214
Arizona,2018,51,46,2,434,48
Arkansas,2018,51,10,4,342,14
California,2018,51,223,4,1244,227
Colorado,2018,51,223,0,1100,223
Connecticut,2018,51,82,0,882,82
Delaware,2018,51,59,2,404,61
Florida,2018,51,1054,70,3638,1124
Georgia,2018,51,702,14,2555,716
Idaho,2018,51,5,0,83,5
Illinois,2018,51,23,3,361,26
Indiana,2018,51,18,0,298,18
Iowa,2018,51,3,0,299,3
Kansas,2018,51,10,1,99,11
Kentucky,2018,51,71,1,731,72
Louisiana,2018,51,9,4,500,13
Maine,2018,51,2,0,68,2
Maryland,2018,51,30,0,320,30
Massachusetts,2018,51,130,1,950,131
Michigan,2018,51,117,6,1558,123
Minnesota,2018,51,9,1,340,10
Mississippi,2018,51,5,0,92,5
Missouri,2018,51,143,0,1665,143
Montana,2018,51,8,4,188,12
Nebraska,2018,51,67,0,305,67
Nevada,2018,51,0,0,31,0
New Mexico,2018,51,94,0,458,94
New York,2018,51,266,4,3169,270
North Carolina,2018,51,29,2,484,31
North Dakota,2018,51,15,0,181,15
Ohio,2018,51,398,10,3017,408
Oklahoma,2018,51,9,1,379,10
Oregon,2018,51,66,1,715,67
Pennsylvania,2018,51,47,0,570,47
South Carolina,2018,51,50,1,523,51
South Dakota,2018,51,0,0,88,0
Tennessee,2018,51,11,5,222,16
Texas,2018,51,694,34,3709,728
Utah,2018,51,61,9,773,70
Vermont,2018,51,39,0,209,39
Virginia,2018,51,20,0,460,20
Washington,2018,51,60,0,1082,60
West Virginia,2018,51,27,0,701,27
Wisconsin,2018,51,40,5,1205,45
Alabama,2018,52,135,1,885,136
Arizona,2018,52,57,4,465,61
Arkansas,2018,52,22,3,343,25
California,2018,52,197,5,1231,202
Colorado,2018,52,288,2,1396,290
Connecticut,2018,52,143,2,1090,145
Delaware,2018,52,50,0,399,50
Florida,2018,52,1083,67,3940,1150
Georgia,2018,52,649,39,2820,688
Idaho,2018,52,22,2,152,24
Illinois,2018,52,36,4,392,40
Indiana,2018,52,42,0,391,42
Iowa,2018,52,10,0,256,10
Kansas,2018,52,7,0,133,7
Kentucky,2018,52,196,0,893,196
Louisiana,2018,52,29,5,601,34
Maine,2018,52,3,0,54,3
Maryland,2018,52,42,3,328,45
Massachusetts,2018,52,240,1,1239,241
Michigan,2018,52,251,6,1969,257
Minnesota,2018,52,15,0,426,15
Mississippi,2018,52,8,1,111,9
Missouri,2018,52,223,2,2199,225
Montana,2018,52,20,3,258,23
Nebraska,2018,52,80,0,283,80
Nevada,2018,52,11,0,45,11
New Mexico,2018,52,96,0,338,96
New York,2018,52,436,7,3399,443
North Carolina,2018,52,60,4,674,64
North Dakota,2018,52,23,0,191,23
Ohio,2018,52,592,5,3451,597
Oklahoma,2018,52,11,6,375,17
Oregon,2018,52,97,0,813,97
Pennsylvania,2018,52,105,5,725,110
South Carolina,2018,52,86,1,647,87
South Dakota,2018,52,3,0,85,3
Tennessee,2018,52,29,1,257,30
Texas,2018,52,782,40,3716,822
Utah,2018,52,141,13,1075,154
Vermont,2018,52,61,1,263,62
Virginia,2018,52,43,0,458,43
Washington,2018,52,88,2,1326,90
West Virginia,2018,52,36,4,719,40
Wisconsin,2018,52,69,2,1315,71
Alabama,2019,1,108,7,920,115
Arizona,2019,1,69,2,392,71
Arkansas,2019,1,14,1,267,15
California,2019,1,135,4,1196,139
Colorado,2019,1,210,2,1403,212
Connecticut,2019,1,173,1,1292,174
Delaware,2019,1,42,0,391,42
Florida,2019,1,386,33,2415,419
Georgia,2019,1,243,7,2189,250
Idaho,2019,1,25,0,127,25
Illinois,2019,1,48,2,424,50
Indiana,2019,1,40,0,526,40
Iowa,2019,1,15,0,347,15
Kansas,2019,1,6,0,127,6
Kentucky,2019,1,207,0,1105,207
Louisiana,2019,1,19,7,515,26
Maine,2019,1,7,0,93,7
Maryland,2019,1,43,1,366,44
Massachusetts,2019,1,306,0,1496,306
Michigan,2019,1,226,3,1968,229
Minnesota,2019,1,42,0,530,42
Mississippi,2019,1,6,3,121,9
Missouri,2019,1,179,2,1949,181
Montana,2019,1,24,0,256,24
Nebraska,2019,1,68,0,289,68
Nevada,2019,1,6,1,30,7
New Mexico,2019,1,88,0,408,88
New York,2019,1,513,3,3852,516
North Carolina,2019,1,31,4,619,35
North Dakota,2019,1,24,0,240,24
Ohio,2019,1,441,6,3682,447
Oklahoma,2019,1,6,3,396,9
Oregon,2019,1,101,1,972,102
Pennsylvania,2019,1,82,1,807,83
South Carolina,2019,1,64,1,647,65
South Dakota,2019,1,5,0,74,5
Tennessee,2019,1,10,0,197,10
Texas,2019,1,485,42,3432,527
Utah,2019,1,206,7,1232,213
Vermont,2019,1,39,0,293,39
Virginia,2019,1,41,0,530,41
Washington,2019,1,138,5,1483,143
West Virginia,2019,1,39,2,881,41
Wisconsin,2019,1,59,1,2384,60
Alabama,2019,2,56,1,600,57
Arizona,2019,2,56,0,393,56
Arkansas,2019,2,35,5,282,40
California,2019,2,187,4,1350,191
Colorado,2019,2,149,2,819,151
Connecticut,2019,2,197,2,1238,199
Delaware,2019,2,62,0,382,62
Florida,2019,2,349,41,2564,390
Georgia,2019,2,99,13,1650,112
Idaho,2019,2,17,0,148,17
Illinois,2019,2,48,3,473,51
Indiana,2019,2,26,0,372,26
Iowa,2019,2,28,0,345,28
Kansas,2019,2,6,1,145,7
Kentucky,2019,2,160,0,994,160
Louisiana,2019,2,26,5,492,31
Maine,2019,2,13,0,111,13
Maryland,2019,2,35,4,358,39
Massachusetts,2019,2,336,3,1583,339
Michigan,2019,2,202,8,1909,210
Minnesota,2019,2,51,2,592,53
Mississippi,2019,2,7,3,97,10
Missouri,2019,2,183,1,1805,184
Montana,2019,2,9,2,224,11
Nebraska,2019,2,75,0,308,75
Nevada,2019,2,19,1,61,20
New Mexico,2019,2,129,0,587,129
New York,2019,2,558,9,3954,567
North Carolina,2019,2,48,1,637,49
North Dakota,2019,2,37,1,266,38
Ohio,2019,2,350,9,3174,359
Oklahoma,2019,2,9,3,328,12
Oregon,2019,2,110,1,832,111
Pennsylvania,2019,2,86,3,688,89
South Carolina,2019,2,36,2,592,38
South Dakota,2019,2,7,0,89,7
Tennessee,2019,2,4,1,140,5
Texas,2019,2,455,55,3205,510
Utah,2019,2,282,15,1443,297
Vermont,2019,2,20,0,238,20
Virginia,2019,2,33,0,529,33
Washington,2019,2,147,6,1600,153
West Virginia,2019,2,26,1,801,27
Wisconsin,2019,2,89,6,1707,95
Alabama,2019,3,30,7,644,37
Arizona,2019,3,52,1,471,53
Arkansas,2019,3,70,1,380,71
California,2019,3,175,5,1174,180
Colorado,2019,3,186,1,984,187
Connecticut,2019,3,279,1,1296,280
Delaware,2019,3,86,0,474,86
Florida,2019,3,463,41,2658,504
Georgia,2019,3,92,20,1488,112
Idaho,2019,3,44,2,178,46
Illinois,2019,3,68,0,464,68
Indiana,2019,3,24,0,329,24
Iowa,2019,3,31,0,338,31
Kansas,2019,3,5,0,138,5
Kentucky,2019,3,165,2,1039,167
Louisiana,2019,3,33,3,468,36
Maine,2019,3,18,0,124,18
Maryland,2019,3,56,2,341,58
Massachusetts,2019,3,331,3,1527,334
Michigan,2019,3,262,3,1794,265
Minnesota,2019,3,43,0,576,43
Mississippi,2019,3,15,1,100,16
Missouri,2019,3,206,0,1745,206
Montana,2019,3,50,6,281,56
Nebraska,2019,3,90,3,312,93
Nevada,2019,3,17,2,75,19
New Mexico,2019,3,114,1,571,115
New York,2019,3,721,0,4010,721
North Carolina,2019,3,94,1,644,95
North Dakota,2019,3,64,0,325,64
Ohio,2019,3,547,7,3268,554
Oklahoma,2019,3,15,4,303,19
Oregon,2019,3,138,0,919,138
Pennsylvania,2019,3,185,2,799,187
South Carolina,2019,3,61,1,587,62
South Dakota,2019,3,1,0,77,1
Tennessee,2019,3,6,1,124,7
Texas,2019,3,769,38,3401,807
Utah,2019,3,346,9,1506,355
Vermont,2019,3,41,1,276,42
Virginia,2019,3,47,0,495,47
Washington,2019,3,221,7,1499,228
West Virginia,2019,3,72,3,836,75
Wisconsin,2019,3,140,8,1707,148
Alabama,2019,4,67,5,603,72
Arizona,2019,4,32,0,385,32
Arkansas,2019,4,89,4,463,93
California,2019,4,129,6,1118,135
Colorado,2019,4,164,2,996,166
Connecticut,2019,4,350,1,1416,351
Delaware,2019,4,105,0,460,105
Florida,2019,4,415,48,2608,463
Georgia,2019,4,144,12,1544,156
Idaho,2019,4,47,1,202,48
Illinois,2019,4,62,3,429,65
Indiana,2019,4,21,1,303,22
Iowa,2019,4,33,1,311,34
Kansas,2019,4,4,1,132,5
Kentucky,2019,4,233,1,1066,234
Louisiana,2019,4,60,2,571,62
Maine,2019,4,12,0,108,12
Maryland,2019,4,46,5,339,51
Massachusetts,2019,4,434,2,1539,436
Michigan,2019,4,354,5,1873,359
Minnesota,2019,4,81,4,611,85
Mississippi,2019,4,29,1,173,30
Missouri,2019,4,268,2,1869,270
Montana,2019,4,61,7,341,68
Nebraska,2019,4,97,0,314,97
Nevada,2019,4,11,0,53,11
New Mexico,2019,4,124,0,476,124
New York,2019,4,907,8,3984,915
North Carolina,2019,4,195,6,945,201
North Dakota,2019,4,120,0,393,120
Ohio,2019,4,516,7,3085,523
Oklahoma,2019,4,19,1,310,20
Oregon,2019,4,178,2,945,180
Pennsylvania,2019,4,185,1,811,186
South Carolina,2019,4,76,1,621,77
South Dakota,2019,4,6,0,76,6
Tennessee,2019,4,12,3,145,15
Texas,2019,4,1053,59,4084,1112
Utah,2019,4,443,15,1644,458
Vermont,2019,4,89,1,336,90
Virginia,2019,4,64,1,555,65
Washington,2019,4,351,7,1629,358
West Virginia,2019,4,140,6,1055,146
Wisconsin,2019,4,221,10,1802,231
Alabama,2019,5,145,9,924,154
Arizona,2019,5,50,1,466,51
Arkansas,2019,5,21,1,68,22
California,2019,5,168,6,1270,174
Colorado,2019,5,225,12,1058,237
Connecticut,2019,5,391,1,1467,392
Delaware,2019,5,166,1,534,167
Florida,2019,5,390,45,2723,435
Georgia,2019,5,189,18,1702,207
Idaho,2019,5,40,0,202,40
Illinois,2019,5,88,1,478,89
Indiana,2019,5,42,0,301,42
Iowa,2019,5,47,0,298,47
Kansas,2019,5,14,1,122,15
Kentucky,2019,5,236,3,1157,239
Louisiana,2019,5,158,4,749,162
Maine,2019,5,41,0,177,41
Maryland,2019,5,58,5,287,63
Massachusetts,2019,5,412,1,1531,413
Michigan,2019,5,316,8,1756,324
Minnesota,2019,5,71,3,550,74
Mississippi,2019,5,85,0,275,85
Missouri,2019,5,416,4,2054,420
Montana,2019,5,53,9,353,62
Nebraska,2019,5,127,0,356,127
Nevada,2019,5,17,3,68,20
New Mexico,2019,5,77,1,472,78
New York,2019,5,915,4,4162,919
North Carolina,2019,5,347,13,1231,360
North Dakota,2019,5,122,0,405,122
Ohio,2019,5,826,14,3230,840
Oklahoma,2019,5,55,1,400,56
Oregon,2019,5,156,2,1023,158
Pennsylvania,2019,5,203,0,810,203
South Carolina,2019,5,112,0,635,112
South Dakota,2019,5,8,0,83,8
Tennessee,2019,5,35,3,205,38
Texas,2019,5,1876,86,5795,1962
Utah,2019,5,554,18,1944,572
Vermont,2019,5,88,4,351,92
Virginia,2019,5,123,4,670,127
Washington,2019,5,506,1,1962,507
West Virginia,2019,5,183,2,975,185
Wisconsin,2019,5,215,1,1776,216
Alabama,2019,6,222,5,1069,227
Arizona,2019,6,60,4,586,64
Arkansas,2019,6,354,3,947,357
California,2019,6,122,6,1134,128
Colorado,2019,6,340,34,1220,374
Connecticut,2019,6,378,1,1513,379
Delaware,2019,6,148,2,511,150
Florida,2019,6,536,63,3282,599
Georgia,2019,6,265,23,1764,288
Idaho,2019,6,34,3,180,37
Illinois,2019,6,112,4,589,116
Indiana,2019,6,66,0,438,66
Iowa,2019,6,64,0,282,64
Kansas,2019,6,7,0,109,7
Kentucky,2019,6,221,7,1045,228
Louisiana,2019,6,251,7,951,258
Maine,2019,6,49,0,156,49
Maryland,2019,6,104,4,392,108
Massachusetts,2019,6,451,4,1716,455
Michigan,2019,6,260,15,1728,275
Minnesota,2019,6,106,3,580,109
Mississippi,2019,6,90,1,308,91
Missouri,2019,6,503,6,2203,509
Montana,2019,6,108,7,402,115
Nebraska,2019,6,87,0,328,87
Nevada,2019,6,22,0,100,22
New Mexico,2019,6,82,3,510,85
New York,2019,6,1279,7,4781,1286
North Carolina,2019,6,364,12,1253,376
North Dakota,2019,6,137,0,381,137
Ohio,2019,6,883,21,3506,904
Oklahoma,2019,6,98,0,458,98
Oregon,2019,6,289,1,1071,290
Pennsylvania,2019,6,251,2,913,253
South Carolina,2019,6,214,2,926,216
South Dakota,2019,6,10,0,76,10
Tennessee,2019,6,60,3,263,63
Texas,2019,6,2332,121,6918,2453
Utah,2019,6,611,24,2022,635
Vermont,2019,6,78,1,332,79
Virginia,2019,6,168,8,620,176
Washington,2019,6,405,8,1753,413
West Virginia,2019,6,265,1,1183,266
Wisconsin,2019,6,294,8,1925,302
Alabama,2019,7,204,6,1073,210
Arizona,2019,7,48,3,524,51
Arkansas,2019,7,406,5,1029,411
California,2019,7,158,2,1145,160
Colorado,2019,7,392,62,1292,454
Connecticut,2019,7,260,1,1340,261
Delaware,2019,7,152,1,553,153
Florida,2019,7,512,35,2922,547
Georgia,2019,7,219,17,1699,236
Idaho,2019,7,36,2,154,38
Illinois,2019,7,149,3,547,152
Indiana,2019,7,86,0,360,86
Iowa,2019,7,143,0,415,143
Kansas,2019,7,18,3,137,21
Kentucky,2019,7,145,7,1023,152
Louisiana,2019,7,295,9,1061,304
Maine,2019,7,68,0,238,68
Maryland,2019,7,86,6,426,92
Massachusetts,2019,7,347,6,1371,353
Michigan,2019,7,341,17,1838,358
Minnesota,2019,7,122,2,567,124
Mississippi,2019,7,88,2,260,90
Missouri,2019,7,601,8,2321,609
Montana,2019,7,153,5,449,158
Nebraska,2019,7,65,0,270,65
Nevada,2019,7,14,0,64,14
New York,2019,7,1332,5,4901,1337
North Carolina,2019,7,248,11,1005,259
North Dakota,2019,7,182,0,481,182
Ohio,2019,7,1175,19,3961,1194
Oklahoma,2019,7,163,1,640,164
Oregon,2019,7,403,4,1475,407
Pennsylvania,2019,7,239,0,857,239
South Carolina,2019,7,169,0,828,169
South Dakota,2019,7,12,0,102,12
Tennessee,2019,7,38,3,255,41
Texas,2019,7,1879,106,6211,1985
Utah,2019,7,638,37,2060,675
Vermont,2019,7,98,1,328,99
Virginia,2019,7,238,12,852,250
Washington,2019,7,307,8,1288,315
West Virginia,2019,7,286,3,1241,289
Wisconsin,2019,7,489,19,2120,508
Alabama,2019,8,163,9,823,172
Arizona,2019,8,43,1,576,44
Arkansas,2019,8,245,9,678,254
California,2019,8,175,10,1160,185
Colorado,2019,8,425,68,1328,493
Connecticut,2019,8,210,1,1144,211
Delaware,2019,8,119,2,441,121
Florida,2019,8,592,58,3308,650
Georgia,2019,8,250,22,1724,272
Idaho,2019,8,44,0,157,44
Illinois,2019,8,137,6,635,143
Indiana,2019,8,129,0,554,129
Iowa,2019,8,202,0,483,202
Kansas,2019,8,28,2,152,30
Kentucky,2019,8,128,7,959,135
Louisiana,2019,8,293,2,1016,295
Maine,2019,8,71,0,244,71
Maryland,2019,8,130,2,447,132
Massachusetts,2019,8,266,4,1348,270
Michigan,2019,8,357,17,1878,374
Minnesota,2019,8,205,2,688,207
Mississippi,2019,8,43,1,242,44
Missouri,2019,8,631,6,2367,637
Montana,2019,8,203,10,531,213
Nebraska,2019,8,62,0,244,62
Nevada,2019,8,17,0,57,17
New Mexico,2019,8,103,1,473,104
New York,2019,8,1296,14,4695,1310
North Carolina,2019,8,212,15,969,227
North Dakota,2019,8,202,0,512,202
Ohio,2019,8,1460,18,4603,1478
Oklahoma,2019,8,167,1,643,168
Oregon,2019,8,536,6,1453,542
Pennsylvania,2019,8,213,2,794,215
South Carolina,2019,8,144,0,845,144
South Dakota,2019,8,6,1,75,7
Tennessee,2019,8,26,4,220,30
Texas,2019,8,1555,111,5597,1666
Utah,2019,8,596,28,1981,624
Vermont,2019,8,105,2,359,107
Virginia,2019,8,285,4,922,289
Washington,2019,8,426,5,1889,431
West Virginia,2019,8,344,4,1317,348
Wisconsin,2019,8,578,18,2252,596
Alabama,2019,9,154,10,931,164
Arizona,2019,9,53,0,627,53
Arkansas,2019,9,326,10,686,336
California,2019,9,206,6,1181,212
Colorado,2019,9,442,33,1360,475
Connecticut,2019,9,198,4,1035,202
Delaware,2019,9,127,1,485,128
Florida,2019,9,451,35,2978,486
Georgia,2019,9,192,15,1634,207
Idaho,2019,9,25,3,138,28
Illinois,2019,9,134,8,619,142
Indiana,2019,9,191,0,602,191
Iowa,2019,9,237,0,559,237
Kansas,2019,9,27,7,153,34
Kentucky,2019,9,110,1,926,111
Louisiana,2019,9,180,5,805,185
Maine,2019,9,47,0,176,47
Maryland,2019,9,129,0,439,129
Massachusetts,2019,9,229,14,1249,243
Michigan,2019,9,435,34,2000,469
Minnesota,2019,9,138,2,640,140
Mississippi,2019,9,25,2,137,27
Missouri,2019,9,714,8,2291,722
Montana,2019,9,265,4,474,269
Nebraska,2019,9,26,0,211,26
Nevada,2019,9,17,0,62,17
New Mexico,2019,9,131,0,585,131
New York,2019,9,880,13,4189,893
North Carolina,2019,9,120,4,736,124
North Dakota,2019,9,251,1,596,252
Ohio,2019,9,1478,27,4558,1505
Oklahoma,2019,9,171,0,673,171
Oregon,2019,9,596,2,1607,598
Pennsylvania,2019,9,231,1,772,232
South Carolina,2019,9,126,3,739,129
South Dakota,2019,9,6,0,80,6
Tennessee,2019,9,20,2,166,22
Texas,2019,9,1396,122,5363,1518
Utah,2019,9,605,27,1990,632
Vermont,2019,9,70,1,328,71
Virginia,2019,9,275,12,953,287
Washington,2019,9,518,3,2008,521
West Virginia,2019,9,241,3,1219,244
Wisconsin,2019,9,916,10,2801,926
Alabama,2019,10,125,8,848,133
Arizona,2019,10,50,0,579,50
Arkansas,2019,10,361,7,729,368
California,2019,10,179,4,1243,183
Colorado,2019,10,381,1,1299,382
Connecticut,2019,10,143,2,929,145
Delaware,2019,10,115,2,468,117
Florida,2019,10,399,46,2940,445
Georgia,2019,10,124,20,1530,144
Idaho,2019,10,33,1,144,34
Illinois,2019,10,164,5,643,169
Indiana,2019,10,190,4,654,194
Iowa,2019,10,265,0,688,265
Kansas,2019,10,32,4,148,36
Kentucky,2019,10,69,2,634,71
Louisiana,2019,10,158,11,806,169
Maine,2019,10,68,1,185,69
Maryland,2019,10,132,1,482,133
Massachusetts,2019,10,185,12,1102,197
Michigan,2019,10,622,31,2392,653
Minnesota,2019,10,130,3,711,133
Mississippi,2019,10,14,1,130,15
Missouri,2019,10,659,5,2516,664
Montana,2019,10,162,9,486,171
Nebraska,2019,10,29,0,211,29
Nevada,2019,10,20,0,69,20
New Mexico,2019,10,133,2,387,135
New York,2019,10,864,11,4198,875
North Carolina,2019,10,89,5,626,94
North Dakota,2019,10,220,2,567,222
Ohio,2019,10,1616,41,4957,1657
Oklahoma,2019,10,135,3,639,138
Oregon,2019,10,682,5,1648,687
Pennsylvania,2019,10,222,6,714,228
South Carolina,2019,10,89,2,619,91
South Dakota,2019,10,7,0,75,7
Tennessee,2019,10,11,5,146,16
Texas,2019,10,1170,115,5072,1285
Utah,2019,10,452,13,1692,465
Vermont,2019,10,63,0,302,63
Virginia,2019,10,194,9,716,203
Washington,2019,10,754,7,2340,761
West Virginia,2019,10,180,2,1120,182
Wisconsin,2019,10,1255,20,3425,1275
Alabama,2019,11,101,5,861,106
Arizona,2019,11,43,0,480,43
Arkansas,2019,11,311,11,670,322
California,2019,11,145,8,1224,153
Colorado,2019,11,283,17,1152,300
Connecticut,2019,11,143,8,926,151
Delaware,2019,11,63,1,397,64
Florida,2019,11,410,39,3046,449
Georgia,2019,11,157,23,1417,180
Idaho,2019,11,48,3,147,51
Illinois,2019,11,156,9,653,165
Indiana,2019,11,206,3,647,209
Iowa,2019,11,257,0,666,257
Kansas,2019,11,28,10,140,38
Kentucky,2019,11,66,4,679,70
Louisiana,2019,11,94,6,648,100
Maine,2019,11,65,5,200,70
Maryland,2019,11,181,7,592,188
Massachusetts,2019,11,192,26,1181,218
Michigan,2019,11,749,48,2695,797
Minnesota,2019,11,180,6,681,186
Mississippi,2019,11,14,2,127,16
Missouri,2019,11,743,16,2508,759
Montana,2019,11,152,15,449,167
Nebraska,2019,11,16,0,193,16
Nevada,2019,11,9,0,46,9
New Mexico,2019,11,144,0,338,144
New York,2019,11,921,12,4142,933
North Carolina,2019,11,73,7,566,80
North Dakota,2019,11,142,2,424,144
Ohio,2019,11,1624,42,5096,1666
Oklahoma,2019,11,117,0,564,117
Oregon,2019,11,895,8,2227,903
Pennsylvania,2019,11,202,2,768,204
South Carolina,2019,11,77,4,566,81
South Dakota,2019,11,8,0,81,8
Tennessee,2019,11,25,7,168,32
Texas,2019,11,756,109,3963,865
Utah,2019,11,342,13,1453,355
Vermont,2019,11,64,5,301,69
Virginia,2019,11,183,9,749,192
Washington,2019,11,1018,20,2964,1038
West Virginia,2019,11,146,4,971,150
Wisconsin,2019,11,1553,40,4193,1593
Alabama,2019,12,46,4,729,50
Arizona,2019,12,34,0,421,34
Arkansas,2019,12,82,7,324,89
California,2019,12,158,7,1222,165
Colorado,2019,12,182,22,981,204
Connecticut,2019,12,123,7,943,130
Delaware,2019,12,59,1,334,60
Florida,2019,12,373,59,2979,432
Georgia,2019,12,154,20,1373,174
Idaho,2019,12,37,1,141,38
Illinois,2019,12,98,9,526,107
Indiana,2019,12,170,0,627,170
Iowa,2019,12,169,0,458,169
Kansas,2019,12,23,7,139,30
Kentucky,2019,12,53,6,621,59
Louisiana,2019,12,65,2,563,67
Maine,2019,12,90,10,225,100
Maryland,2019,12,118,13,458,131
Massachusetts,2019,12,196,62,1132,258
Michigan,2019,12,796,76,2887,872
Minnesota,2019,12,56,2,354,58
Mississippi,2019,12,3,0,68,3
Missouri,2019,12,543,5,2212,548
Montana,2019,12,69,3,298,72
Nebraska,2019,12,12,1,159,13
Nevada,2019,12,13,1,54,14
New Mexico,2019,12,102,1,553,103
New York,2019,12,787,23,4086,810
North Carolina,2019,12,67,15,550,82
North Dakota,2019,12,105,1,380,106
Ohio,2019,12,1122,38,4353,1160
Oklahoma,2019,12,66,1,489,67
Oregon,2019,12,817,16,2053,833
Pennsylvania,2019,12,133,6,699,139
South Carolina,2019,12,69,2,552,71
South Dakota,2019,12,9,0,64,9
Tennessee,2019,12,6,1,108,7
Texas,2019,12,420,91,3334,511
Utah,2019,12,298,9,1422,307
Vermont,2019,12,42,7,254,49
Virginia,2019,12,100,10,600,110
Washington,2019,12,832,14,2845,846
West Virginia,2019,12,132,2,942,134
Wisconsin,2019,12,1277,52,3868,1329
Alabama,2019,13,59,5,688,64
Arizona,2019,13,32,2,382,34
Arkansas,2019,13,68,6,283,74
California,2019,13,111,2,1090,113
Colorado,2019,13,104,16,723,120
Connecticut,2019,13,108,12,881,120
Delaware,2019,13,32,2,310,34
Florida,2019,13,109,8,1259,117
Georgia,2019,13,173,15,1366,188
Idaho,2019,13,20,0,103,20
Illinois,2019,13,110,15,523,125
Indiana,2019,13,93,5,441,98
Iowa,2019,13,83,0,377,83
Kansas,2019,13,16,5,119,21
Kentucky,2019,13,41,1,590,42
Louisiana,2019,13,42,9,538,51
Maine,2019,13,56,11,211,67
Maryland,2019,13,111,13,476,124
Massachusetts,2019,13,213,58,1218,271
Michigan,2019,13,829,105,3032,934
Minnesota,2019,13,110,6,593,116
Mississippi,2019,13,4,0,64,4
Missouri,2019,13,361,11,1973,372
Montana,2019,13,31,8,250,39
Nebraska,2019,13,13,1,146,14
Nevada,2019,13,4,0,28,4
New Mexico,2019,13,52,2,521,54
New York,2019,13,725,18,3912,743
North Carolina,2019,13,52,10,489,62
North Dakota,2019,13,81,1,342,82
Ohio,2019,13,860,26,3838,886
Oklahoma,2019,13,22,0,386,22
Oregon,2019,13,377,3,1644,380
Pennsylvania,2019,13,146,3,674,149
South Carolina,2019,13,44,1,440,45
South Dakota,2019,13,1,0,48,1
Tennessee,2019,13,19,4,161,23
Texas,2019,13,260,108,2751,368
Utah,2019,13,141,6,1157,147
Vermont,2019,13,23,7,215,30
Virginia,2019,13,77,5,625,82
Washington,2019,13,603,12,2420,615
West Virginia,2019,13,112,1,881,113
Wisconsin,2019,13,982,48,3453,1030
Alabama,2019,14,33,0,613,33
Arizona,2019,14,21,3,371,24
Arkansas,2019,14,34,3,269,37
California,2019,14,88,7,973,95
Colorado,2019,14,67,6,668,73
Connecticut,2019,14,76,8,843,84
Delaware,2019,14,25,0,244,25
Florida,2019,14,188,53,2382,241
Georgia,2019,14,165,14,1347,179
Idaho,2019,14,16,1,111,17
Illinois,2019,14,78,9,446,87
Indiana,2019,14,38,1,332,39
Iowa,2019,14,58,0,305,58
Kansas,2019,14,8,9,112,17
Kentucky,2019,14,44,7,576,51
Louisiana,2019,14,31,10,436,41
Maine,2019,14,48,9,166,57
Maryland,2019,14,80,1,417,81
Massachusetts,2019,14,199,96,1094,295
Michigan,2019,14,546,100,2513,646
Minnesota,2019,14,69,2,565,71
Mississippi,2019,14,2,0,55,2
Missouri,2019,14,203,5,1691,208
Montana,2019,14,11,2,184,13
Nebraska,2019,14,6,1,144,7
Nevada,2019,14,8,0,50,8
New York,2019,14,293,22,2718,315
North Carolina,2019,14,40,15,409,55
North Dakota,2019,14,50,1,267,51
Ohio,2019,14,485,30,3038,515
Oklahoma,2019,14,7,1,298,8
Oregon,2019,14,156,13,1125,169
Pennsylvania,2019,14,107,3,613,110
South Carolina,2019,14,32,1,442,33
South Dakota,2019,14,2,0,62,2
Tennessee,2019,14,9,4,111,13
Texas,2019,14,157,66,2422,223
Utah,2019,14,98,7,977,105
Vermont,2019,14,21,4,191,25
Virginia,2019,14,58,5,568,63
Washington,2019,14,305,7,1831,312
West Virginia,2019,14,82,4,727,86
Wisconsin,2019,14,687,37,2862,724
Alabama,2019,15,8,2,497,10
Arizona,2019,15,18,1,322,19
Arkansas,2019,15,9,9,210,18
California,2019,15,37,4,823,41
Colorado,2019,15,39,8,523,47
Connecticut,2019,15,87,16,835,103
Delaware,2019,15,9,0,186,9
Florida,2019,15,44,8,994,52
Georgia,2019,15,69,18,1149,87
Idaho,2019,15,7,2,94,9
Illinois,2019,15,63,5,387,68
Indiana,2019,15,22,1,249,23
Iowa,2019,15,42,0,291,42
Kansas,2019,15,3,5,102,8
Kentucky,2019,15,15,1,493,16
Louisiana,2019,15,22,11,468,33
Maine,2019,15,41,16,171,57
Maryland,2019,15,34,10,347,44
Massachusetts,2019,15,134,121,1128,255
Michigan,2019,15,348,80,2312,428
Minnesota,2019,15,55,2,474,57
Mississippi,2019,15,4,0,52,4
Missouri,2019,15,123,3,1414,126
Montana,2019,15,11,1,193,12
Nebraska,2019,15,3,2,140,5
Nevada,2019,15,3,0,38,3
New York,2019,15,462,34,3417,496
North Carolina,2019,15,19,5,349,24
North Dakota,2019,15,25,3,192,28
Ohio,2019,15,259,28,2465,287
Oklahoma,2019,15,4,1,223,5
Oregon,2019,15,64,3,663,67
Pennsylvania,2019,15,60,4,599,64
South Carolina,2019,15,30,1,431,31
South Dakota,2019,15,2,0,62,2
Tennessee,2019,15,0,0,83,0
Texas,2019,15,132,77,2018,209
Utah,2019,15,67,6,963,73
Vermont,2019,15,30,4,203,34
Virginia,2019,15,24,2,481,26
Washington,2019,15,130,13,1439,143
West Virginia,2019,15,65,4,755,69
Wisconsin,2019,15,490,38,2483,528
Alabama,2019,16,8,3,427,11
Arizona,2019,16,35,4,317,39
Arkansas,2019,16,8,4,148,12
California,2019,16,42,2,747,44
Colorado,2019,16,26,10,519,36
Connecticut,2019,16,39,10,683,49
Delaware,2019,16,2,0,144,2
Florida,2019,16,157,59,2295,216
Georgia,2019,16,33,20,914,53
Idaho,2019,16,1,2,78,3
Illinois,2019,16,32,4,350,36
Indiana,2019,16,15,1,189,16
Iowa,2019,16,21,1,252,22
Kansas,2019,16,4,4,105,8
Kentucky,2019,16,10,0,450,10
Louisiana,2019,16,21,1,409,22
Maine,2019,16,21,11,115,32
Maryland,2019,16,18,4,275,22
Massachusetts,2019,16,71,88,947,159
Michigan,2019,16,165,53,1776,218
Minnesota,2019,16,32,5,417,37
Mississippi,2019,16,0,1,34,1
Missouri,2019,16,35,6,1077,41
Montana,2019,16,7,1,197,8
Nebraska,2019,16,3,2,154,5
Nevada,2019,16,4,1,34,5
New Mexico,2019,16,21,3,333,24
New York,2019,16,257,24,2948,281
North Carolina,2019,16,7,6,253,13
North Dakota,2019,16,19,8,169,27
Ohio,2019,16,120,11,1926,131
Oklahoma,2019,16,3,1,238,4
Oregon,2019,16,17,4,569,21
Pennsylvania,2019,16,23,2,441,25
South Carolina,2019,16,10,1,299,11
South Dakota,2019,16,2,0,75,2
Tennessee,2019,16,3,3,90,6
Texas,2019,16,73,84,1626,157
Utah,2019,16,34,4,768,38
Vermont,2019,16,17,6,182,23
Virginia,2019,16,18,0,276,18
Washington,2019,16,65,7,1297,72
West Virginia,2019,16,18,5,583,23
Wisconsin,2019,16,302,29,1967,331
Alabama,2019,17,10,0,445,10
Arizona,2019,17,34,3,365,37
Arkansas,2019,17,3,2,170,5
California,2019,17,20,5,729,25
Colorado,2019,17,15,6,463,21
Connecticut,2019,17,24,6,568,30
Delaware,2019,17,0,0,105,0
Florida,2019,17,138,47,2214,185
Georgia,2019,17,26,13,880,39
Idaho,2019,17,1,0,57,1
Illinois,2019,17,18,4,266,22
Indiana,2019,17,8,1,191,9
Iowa,2019,17,12,4,253,16
Kansas,2019,17,0,4,87,4
Kentucky,2019,17,11,0,409,11
Louisiana,2019,17,5,6,358,11
Maine,2019,17,14,2,87,16
Maryland,2019,17,6,4,179,10
Massachusetts,2019,17,21,61,788,82
Michigan,2019,17,96,68,1531,164
Minnesota,2019,17,13,4,359,17
Mississippi,2019,17,0,0,40,0
Missouri,2019,17,24,3,838,27
Montana,2019,17,3,1,141,4
Nebraska,2019,17,1,0,116,1
Nevada,2019,17,3,0,24,3
New Mexico,2019,17,15,3,295,18
New York,2019,17,112,24,2449,136
North Carolina,2019,17,4,5,220,9
North Dakota,2019,17,6,2,127,8
Ohio,2019,17,63,14,1714,77
Oklahoma,2019,17,0,0,217,0
Oregon,2019,17,4,2,518,6
Pennsylvania,2019,17,6,2,351,8
South Carolina,2019,17,7,2,353,9
South Dakota,2019,17,2,0,53,2
Tennessee,2019,17,1,1,67,2
Texas,2019,17,54,56,1630,110
Utah,2019,17,24,2,705,26
Vermont,2019,17,8,7,135,15
Virginia,2019,17,5,2,270,7
Washington,2019,17,31,7,999,38
West Virginia,2019,17,14,1,568,15
Wisconsin,2019,17,119,25,1560,144
Alabama,2019,18,5,1,315,6
Arizona,2019,18,21,3,306,24
Arkansas,2019,18,3,0,134,3
California,2019,18,11,15,644,26
Colorado,2019,18,15,5,432,20
Connecticut,2019,18,11,3,589,14
Delaware,2019,18,2,0,105,2
Florida,2019,18,115,38,2022,153
Georgia,2019,18,21,17,788,38
Illinois,2019,18,15,8,242,23
Indiana,2019,18,7,0,170,7
Iowa,2019,18,17,1,214,18
Kansas,2019,18,0,3,56,3
Kentucky,2019,18,9,0,375,9
Louisiana,2019,18,11,9,287,20
Maine,2019,18,4,2,69,6
Maryland,2019,18,3,2,170,5
Massachusetts,2019,18,15,30,620,45
Michigan,2019,18,53,49,1203,102
Minnesota,2019,18,16,2,337,18
Mississippi,2019,18,0,1,18,1
Missouri,2019,18,7,1,383,8
Montana,2019,18,2,0,148,2
Nebraska,2019,18,0,0,109,0
Nevada,2019,18,1,0,20,1
New Mexico,2019,18,12,3,303,15
New York,2019,18,29,10,1681,39
North Carolina,2019,18,1,3,171,4
North Dakota,2019,18,5,4,121,9
Ohio,2019,18,19,7,1411,26
Oklahoma,2019,18,0,1,197,1
Oregon,2019,18,5,0,109,5
Pennsylvania,2019,18,2,0,266,2
South Carolina,2019,18,6,1,230,7
South Dakota,2019,18,1,0,53,1
Tennessee,2019,18,2,2,49,4
Texas,2019,18,29,74,1420,103
Utah,2019,18,17,2,644,19
Vermont,2019,18,5,7,127,12
Virginia,2019,18,2,1,297,3
Washington,2019,18,22,7,946,29
West Virginia,2019,18,9,3,490,12
Wisconsin,2019,18,80,17,1282,97
Alabama,2019,19,4,5,368,9
Arizona,2019,19,13,1,315,14
Arkansas,2019,19,1,0,134,1
California,2019,19,15,3,600,18
Colorado,2019,19,7,11,406,18
Connecticut,2019,19,9,2,469,11
Delaware,2019,19,1,0,76,1
Florida,2019,19,96,54,1880,150
Georgia,2019,19,6,16,665,22
Illinois,2019,19,7,4,241,11
Indiana,2019,19,4,1,167,5
Iowa,2019,19,0,1,13,1
Kansas,2019,19,0,1,73,1
Kentucky,2019,19,2,2,362,4
Louisiana,2019,19,11,3,286,14
Maine,2019,19,2,0,43,2
Maryland,2019,19,1,1,142,2
Massachusetts,2019,19,12,27,511,39
Michigan,2019,19,18,40,1023,58
Minnesota,2019,19,11,5,295,16
Mississippi,2019,19,0,1,27,1
Missouri,2019,19,5,1,674,6
Montana,2019,19,2,0,95,2
Nebraska,2019,19,0,0,95,0
Nevada,2019,19,0,0,13,0
New Mexico,2019,19,5,1,244,6
New York,2019,19,27,3,1218,30
North Carolina,2019,19,0,2,123,2
North Dakota,2019,19,1,3,81,4
Ohio,2019,19,17,6,1223,23
Oklahoma,2019,19,1,0,195,1
Oregon,2019,19,3,0,150,3
Pennsylvania,2019,19,0,0,210,0
South Carolina,2019,19,4,0,226,4
South Dakota,2019,19,0,0,55,0
Tennessee,2019,19,0,4,65,4
Texas,2019,19,33,57,1273,90
Utah,2019,19,7,0,553,7
Vermont,2019,19,4,3,99,7
Virginia,2019,19,0,0,255,0
Washington,2019,19,12,0,737,12
West Virginia,2019,19,2,1,472,3
Wisconsin,2019,19,38,11,962,49
Alabama,2019,20,1,3,354,4
Arizona,2019,20,14,1,278,15
Arkansas,2019,20,0,2,112,2
California,2019,20,3,3,510,6
Colorado,2019,20,5,5,352,10
Connecticut,2019,20,4,3,484,7
Delaware,2019,20,0,0,51,0
Florida,2019,20,109,64,1868,173
Georgia,2019,20,13,16,669,29
Illinois,2019,20,13,0,224,13
Indiana,2019,20,0,0,153,0
Iowa,2019,20,8,2,212,10
Kansas,2019,20,0,1,61,1
Kentucky,2019,20,2,2,404,4
Louisiana,2019,20,5,4,247,9
Maine,2019,20,1,4,33,5
Maryland,2019,20,2,2,166,4
Massachusetts,2019,20,6,17,540,23
Michigan,2019,20,12,44,883,56
Minnesota,2019,20,7,11,311,18
Mississippi,2019,20,0,0,26,0
Missouri,2019,20,7,0,568,7
Montana,2019,20,0,1,98,1
Nebraska,2019,20,3,0,122,3
Nevada,2019,20,0,0,10,0
New Mexico,2019,20,12,0,259,12
New York,2019,20,20,3,1451,23
North Carolina,2019,20,3,2,108,5
North Dakota,2019,20,2,1,63,3
Ohio,2019,20,9,2,1132,11
Oklahoma,2019,20,2,0,162,2
Oregon,2019,20,1,1,78,2
Pennsylvania,2019,20,0,1,188,1
South Carolina,2019,20,0,1,223,1
South Dakota,2019,20,0,0,59,0
Tennessee,2019,20,0,2,56,2
Texas,2019,20,18,42,1192,60
Utah,2019,20,4,1,459,5
Vermont,2019,20,1,2,72,3
Virginia,2019,20,1,1,208,2
Washington,2019,20,6,4,608,10
West Virginia,2019,20,1,1,445,2
Wisconsin,2019,20,25,14,936,39
Alabama,2019,21,1,1,307,2
Arizona,2019,21,8,3,265,11
Arkansas,2019,21,1,3,95,4
California,2019,21,6,3,516,9
Colorado,2019,21,8,8,360,16
Connecticut,2019,21,3,2,421,5
Delaware,2019,21,1,0,72,1
Florida,2019,21,104,78,1961,182
Georgia,2019,21,7,12,581,19
Illinois,2019,21,2,1,201,3
Indiana,2019,21,1,0,131,1
Iowa,2019,21,3,1,156,4
Kansas,2019,21,0,1,68,1
Kentucky,2019,21,2,1,367,3
Louisiana,2019,21,9,0,195,9
Maine,2019,21,0,0,22,0
Maryland,2019,21,0,0,135,0
Massachusetts,2019,21,1,16,506,17
Michigan,2019,21,12,36,832,48
Minnesota,2019,21,4,7,257,11
Mississippi,2019,21,1,1,17,2
Missouri,2019,21,3,0,574,3
Montana,2019,21,1,0,121,1
Nebraska,2019,21,2,0,96,2
New Mexico,2019,21,4,1,223,5
New York,2019,21,17,2,1334,19
North Carolina,2019,21,0,3,129,3
North Dakota,2019,21,1,3,57,4
Ohio,2019,21,8,4,989,12
Oklahoma,2019,21,0,0,146,0
Oregon,2019,21,0,0,100,0
Pennsylvania,2019,21,0,1,181,1
South Carolina,2019,21,0,1,215,1
South Dakota,2019,21,1,0,51,1
Tennessee,2019,21,1,1,41,2
Texas,2019,21,18,47,1153,65
Utah,2019,21,3,0,403,3
Vermont,2019,21,2,0,72,2
Virginia,2019,21,3,1,187,4
Washington,2019,21,8,2,535,10
West Virginia,2019,21,0,1,389,1
Wisconsin,2019,21,12,4,641,16
Alabama,2019,22,1,4,255,5
Arizona,2019,22,6,1,259,7
Arkansas,2019,22,0,1,71,1
California,2019,22,3,3,456,6
Colorado,2019,22,9,6,286,15
Connecticut,2019,22,3,1,360,4
Delaware,2019,22,3,0,51,3
Florida,2019,22,90,89,1884,179
Georgia,2019,22,5,4,505,9
Illinois,2019,22,5,0,190,5
Indiana,2019,22,0,0,119,0
Iowa,2019,22,1,1,150,2
Kansas,2019,22,1,1,51,2
Kentucky,2019,22,0,0,261,0
Louisiana,2019,22,1,3,195,4
Maine,2019,22,0,0,22,0
Maryland,2019,22,1,0,116,1
Massachusetts,2019,22,1,11,371,12
Michigan,2019,22,3,31,772,34
Minnesota,2019,22,2,1,203,3
Mississippi,2019,22,0,1,19,1
Missouri,2019,22,2,0,530,2
Montana,2019,22,2,1,103,3
Nebraska,2019,22,0,0,74,0
Nevada,2019,22,0,0,10,0
New Mexico,2019,22,4,1,223,5
New York,2019,22,19,3,1322,22
North Carolina,2019,22,0,2,118,2
North Dakota,2019,22,0,4,61,4
Ohio,2019,22,4,1,874,5
Oklahoma,2019,22,0,0,125,0
Oregon,2019,22,0,2,104,2
Pennsylvania,2019,22,2,0,169,2
South Carolina,2019,22,2,3,218,5
South Dakota,2019,22,0,0,42,0
Tennessee,2019,22,1,1,23,2
Texas,2019,22,9,29,1062,38
Utah,2019,22,4,1,377,5
Vermont,2019,22,0,1,46,1
Virginia,2019,22,0,0,172,0
Washington,2019,22,5,4,491,9
West Virginia,2019,22,2,2,374,4
Wisconsin,2019,22,7,3,682,10
Alabama,2019,23,5,1,267,6
Arizona,2019,23,5,1,178,6
Arkansas,2019,23,0,0,110,0
California,2019,23,6,5,411,11
Colorado,2019,23,9,3,292,12
Connecticut,2019,23,3,0,334,3
Delaware,2019,23,0,0,33,0
Florida,2019,23,59,89,1578,148
Georgia,2019,23,1,6,484,7
Illinois,2019,23,0,0,127,0
Indiana,2019,23,0,0,129,0
Iowa,2019,23,1,0,136,1
Kansas,2019,23,0,0,56,0
Kentucky,2019,23,1,1,322,2
Louisiana,2019,23,1,4,147,5
Maine,2019,23,0,0,12,0
Maryland,2019,23,1,0,68,1
Massachusetts,2019,23,1,7,319,8
Michigan,2019,23,5,27,683,32
Minnesota,2019,23,1,1,189,2
Missouri,2019,23,0,9,500,9
Montana,2019,23,2,0,81,2
Nebraska,2019,23,0,0,64,0
New Mexico,2019,23,4,1,207,5
New York,2019,23,6,0,1145,6
North Carolina,2019,23,0,1,86,1
North Dakota,2019,23,0,1,41,1
Ohio,2019,23,3,2,768,5
Oklahoma,2019,23,1,0,123,1
Oregon,2019,23,1,3,60,4
Pennsylvania,2019,23,1,0,159,1
South Carolina,2019,23,0,0,153,0
South Dakota,2019,23,1,0,48,1
Tennessee,2019,23,0,2,18,2
Texas,2019,23,6,29,878,35
Utah,2019,23,3,1,346,4
Vermont,2019,23,0,1,44,1
Virginia,2019,23,0,0,146,0
Washington,2019,23,4,0,355,4
West Virginia,2019,23,0,1,353,1
Wisconsin,2019,23,2,1,622,3
Alabama,2019,24,2,1,220,3
Arizona,2019,24,1,2,191,3
Arkansas,2019,24,0,0,185,0
California,2019,24,3,1,348,4
Colorado,2019,24,3,2,242,5
Connecticut,2019,24,2,0,311,2
Delaware,2019,24,0,0,50,0
Florida,2019,24,58,67,1415,125
Georgia,2019,24,4,4,396,8
Illinois,2019,24,0,1,148,1
Indiana,2019,24,0,0,78,0
Iowa,2019,24,0,0,121,0
Kansas,2019,24,0,0,39,0
Kentucky,2019,24,0,0,285,0
Louisiana,2019,24,2,2,160,4
Maine,2019,24,0,0,20,0
Maryland,2019,24,0,1,70,1
Massachusetts,2019,24,2,4,300,6
Michigan,2019,24,0,10,600,10
Minnesota,2019,24,2,0,115,2
Missouri,2019,24,0,0,468,0
Montana,2019,24,2,0,94,2
Nebraska,2019,24,0,0,69,0
New York,2019,24,5,2,1081,7
North Carolina,2019,24,0,1,75,1
North Dakota,2019,24,0,0,30,0
Ohio,2019,24,5,2,604,7
Oklahoma,2019,24,0,0,131,0
Oregon,2019,24,0,0,44,0
Pennsylvania,2019,24,0,0,122,0
South Carolina,2019,24,3,0,153,3
South Dakota,2019,24,0,0,43,0
Tennessee,2019,24,1,0,17,1
Texas,2019,24,3,11,833,14
Utah,2019,24,9,1,305,10
Vermont,2019,24,1,1,46,2
Virginia,2019,24,0,0,152,0
Washington,2019,24,3,3,431,6
West Virginia,2019,24,1,1,341,2
Wisconsin,2019,24,5,0,543,5
Alabama,2019,25,0,3,211,3
Arizona,2019,25,1,2,221,3
Arkansas,2019,25,0,0,86,0
California,2019,25,1,0,308,1
Colorado,2019,25,3,2,234,5
Connecticut,2019,25,1,0,281,1
Delaware,2019,25,0,0,51,0
Florida,2019,25,56,49,1303,105
Georgia,2019,25,3,5,306,8
Illinois,2019,25,1,0,142,1
Indiana,2019,25,0,0,83,0
Iowa,2019,25,1,0,126,1
Kansas,2019,25,0,0,35,0
Kentucky,2019,25,2,0,234,2
Louisiana,2019,25,0,1,172,1
Maine,2019,25,0,0,10,0
Maryland,2019,25,0,0,83,0
Massachusetts,2019,25,3,0,259,3
Michigan,2019,25,2,8,521,10
Minnesota,2019,25,0,0,100,0
Missouri,2019,25,0,1,421,1
Montana,2019,25,0,0,68,0
Nebraska,2019,25,0,0,26,0
New Mexico,2019,25,1,0,126,1
New York,2019,25,6,0,1130,6
North Carolina,2019,25,0,0,53,0
North Dakota,2019,25,1,1,35,2
Ohio,2019,25,1,0,508,1
Oklahoma,2019,25,0,0,104,0
Oregon,2019,25,0,0,68,0
Pennsylvania,2019,25,1,0,120,1
South Carolina,2019,25,1,0,138,1
South Dakota,2019,25,0,0,43,0
Tennessee,2019,25,1,0,20,1
Texas,2019,25,6,7,809,13
Utah,2019,25,5,1,308,6
Vermont,2019,25,0,1,41,1
Virginia,2019,25,1,0,144,1
Washington,2019,25,3,1,364,4
West Virginia,2019,25,0,0,313,0
Wisconsin,2019,25,3,0,437,3
Alabama,2019,26,2,3,266,5
Arizona,2019,26,1,1,172,2
Arkansas,2019,26,0,0,58,0
California,2019,26,2,0,269,2
Colorado,2019,26,2,0,213,2
Connecticut,2019,26,5,0,262,5
Delaware,2019,26,0,0,27,0
Florida,2019,26,36,49,1142,85
Georgia,2019,26,6,4,311,10
Illinois,2019,26,1,0,100,1
Indiana,2019,26,0,0,74,0
Iowa,2019,26,0,0,87,0
Kansas,2019,26,0,0,31,0
Kentucky,2019,26,0,0,235,0
Louisiana,2019,26,2,2,148,4
Maryland,2019,26,0,0,60,0
Massachusetts,2019,26,0,0,86,0
Michigan,2019,26,2,2,427,4
Minnesota,2019,26,2,0,117,2
Mississippi,2019,26,0,2,13,2
Missouri,2019,26,0,1,145,1
Montana,2019,26,0,0,74,0
Nebraska,2019,26,1,0,27,1
New Mexico,2019,26,2,0,117,2
New York,2019,26,1,0,964,1
North Carolina,2019,26,0,0,32,0
North Dakota,2019,26,0,0,23,0
Ohio,2019,26,6,4,594,10
Oklahoma,2019,26,1,0,105,1
Oregon,2019,26,1,0,27,1
Pennsylvania,2019,26,0,0,126,0
South Carolina,2019,26,0,0,141,0
South Dakota,2019,26,0,0,46,0
Tennessee,2019,26,0,0,14,0
Texas,2019,26,9,11,718,20
Utah,2019,26,0,1,271,1
Vermont,2019,26,0,2,17,2
Virginia,2019,26,0,0,128,0
Washington,2019,26,4,3,374,7
West Virginia,2019,26,0,1,298,1
Wisconsin,2019,26,5,2,397,7
Alabama,2019,27,1,1,234,2
Arizona,2019,27,1,2,122,3
Arkansas,2019,27,0,0,61,0
California,2019,27,4,2,287,6
Colorado,2019,27,4,0,187,4
Connecticut,2019,27,3,0,233,3
Delaware,2019,27,0,0,34,0
Florida,2019,27,52,54,1234,106
Georgia,2019,27,6,2,300,8
Illinois,2019,27,1,0,85,1
Indiana,2019,27,0,0,83,0
Iowa,2019,27,1,0,73,1
Kansas,2019,27,1,0,34,1
Kentucky,2019,27,0,0,257,0
Louisiana,2019,27,2,0,131,2
Maryland,2019,27,0,0,34,0
Massachusetts,2019,27,4,0,165,4
Michigan,2019,27,4,1,368,5
Minnesota,2019,27,1,0,77,1
Mississippi,2019,27,1,1,14,2
Missouri,2019,27,1,1,386,2
Montana,2019,27,0,0,51,0
Nebraska,2019,27,0,0,37,0
New Mexico,2019,27,11,1,163,12
New York,2019,27,2,0,839,2
North Carolina,2019,27,0,0,53,0
North Dakota,2019,27,0,0,24,0
Ohio,2019,27,8,1,512,9
Oklahoma,2019,27,0,0,107,0
Oregon,2019,27,1,0,44,1
Pennsylvania,2019,27,1,0,173,1
South Carolina,2019,27,0,0,116,0
South Dakota,2019,27,0,0,42,0
Texas,2019,27,4,6,600,10
Utah,2019,27,2,2,229,4
Vermont,2019,27,0,0,13,0
Virginia,2019,27,3,0,118,3
Washington,2019,27,4,0,347,4
West Virginia,2019,27,1,1,275,2
Wisconsin,2019,27,3,1,351,4
Alabama,2019,28,5,2,272,7
Arizona,2019,28,2,1,129,3
Arkansas,2019,28,0,0,46,0
California,2019,28,2,2,300,4
Colorado,2019,28,0,0,214,0
Connecticut,2019,28,1,0,240,1
Delaware,2019,28,2,0,34,2
Florida,2019,28,50,51,1201,101
Georgia,2019,28,5,3,300,8
Illinois,2019,28,0,0,105,0
Indiana,2019,28,0,0,61,0
Iowa,2019,28,0,0,91,0
Kansas,2019,28,0,0,45,0
Kentucky,2019,28,1,0,255,1
Louisiana,2019,28,0,0,126,0
Maryland,2019,28,0,0,51,0
Massachusetts,2019,28,2,0,199,2
Michigan,2019,28,3,2,326,5
Minnesota,2019,28,0,0,100,0
Missouri,2019,28,0,0,388,0
Montana,2019,28,0,0,70,0
Nebraska,2019,28,0,0,30,0
New Mexico,2019,28,0,0,113,0
New York,2019,28,2,0,875,2
North Carolina,2019,28,0,0,51,0
North Dakota,2019,28,0,0,31,0
Ohio,2019,28,0,0,441,0
Oklahoma,2019,28,0,0,116,0
Oregon,2019,28,0,0,13,0
Pennsylvania,2019,28,0,0,171,0
South Carolina,2019,28,1,0,144,1
South Dakota,2019,28,0,1,54,1
Texas,2019,28,8,2,641,10
Utah,2019,28,4,1,233,5
Vermont,2019,28,0,0,10,0
Virginia,2019,28,0,0,146,0
Washington,2019,28,5,1,331,6
West Virginia,2019,28,0,0,274,0
Wisconsin,2019,28,0,0,397,0
Alabama,2019,29,0,2,72,2
Arizona,2019,29,0,1,124,1
Arkansas,2019,29,0,0,61,0
California,2019,29,2,1,269,3
Colorado,2019,29,1,0,204,1
Connecticut,2019,29,0,0,227,0
Delaware,2019,29,0,0,33,0
Florida,2019,29,45,56,1184,101
Georgia,2019,29,4,2,284,6
Illinois,2019,29,0,0,68,0
Indiana,2019,29,0,0,57,0
Iowa,2019,29,0,0,93,0
Kansas,2019,29,0,0,43,0
Kentucky,2019,29,1,0,207,1
Louisiana,2019,29,1,0,108,1
Maryland,2019,29,0,0,58,0
Massachusetts,2019,29,2,0,152,2
Michigan,2019,29,4,2,287,6
Minnesota,2019,29,0,0,93,0
Missouri,2019,29,5,0,392,5
Montana,2019,29,1,0,59,1
Nebraska,2019,29,0,0,34,0
New Mexico,2019,29,2,0,109,2
New York,2019,29,4,1,861,5
North Carolina,2019,29,0,0,62,0
North Dakota,2019,29,0,0,28,0
Ohio,2019,29,7,0,532,7
Oklahoma,2019,29,0,0,119,0
Oregon,2019,29,0,0,36,0
Pennsylvania,2019,29,1,0,148,1
South Carolina,2019,29,1,2,125,3
South Dakota,2019,29,0,0,31,0
Texas,2019,29,13,3,599,16
Utah,2019,29,0,0,206,0
Vermont,2019,29,0,0,10,0
Virginia,2019,29,1,0,109,1
Washington,2019,29,5,1,312,6
West Virginia,2019,29,0,0,236,0
Wisconsin,2019,29,1,1,349,2
Alabama,2019,30,2,1,78,3
Arizona,2019,30,0,0,113,0
Arkansas,2019,30,0,0,60,0
California,2019,30,2,0,266,2
Colorado,2019,30,2,3,190,5
Connecticut,2019,30,2,0,190,2
Delaware,2019,30,0,0,23,0
Florida,2019,30,47,67,1179,114
Georgia,2019,30,3,1,291,4
Illinois,2019,30,0,0,86,0
Indiana,2019,30,0,0,57,0
Iowa,2019,30,1,0,69,1
Kansas,2019,30,0,0,39,0
Kentucky,2019,30,0,0,243,0
Louisiana,2019,30,0,0,85,0
Maryland,2019,30,1,0,52,1
Massachusetts,2019,30,2,0,172,2
Michigan,2019,30,1,1,241,2
Minnesota,2019,30,0,0,96,0
Mississippi,2019,30,0,0,14,0
Missouri,2019,30,1,0,347,1
Montana,2019,30,0,0,54,0
Nebraska,2019,30,0,0,31,0
New Mexico,2019,30,1,0,103,1
New York,2019,30,3,0,740,3
North Carolina,2019,30,0,0,36,0
North Dakota,2019,30,0,0,14,0
Ohio,2019,30,2,0,508,2
Oklahoma,2019,30,1,0,101,1
Oregon,2019,30,0,0,15,0
Pennsylvania,2019,30,0,0,165,0
South Carolina,2019,30,1,0,134,1
South Dakota,2019,30,2,0,43,2
Texas,2019,30,12,4,617,16
Utah,2019,30,8,1,213,9
Vermont,2019,30,0,0,12,0
Virginia,2019,30,1,0,119,1
Washington,2019,30,5,0,254,5
West Virginia,2019,30,0,0,258,0
Wisconsin,2019,30,1,0,309,1
Alabama,2019,31,1,3,196,4
Arizona,2019,31,0,0,128,0
Arkansas,2019,31,0,1,62,1
California,2019,31,1,0,278,1
Colorado,2019,31,2,1,177,3
Connecticut,2019,31,4,0,188,4
Delaware,2019,31,0,1,41,1
Florida,2019,31,52,57,1136,109
Georgia,2019,31,3,0,273,3
Illinois,2019,31,1,0,90,1
Indiana,2019,31,0,0,45,0
Iowa,2019,31,1,0,80,1
Kansas,2019,31,0,0,36,0
Kentucky,2019,31,2,0,258,2
Louisiana,2019,31,1,3,108,4
Maryland,2019,31,1,0,34,1
Massachusetts,2019,31,1,0,122,1
Michigan,2019,31,4,0,292,4
Minnesota,2019,31,0,1,98,1
Mississippi,2019,31,0,0,10,0
Missouri,2019,31,1,0,349,1
Montana,2019,31,2,0,55,2
Nebraska,2019,31,0,0,32,0
New Mexico,2019,31,0,0,65,0
New York,2019,31,2,1,759,3
North Carolina,2019,31,0,0,27,0
North Dakota,2019,31,0,0,17,0
Ohio,2019,31,4,0,443,4
Oklahoma,2019,31,0,0,83,0
Oregon,2019,31,0,1,32,1
Pennsylvania,2019,31,0,0,163,0
South Carolina,2019,31,2,2,101,4
South Dakota,2019,31,0,0,24,0
Texas,2019,31,9,3,611,12
Utah,2019,31,0,1,201,1
Vermont,2019,31,0,0,12,0
Virginia,2019,31,0,0,68,0
Washington,2019,31,6,2,283,8
West Virginia,2019,31,0,0,219,0
Wisconsin,2019,31,2,0,327,2
Alabama,2019,32,2,6,182,8
Arizona,2019,32,0,0,112,0
Arkansas,2019,32,0,0,56,0
California,2019,32,1,3,248,4
Colorado,2019,32,1,0,165,1
Connecticut,2019,32,0,2,206,2
Delaware,2019,32,1,0,35,1
Florida,2019,32,50,64,1153,114
Georgia,2019,32,2,1,295,3
Illinois,2019,32,0,0,78,0
Indiana,2019,32,0,0,58,0
Iowa,2019,32,1,0,84,1
Kansas,2019,32,0,0,30,0
Kentucky,2019,32,0,0,202,0
Louisiana,2019,32,0,0,114,0
Maryland,2019,32,1,0,49,1
Massachusetts,2019,32,0,0,129,0
Michigan,2019,32,1,0,273,1
Minnesota,2019,32,0,0,98,0
Mississippi,2019,32,0,0,10,0
Missouri,2019,32,0,0,371,0
Montana,2019,32,0,0,54,0
Nebraska,2019,32,0,0,24,0
New Mexico,2019,32,1,0,79,1
New York,2019,32,4,0,804,4
North Carolina,2019,32,0,0,49,0
North Dakota,2019,32,0,0,14,0
Ohio,2019,32,1,0,585,1
Oklahoma,2019,32,1,0,94,1
Oregon,2019,32,0,1,25,1
Pennsylvania,2019,32,0,0,165,0
South Carolina,2019,32,2,0,117,2
South Dakota,2019,32,0,0,36,0
Texas,2019,32,1,4,576,5
Utah,2019,32,0,0,210,0
Virginia,2019,32,0,0,121,0
Washington,2019,32,3,2,228,5
West Virginia,2019,32,2,1,275,3
Wisconsin,2019,32,0,0,347,0
Alabama,2019,33,1,11,233,12
Arizona,2019,33,1,0,152,1
Arkansas,2019,33,0,0,57,0
California,2019,33,4,2,303,6
Colorado,2019,33,4,1,196,5
Connecticut,2019,33,1,2,219,3
Delaware,2019,33,0,0,31,0
Florida,2019,33,43,63,1142,106
Georgia,2019,33,3,0,345,3
Illinois,2019,33,1,0,89,1
Indiana,2019,33,0,0,94,0
Iowa,2019,33,1,0,84,1
Kansas,2019,33,1,1,28,2
Kentucky,2019,33,0,0,238,0
Louisiana,2019,33,0,1,126,1
Maryland,2019,33,0,0,35,0
Massachusetts,2019,33,0,0,154,0
Michigan,2019,33,0,0,250,0
Minnesota,2019,33,0,0,108,0
Missouri,2019,33,0,0,353,0
Montana,2019,33,0,0,65,0
Nebraska,2019,33,0,0,32,0
Nevada,2019,33,1,0,13,1
New York,2019,33,1,0,849,1
North Carolina,2019,33,0,0,38,0
North Dakota,2019,33,0,0,33,0
Ohio,2019,33,0,1,470,1
Oklahoma,2019,33,0,0,106,0
Oregon,2019,33,0,0,54,0
Pennsylvania,2019,33,1,0,167,1
South Carolina,2019,33,0,1,135,1
South Dakota,2019,33,0,0,33,0
Texas,2019,33,3,4,597,7
Utah,2019,33,4,1,242,5
Virginia,2019,33,0,0,114,0
Washington,2019,33,2,1,217,3
West Virginia,2019,33,0,1,239,1
Wisconsin,2019,33,0,0,321,0
Alabama,2019,34,0,27,335,27
Arizona,2019,34,0,0,140,0
Arkansas,2019,34,0,0,55,0
California,2019,34,4,0,270,4
Colorado,2019,34,1,0,198,1
Connecticut,2019,34,0,0,169,0
Delaware,2019,34,0,0,31,0
Florida,2019,34,55,70,1338,125
Georgia,2019,34,6,4,438,10
Illinois,2019,34,0,0,93,0
Indiana,2019,34,0,0,98,0
Iowa,2019,34,1,0,92,1
Kansas,2019,34,0,0,44,0
Kentucky,2019,34,0,0,253,0
Louisiana,2019,34,0,3,136,3
Maryland,2019,34,0,0,35,0
Massachusetts,2019,34,0,1,163,1
Michigan,2019,34,5,1,258,6
Minnesota,2019,34,1,0,88,1
Mississippi,2019,34,0,0,16,0
Missouri,2019,34,2,0,402,2
Montana,2019,34,0,0,34,0
Nebraska,2019,34,0,0,41,0
Nevada,2019,34,1,0,18,1
New Mexico,2019,34,0,0,126,0
New York,2019,34,8,0,745,8
North Carolina,2019,34,0,0,49,0
North Dakota,2019,34,0,0,19,0
Ohio,2019,34,2,0,511,2
Oklahoma,2019,34,0,0,104,0
Oregon,2019,34,0,0,39,0
Pennsylvania,2019,34,0,0,157,0
South Carolina,2019,34,0,0,121,0
South Dakota,2019,34,0,0,35,0
Texas,2019,34,2,8,719,10
Utah,2019,34,2,0,233,2
Virginia,2019,34,0,0,122,0
Washington,2019,34,1,0,205,1
West Virginia,2019,34,0,0,258,0
Wisconsin,2019,34,1,0,328,1
Alabama,2019,35,0,41,395,41
Arizona,2019,35,2,2,189,4
Arkansas,2019,35,0,0,63,0
California,2019,35,5,3,423,8
Colorado,2019,35,4,1,249,5
Connecticut,2019,35,2,0,226,2
Delaware,2019,35,1,0,42,1
Florida,2019,35,76,150,1802,226
Georgia,2019,35,11,8,484,19
Illinois,2019,35,0,0,110,0
Indiana,2019,35,0,0,96,0
Iowa,2019,35,0,0,121,0
Kansas,2019,35,0,1,46,1
Kentucky,2019,35,0,0,333,0
Louisiana,2019,35,1,4,164,5
Maine,2019,35,0,0,11,0
Maryland,2019,35,0,0,43,0
Massachusetts,2019,35,1,0,148,1
Michigan,2019,35,6,2,298,8
Minnesota,2019,35,2,0,108,2
Mississippi,2019,35,0,0,11,0
Missouri,2019,35,2,0,466,2
Montana,2019,35,0,0,49,0
Nebraska,2019,35,0,0,43,0
New York,2019,35,5,0,853,5
North Carolina,2019,35,0,0,69,0
North Dakota,2019,35,0,0,42,0
Ohio,2019,35,3,1,599,4
Oklahoma,2019,35,0,0,119,0
Oregon,2019,35,0,0,38,0
Pennsylvania,2019,35,0,0,165,0
South Carolina,2019,35,2,1,142,3
South Dakota,2019,35,0,0,49,0
Texas,2019,35,5,3,867,8
Utah,2019,35,0,0,241,0
Vermont,2019,35,0,0,16,0
Virginia,2019,35,0,0,143,0
Washington,2019,35,8,0,256,8
West Virginia,2019,35,0,0,310,0
Wisconsin,2019,35,0,0,348,0
Alabama,2019,36,0,49,505,49
Arizona,2019,36,1,1,196,2
Arkansas,2019,36,0,0,75,0
California,2019,36,5,1,390,6
Colorado,2019,36,3,2,275,5
Connecticut,2019,36,1,0,242,1
Delaware,2019,36,1,0,45,1
Florida,2019,36,72,151,1847,223
Georgia,2019,36,3,6,593,9
Illinois,2019,36,1,0,121,1
Indiana,2019,36,0,0,110,0
Iowa,2019,36,0,0,150,0
Kansas,2019,36,0,0,48,0
Kentucky,2019,36,0,0,291,0
Louisiana,2019,36,0,3,190,3
Maine,2019,36,0,0,13,0
Maryland,2019,36,0,0,53,0
Massachusetts,2019,36,5,0,190,5
Michigan,2019,36,12,0,364,12
Minnesota,2019,36,0,0,105,0
Mississippi,2019,36,0,0,20,0
Missouri,2019,36,1,0,491,1
Montana,2019,36,2,0,82,2
Nebraska,2019,36,0,0,36,0
New Mexico,2019,36,0,0,170,0
New York,2019,36,8,0,861,8
North Carolina,2019,36,0,0,93,0
North Dakota,2019,36,0,0,31,0
Ohio,2019,36,2,1,745,3
Oklahoma,2019,36,0,0,160,0
Oregon,2019,36,0,0,46,0
Pennsylvania,2019,36,0,0,196,0
South Carolina,2019,36,0,1,121,1
South Dakota,2019,36,0,0,43,0
Texas,2019,36,12,7,1090,19
Utah,2019,36,0,0,274,0
Vermont,2019,36,0,0,13,0
Virginia,2019,36,0,0,165,0
Washington,2019,36,1,2,265,3
West Virginia,2019,36,1,0,358,1
Wisconsin,2019,36,2,0,398,2
Alabama,2019,37,3,31,467,34
Arizona,2019,37,3,0,186,3
Arkansas,2019,37,0,0,92,0
California,2019,37,4,0,441,4
Colorado,2019,37,0,0,193,0
Connecticut,2019,37,6,0,364,6
Delaware,2019,37,0,0,91,0
Florida,2019,37,50,118,1581,168
Georgia,2019,37,3,9,671,12
Illinois,2019,37,2,1,170,3
Indiana,2019,37,1,1,122,2
Iowa,2019,37,1,0,158,1
Kansas,2019,37,0,0,52,0
Kentucky,2019,37,2,1,359,3
Louisiana,2019,37,1,1,165,2
Maryland,2019,37,2,0,77,2
Massachusetts,2019,37,4,0,311,4
Michigan,2019,37,35,1,621,36
Minnesota,2019,37,1,0,155,1
Mississippi,2019,37,0,0,31,0
Missouri,2019,37,0,0,572,0
Montana,2019,37,0,0,93,0
Nebraska,2019,37,0,0,46,0
Nevada,2019,37,0,0,14,0
New Mexico,2019,37,2,0,152,2
New York,2019,37,9,0,1047,9
North Carolina,2019,37,0,1,94,1
North Dakota,2019,37,0,0,66,0
Ohio,2019,37,5,0,904,5
Oklahoma,2019,37,0,0,168,0
Oregon,2019,37,1,0,54,1
Pennsylvania,2019,37,1,0,254,1
South Carolina,2019,37,0,0,203,0
South Dakota,2019,37,0,0,37,0
Texas,2019,37,4,11,1177,15
Utah,2019,37,2,1,314,3
Vermont,2019,37,0,0,32,0
Virginia,2019,37,0,0,145,0
Washington,2019,37,5,0,404,5
West Virginia,2019,37,1,0,355,1
Wisconsin,2019,37,0,0,503,0
Alabama,2019,38,0,18,493,18
Arizona,2019,38,0,0,147,0
Arkansas,2019,38,0,1,74,1
California,2019,38,3,4,471,7
Colorado,2019,38,1,0,280,1
Connecticut,2019,38,2,0,372,2
Delaware,2019,38,0,0,107,0
Florida,2019,38,69,185,1873,254
Georgia,2019,38,5,4,673,9
Illinois,2019,38,2,0,189,2
Indiana,2019,38,0,0,142,0
Iowa,2019,38,0,0,190,0
Kansas,2019,38,0,0,62,0
Kentucky,2019,38,0,0,372,0
Louisiana,2019,38,1,3,209,4
Maine,2019,38,1,0,25,1
Maryland,2019,38,1,1,100,2
Massachusetts,2019,38,4,2,379,6
Michigan,2019,38,16,4,753,20
Minnesota,2019,38,0,1,138,1
Mississippi,2019,38,0,1,34,1
Missouri,2019,38,3,0,603,3
Montana,2019,38,0,0,113,0
Nebraska,2019,38,0,0,36,0
Nevada,2019,38,0,1,14,1
New Mexico,2019,38,2,0,181,2
New York,2019,38,9,2,1231,11
North Carolina,2019,38,1,0,143,1
North Dakota,2019,38,1,1,65,2
Ohio,2019,38,9,2,1054,11
Oklahoma,2019,38,0,0,182,0
Oregon,2019,38,0,1,87,1
Pennsylvania,2019,38,1,0,290,1
South Carolina,2019,38,0,0,184,0
South Dakota,2019,38,0,0,61,0
Texas,2019,38,11,16,1188,27
Utah,2019,38,2,1,298,3
Vermont,2019,38,0,0,25,0
Virginia,2019,38,0,0,172,0
Washington,2019,38,8,1,542,9
West Virginia,2019,38,2,0,362,2
Wisconsin,2019,38,2,0,654,2
Alabama,2019,39,2,23,530,25
Arizona,2019,39,0,0,244,0
Arkansas,2019,39,0,0,98,0
California,2019,39,6,1,520,7
Colorado,2019,39,3,0,334,3
Connecticut,2019,39,2,0,522,2
Delaware,2019,39,1,0,142,1
Florida,2019,39,66,236,1992,302
Georgia,2019,39,5,10,806,15
Illinois,2019,39,6,2,191,8
Indiana,2019,39,0,0,166,0
Iowa,2019,39,0,0,189,0
Kansas,2019,39,0,1,52,1
Kentucky,2019,39,0,0,379,0
Louisiana,2019,39,0,10,224,10
Maine,2019,39,1,0,31,1
Maryland,2019,39,1,0,129,1
Massachusetts,2019,39,3,0,462,3
Michigan,2019,39,8,3,869,11
Minnesota,2019,39,1,0,195,1
Mississippi,2019,39,0,1,56,1
Missouri,2019,39,1,0,689,1
Montana,2019,39,0,0,111,0
Nebraska,2019,39,0,0,46,0
Nevada,2019,39,0,0,13,0
New Mexico,2019,39,1,0,215,1
New York,2019,39,9,2,1372,11
North Carolina,2019,39,0,1,226,1
North Dakota,2019,39,0,1,82,1
Ohio,2019,39,7,1,1148,8
Oklahoma,2019,39,0,0,195,0
Oregon,2019,39,4,0,412,4
Pennsylvania,2019,39,0,0,278,0
South Carolina,2019,39,0,0,218,0
South Dakota,2019,39,0,0,43,0
Texas,2019,39,9,23,1259,32
Utah,2019,39,3,0,321,3
Vermont,2019,39,0,0,42,0
Virginia,2019,39,0,0,205,0
Washington,2019,39,9,4,692,13
West Virginia,2019,39,0,0,382,0
Wisconsin,2019,39,2,1,743,3
Alabama,2019,40,2,13,512,15
Arizona,2019,40,0,2,278,2
Arkansas,2019,40,0,0,89,0
California,2019,40,18,10,1776,28
Colorado,2019,40,2,0,458,2
Connecticut,2019,40,1,0,475,1
Delaware,2019,40,4,1,184,5
Florida,2019,40,17,7,880,24
Georgia,2019,40,8,16,874,24
Idaho,2019,40,0,0,59,0
Illinois,2019,40,1,1,207,2
Indiana,2019,40,1,0,168,1
Iowa,2019,40,0,0,225,0
Kansas,2019,40,0,0,62,0
Kentucky,2019,40,1,0,388,1
Louisiana,2019,40,2,14,443,16
Maine,2019,40,0,0,34,0
Maryland,2019,40,1,3,136,4
Massachusetts,2019,40,2,0,481,2
Michigan,2019,40,5,3,1025,8
Minnesota,2019,40,0,0,269,0
Mississippi,2019,40,0,1,44,1
Missouri,2019,40,2,1,722,3
Montana,2019,40,2,0,99,2
Nebraska,2019,40,0,0,62,0
New Mexico,2019,40,1,0,247,1
New York,2019,40,4,0,1354,4
North Carolina,2019,40,2,0,208,2
North Dakota,2019,40,0,2,118,2
Ohio,2019,40,1,3,1318,4
Oklahoma,2019,40,0,0,194,0
Oregon,2019,40,7,4,770,11
Pennsylvania,2019,40,0,0,201,0
South Carolina,2019,40,0,0,212,0
South Dakota,2019,40,0,0,53,0
Tennessee,2019,40,0,0,35,0
Texas,2019,40,21,32,1720,53
Utah,2019,40,8,1,369,9
Vermont,2019,40,0,0,67,0
Virginia,2019,40,0,0,231,0
Washington,2019,40,13,1,900,14
West Virginia,2019,40,0,0,367,0
Wisconsin,2019,40,4,0,832,4
Alabama,2019,41,4,13,498,17
Arizona,2019,41,3,5,273,8
Arkansas,2019,41,1,1,94,2
California,2019,41,26,11,1887,37
Colorado,2019,41,7,3,441,10
Connecticut,2019,41,0,0,466,0
Delaware,2019,41,1,3,218,4
Florida,2019,41,20,26,1029,46
Georgia,2019,41,11,16,875,27
Idaho,2019,41,1,2,60,3
Illinois,2019,41,5,2,261,7
Indiana,2019,41,1,0,183,1
Iowa,2019,41,4,0,235,4
Kansas,2019,41,0,0,84,0
Kentucky,2019,41,0,0,425,0
Louisiana,2019,41,4,20,608,24
Maine,2019,41,0,0,42,0
Maryland,2019,41,0,1,133,1
Massachusetts,2019,41,8,2,577,10
Michigan,2019,41,1,0,1087,1
Minnesota,2019,41,1,0,325,1
Mississippi,2019,41,0,0,59,0
Missouri,2019,41,3,0,865,3
Montana,2019,41,0,0,123,0
Nebraska,2019,41,0,0,59,0
Nevada,2019,41,0,1,15,1
New Mexico,2019,41,0,0,252,0
New York,2019,41,6,4,1479,10
North Carolina,2019,41,1,1,242,2
North Dakota,2019,41,0,1,153,1
Ohio,2019,41,2,3,1457,5
Oklahoma,2019,41,0,0,249,0
Oregon,2019,41,4,3,1106,7
Pennsylvania,2019,41,0,0,247,0
South Carolina,2019,41,0,1,222,1
South Dakota,2019,41,0,0,57,0
Tennessee,2019,41,0,2,36,2
Texas,2019,41,12,52,2065,64
Utah,2019,41,3,1,374,4
Vermont,2019,41,0,0,88,0
Virginia,2019,41,0,0,237,0
Washington,2019,41,8,3,984,11
West Virginia,2019,41,0,1,336,1
Wisconsin,2019,41,4,0,806,4
Alabama,2019,42,1,5,527,6
Arizona,2019,42,2,3,249,5
Arkansas,2019,42,0,1,109,1
California,2019,42,27,14,1995,41
Colorado,2019,42,5,6,530,11
Connecticut,2019,42,3,0,473,3
Delaware,2019,42,6,1,211,7
Florida,2019,42,24,9,950,33
Georgia,2019,42,11,14,1020,25
Idaho,2019,42,3,2,70,5
Illinois,2019,42,0,0,256,0
Indiana,2019,42,0,0,151,0
Iowa,2019,42,0,0,278,0
Kansas,2019,42,0,0,81,0
Kentucky,2019,42,2,0,469,2
Louisiana,2019,42,4,34,524,38
Maine,2019,42,0,0,44,0
Maryland,2019,42,1,1,181,2
Massachusetts,2019,42,2,0,540,2
Michigan,2019,42,5,2,1251,7
Minnesota,2019,42,2,1,375,3
Mississippi,2019,42,0,3,56,3
Missouri,2019,42,0,0,929,0
Montana,2019,42,0,1,109,1
Nebraska,2019,42,0,0,77,0
New Mexico,2019,42,0,0,297,0
New York,2019,42,4,2,1559,6
North Carolina,2019,42,1,1,222,2
North Dakota,2019,42,0,5,162,5
Ohio,2019,42,2,5,1475,7
Oklahoma,2019,42,0,0,224,0
Oregon,2019,42,8,2,991,10
Pennsylvania,2019,42,0,0,292,0
South Carolina,2019,42,1,0,229,1
South Dakota,2019,42,0,0,61,0
Tennessee,2019,42,0,0,39,0
Texas,2019,42,22,60,2179,82
Utah,2019,42,5,1,467,6
Vermont,2019,42,0,0,94,0
Virginia,2019,42,1,0,283,1
Washington,2019,42,13,4,970,17
West Virginia,2019,42,1,0,422,1
Wisconsin,2019,42,4,1,896,5
Alabama,2019,43,0,16,529,16
Arizona,2019,43,2,4,265,6
Arkansas,2019,43,1,2,122,3
California,2019,43,24,33,1964,57
Colorado,2019,43,6,2,541,8
Connecticut,2019,43,5,0,560,5
Delaware,2019,43,1,5,211,6
Florida,2019,43,27,22,1016,49
Georgia,2019,43,16,34,1139,50
Idaho,2019,43,10,1,71,11
Illinois,2019,43,2,1,332,3
Indiana,2019,43,0,2,224,2
Iowa,2019,43,0,0,244,0
Kansas,2019,43,0,0,76,0
Kentucky,2019,43,0,1,518,1
Louisiana,2019,43,3,50,573,53
Maine,2019,43,0,0,57,0
Maryland,2019,43,0,2,231,2
Massachusetts,2019,43,4,3,588,7
Michigan,2019,43,9,7,1335,16
Minnesota,2019,43,1,1,312,2
Mississippi,2019,43,1,1,67,2
Missouri,2019,43,2,0,1037,2
Montana,2019,43,1,1,108,2
Nebraska,2019,43,1,0,97,1
Nevada,2019,43,1,2,34,3
New York,2019,43,7,7,1660,14
North Carolina,2019,43,3,0,217,3
North Dakota,2019,43,0,11,172,11
Ohio,2019,43,3,5,1756,8
Oklahoma,2019,43,0,0,192,0
Oregon,2019,43,3,7,1029,10
Pennsylvania,2019,43,1,0,300,1
South Carolina,2019,43,2,2,312,4
South Dakota,2019,43,0,0,70,0
Tennessee,2019,43,0,0,54,0
Texas,2019,43,29,117,2553,146
Utah,2019,43,5,1,448,6
Vermont,2019,43,0,0,75,0
Virginia,2019,43,1,0,297,1
Washington,2019,43,4,6,889,10
West Virginia,2019,43,1,2,461,3
Wisconsin,2019,43,5,3,1063,8
Alabama,2019,44,3,18,524,21
Arizona,2019,44,1,2,239,3
Arkansas,2019,44,1,2,136,3
California,2019,44,44,56,2061,100
Colorado,2019,44,7,6,511,13
Connecticut,2019,44,3,0,569,3
Delaware,2019,44,0,1,200,1
Florida,2019,44,15,25,968,40
Georgia,2019,44,20,41,1212,61
Idaho,2019,44,3,2,95,5
Illinois,2019,44,3,2,317,5
Indiana,2019,44,0,1,215,1
Iowa,2019,44,1,0,205,1
Kansas,2019,44,0,0,79,0
Kentucky,2019,44,1,2,524,3
Louisiana,2019,44,6,70,653,76
Maine,2019,44,0,0,57,0
Maryland,2019,44,2,2,179,4
Massachusetts,2019,44,1,1,527,2
Michigan,2019,44,3,3,1287,6
Minnesota,2019,44,2,1,353,3
Mississippi,2019,44,0,0,85,0
Missouri,2019,44,2,2,1097,4
Montana,2019,44,0,0,110,0
Nebraska,2019,44,0,0,81,0
New Mexico,2019,44,1,2,330,3
New York,2019,44,15,5,1684,20
North Carolina,2019,44,7,0,247,7
North Dakota,2019,44,0,12,161,12
Ohio,2019,44,6,8,1855,14
Oklahoma,2019,44,1,0,255,1
Oregon,2019,44,10,15,1046,25
Pennsylvania,2019,44,0,0,341,0
South Carolina,2019,44,0,2,354,2
South Dakota,2019,44,0,0,64,0
Tennessee,2019,44,1,0,56,1
Texas,2019,44,34,250,2482,284
Utah,2019,44,4,1,450,5
Vermont,2019,44,0,1,95,1
Virginia,2019,44,1,1,291,2
Washington,2019,44,5,10,937,15
West Virginia,2019,44,1,1,494,2
Wisconsin,2019,44,4,4,1087,8
Alabama,2019,45,4,15,635,19
Arizona,2019,45,2,4,223,6
Arkansas,2019,45,1,3,163,4
California,2019,45,125,135,2603,260
Colorado,2019,45,15,9,573,24
Connecticut,2019,45,4,1,583,5
Delaware,2019,45,2,7,250,9
Florida,2019,45,32,57,1138,89
Georgia,2019,45,25,49,1398,74
Idaho,2019,45,0,2,62,2
Illinois,2019,45,3,2,323,5
Indiana,2019,45,3,3,234,6
Iowa,2019,45,2,1,246,3
Kansas,2019,45,0,0,85,0
Kentucky,2019,45,6,2,641,8
Louisiana,2019,45,11,114,796,125
Maine,2019,45,0,1,72,1
Maryland,2019,45,2,3,193,5
Massachusetts,2019,45,1,1,570,2
Michigan,2019,45,10,3,1430,13
Minnesota,2019,45,1,0,342,1
Mississippi,2019,45,0,1,110,1
Missouri,2019,45,2,0,616,2
Montana,2019,45,0,0,122,0
Nebraska,2019,45,3,0,112,3
Nevada,2019,45,0,23,64,23
New Mexico,2019,45,7,0,361,7
New York,2019,45,19,10,1933,29
North Carolina,2019,45,0,2,266,2
North Dakota,2019,45,1,41,224,42
Ohio,2019,45,8,6,2152,14
Oklahoma,2019,45,1,1,264,2
Oregon,2019,45,8,34,1132,42
Pennsylvania,2019,45,1,2,351,3
South Carolina,2019,45,1,3,367,4
South Dakota,2019,45,0,0,57,0
Tennessee,2019,45,1,0,50,1
Texas,2019,45,70,505,3435,575
Utah,2019,45,9,5,532,14
Vermont,2019,45,0,1,107,1
Virginia,2019,45,2,2,364,4
Washington,2019,45,4,14,961,18
West Virginia,2019,45,0,0,559,0
Wisconsin,2019,45,6,2,1136,8
Alabama,2019,46,5,26,739,31
Arizona,2019,46,3,18,402,21
Arkansas,2019,46,0,3,175,3
California,2019,46,126,247,2887,373
Colorado,2019,46,14,24,670,38
Connecticut,2019,46,5,1,678,6
Delaware,2019,46,5,10,280,15
Florida,2019,46,20,85,1334,105
Georgia,2019,46,38,110,1817,148
Idaho,2019,46,1,5,71,6
Illinois,2019,46,4,3,363,7
Indiana,2019,46,6,1,230,7
Iowa,2019,46,4,0,277,4
Kansas,2019,46,0,0,62,0
Kentucky,2019,46,26,1,620,27
Louisiana,2019,46,7,180,942,187
Maine,2019,46,0,1,73,1
Maryland,2019,46,0,0,219,0
Massachusetts,2019,46,1,3,694,4
Michigan,2019,46,12,17,1467,29
Minnesota,2019,46,4,1,361,5
Mississippi,2019,46,0,3,93,3
Missouri,2019,46,4,8,616,12
Montana,2019,46,3,2,105,5
Nebraska,2019,46,12,4,130,16
Nevada,2019,46,21,1,72,22
New Mexico,2019,46,6,11,341,17
New York,2019,46,22,19,1858,41
North Carolina,2019,46,4,2,264,6
North Dakota,2019,46,2,40,241,42
Ohio,2019,46,14,11,2099,25
Oklahoma,2019,46,2,2,278,4
Oregon,2019,46,14,81,1221,95
Pennsylvania,2019,46,2,2,427,4
South Carolina,2019,46,5,3,364,8
South Dakota,2019,46,0,0,80,0
Tennessee,2019,46,3,0,74,3
Texas,2019,46,99,579,3956,678
Utah,2019,46,3,12,535,15
Vermont,2019,46,1,0,107,1
Virginia,2019,46,0,1,406,1
Washington,2019,46,10,38,1024,48
West Virginia,2019,46,0,0,569,0
Wisconsin,2019,46,6,16,1161,22
Wyoming,2019,46,0,1,10,1
Alabama,2019,47,15,70,868,85
Arizona,2019,47,4,29,395,33
Arkansas,2019,47,1,9,224,10
California,2019,47,133,298,3091,431
Colorado,2019,47,9,46,706,55
Connecticut,2019,47,6,1,699,7
Delaware,2019,47,1,15,267,16
Florida,2019,47,67,104,1485,171
Georgia,2019,47,76,247,2082,323
Idaho,2019,47,0,4,82,4
Illinois,2019,47,12,6,378,18
Indiana,2019,47,8,3,309,11
Iowa,2019,47,3,1,291,4
Kansas,2019,47,0,1,113,1
Kentucky,2019,47,32,3,780,35
Louisiana,2019,47,15,283,1132,298
Maine,2019,47,0,0,75,0
Maryland,2019,47,6,0,224,6
Massachusetts,2019,47,11,5,751,16
Michigan,2019,47,25,29,1552,54
Minnesota,2019,47,3,4,365,7
Mississippi,2019,47,2,3,103,5
Missouri,2019,47,16,20,1503,36
Montana,2019,47,0,1,132,1
Nebraska,2019,47,43,0,165,43
Nevada,2019,47,33,6,98,39
New Mexico,2019,47,14,13,423,27
New York,2019,47,37,29,2018,66
North Carolina,2019,47,9,5,312,14
North Dakota,2019,47,3,54,307,57
Ohio,2019,47,31,30,2482,61
Oklahoma,2019,47,0,7,310,7
Oregon,2019,47,20,114,1335,134
Pennsylvania,2019,47,1,2,427,3
South Carolina,2019,47,7,4,414,11
South Dakota,2019,47,0,0,85,0
Tennessee,2019,47,5,4,80,9
Texas,2019,47,186,999,5252,1185
Utah,2019,47,16,17,642,33
Vermont,2019,47,1,1,124,2
Virginia,2019,47,2,1,412,3
Washington,2019,47,9,52,1088,61
West Virginia,2019,47,0,1,554,1
Wisconsin,2019,47,20,44,1336,64
Alabama,2019,48,28,74,849,102
Arizona,2019,48,1,52,385,53
Arkansas,2019,48,4,8,230,12
California,2019,48,150,317,2819,467
Colorado,2019,48,13,88,737,101
Connecticut,2019,48,14,7,709,21
Delaware,2019,48,6,7,379,13
Florida,2019,48,79,139,1531,218
Georgia,2019,48,101,265,2004,366
Idaho,2019,48,1,11,90,12
Illinois,2019,48,9,8,415,17
Indiana,2019,48,7,9,251,16
Iowa,2019,48,1,0,215,1
Kansas,2019,48,0,2,87,2
Kentucky,2019,48,31,7,635,38
Louisiana,2019,48,11,195,878,206
Maine,2019,48,0,0,62,0
Maryland,2019,48,6,7,204,13
Massachusetts,2019,48,27,12,724,39
Michigan,2019,48,43,69,1636,112
Minnesota,2019,48,12,6,339,18
Mississippi,2019,48,0,11,106,11
Missouri,2019,48,11,50,1542,61
Montana,2019,48,0,8,123,8
Nebraska,2019,48,47,0,228,47
New Mexico,2019,48,20,12,331,32
New York,2019,48,58,54,2021,112
North Carolina,2019,48,12,15,392,27
North Dakota,2019,48,2,52,249,54
Ohio,2019,48,34,60,2579,94
Oklahoma,2019,48,2,10,313,12
Oregon,2019,48,20,216,1492,236
Pennsylvania,2019,48,5,4,433,9
South Carolina,2019,48,12,5,378,17
South Dakota,2019,48,1,0,60,1
Tennessee,2019,48,10,5,109,15
Texas,2019,48,193,762,4329,955
Utah,2019,48,21,40,729,61
Vermont,2019,48,4,0,129,4
Virginia,2019,48,6,20,448,26
Washington,2019,48,15,95,1263,110
West Virginia,2019,48,0,4,512,4
Wisconsin,2019,48,9,66,1365,75
Alabama,2019,49,23,81,979,104
Arizona,2019,49,3,63,526,66
Arkansas,2019,49,7,10,194,17
California,2019,49,198,424,3460,622
Colorado,2019,49,29,97,880,126
Connecticut,2019,49,19,12,857,31
Delaware,2019,49,12,32,362,44
Florida,2019,49,79,110,1596,189
Georgia,2019,49,100,169,1855,269
Idaho,2019,49,3,17,128,20
Illinois,2019,49,13,10,437,23
Indiana,2019,49,6,5,308,11
Iowa,2019,49,9,3,300,12
Kansas,2019,49,2,2,103,4
Kentucky,2019,49,53,11,884,64
Louisiana,2019,49,15,122,810,137
Maine,2019,49,0,1,68,1
Maryland,2019,49,11,22,320,33
Massachusetts,2019,49,30,31,941,61
Michigan,2019,49,67,138,2190,205
Minnesota,2019,49,15,8,409,23
Mississippi,2019,49,0,11,141,11
Missouri,2019,49,29,80,1730,109
Montana,2019,49,1,8,146,9
Nebraska,2019,49,27,6,193,33
New Mexico,2019,49,28,34,496,62
New York,2019,49,89,79,2335,168
North Carolina,2019,49,29,20,454,49
North Dakota,2019,49,4,70,304,74
Ohio,2019,49,59,142,3097,201
Oklahoma,2019,49,3,19,388,22
Oregon,2019,49,38,371,2042,409
Pennsylvania,2019,49,3,21,497,24
South Carolina,2019,49,11,18,506,29
South Dakota,2019,49,0,0,74,0
Tennessee,2019,49,1,5,92,6
Texas,2019,49,244,805,5098,1049
Utah,2019,49,43,54,856,97
Vermont,2019,49,6,3,143,9
Virginia,2019,49,6,26,521,32
Washington,2019,49,26,182,1644,208
West Virginia,2019,49,2,2,524,4
Wisconsin,2019,49,22,106,1776,128
Alabama,2019,50,48,74,985,122
Arizona,2019,50,5,50,558,55
Arkansas,2019,50,10,18,239,28
California,2019,50,245,520,3739,765
Colorado,2019,50,33,145,925,178
Connecticut,2019,50,36,15,950,51
Delaware,2019,50,7,29,425,36
Florida,2019,50,91,114,1522,205
Georgia,2019,50,294,347,2594,641
Idaho,2019,50,0,21,96,21
Illinois,2019,50,20,24,488,44
Indiana,2019,50,14,5,289,19
Iowa,2019,50,10,3,270,13
Kansas,2019,50,0,2,114,2
Kentucky,2019,50,81,34,951,115
Louisiana,2019,50,19,100,664,119
Maine,2019,50,4,3,64,7
Maryland,2019,50,22,31,327,53
Massachusetts,2019,50,35,50,965,85
Michigan,2019,50,97,247,2415,344
Minnesota,2019,50,20,17,460,37
Mississippi,2019,50,0,24,133,24
Missouri,2019,50,62,265,2276,327
Montana,2019,50,2,23,220,25
Nebraska,2019,50,58,18,222,76
Nevada,2019,50,3,6,43,9
New York,2019,50,148,171,2533,319
North Carolina,2019,50,43,29,402,72
North Dakota,2019,50,3,81,344,84
Ohio,2019,50,80,281,3317,361
Oklahoma,2019,50,7,55,446,62
Oregon,2019,50,54,711,2804,765
Pennsylvania,2019,50,18,29,595,47
South Carolina,2019,50,38,21,591,59
South Dakota,2019,50,0,1,73,1
Tennessee,2019,50,7,8,120,15
Texas,2019,50,293,802,4347,1095
Utah,2019,50,35,79,968,114
Vermont,2019,50,8,0,106,8
Virginia,2019,50,4,34,528,38
Washington,2019,50,53,328,1887,381
West Virginia,2019,50,5,2,539,7
Wisconsin,2019,50,51,221,2033,272
Wyoming,2019,50,2,2,17,4
Alabama,2019,51,96,94,1083,190
Arizona,2019,51,1,50,514,51
California,2019,51,418,771,3885,1189
Colorado,2019,51,65,253,1206,318
Connecticut,2019,51,57,42,1049,99
Delaware,2019,51,32,54,485,86
Florida,2019,51,104,125,1552,229
Georgia,2019,51,486,415,3115,901
Idaho,2019,51,1,24,127,25
Illinois,2019,51,40,56,572,96
Indiana,2019,51,60,11,492,71
Iowa,2019,51,17,18,314,35
Kansas,2019,51,4,6,114,10
Kentucky,2019,51,152,65,1065,217
Louisiana,2019,51,28,80,673,108
Maine,2019,51,6,2,78,8
Maryland,2019,51,29,45,321,74
Massachusetts,2019,51,68,109,1041,177
Michigan,2019,51,194,515,3105,709
Minnesota,2019,51,21,62,613,83
Mississippi,2019,51,0,44,176,44
Missouri,2019,51,122,516,2717,638
Montana,2019,51,7,32,247,39
Nebraska,2019,51,49,21,229,70
Nevada,2019,51,4,7,36,11
New Mexico,2019,51,69,144,688,213
New York,2019,51,208,217,2947,425
North Carolina,2019,51,62,50,443,112
North Dakota,2019,51,10,130,492,140
Ohio,2019,51,133,665,4188,798
Oklahoma,2019,51,7,87,456,94
Oregon,2019,51,101,1031,3722,1132
Pennsylvania,2019,51,32,71,821,103
South Carolina,2019,51,57,49,644,106
South Dakota,2019,51,1,0,83,1
Tennessee,2019,51,7,19,141,26
Texas,2019,51,522,1521,6092,2043
Utah,2019,51,88,134,1193,222
Vermont,2019,51,4,2,123,6
Virginia,2019,51,19,79,587,98
Washington,2019,51,66,479,2384,545
West Virginia,2019,51,12,26,681,38
Wisconsin,2019,51,112,379,2522,491
Wyoming,2019,51,5,1,20,6
Alabama,2019,52,105,119,1137,224
Arizona,2019,52,19,66,636,85
Arkansas,2019,52,43,64,367,107
California,2019,52,427,600,4042,1027
Colorado,2019,52,74,217,1065,291
Connecticut,2019,52,156,98,1421,254
Delaware,2019,52,64,59,627,123
Florida,2019,52,194,145,1823,339
Georgia,2019,52,864,474,3820,1338
Idaho,2019,52,4,29,144,33
Illinois,2019,52,68,106,731,174
Indiana,2019,52,87,56,558,143
Iowa,2019,52,23,49,365,72
Kansas,2019,52,5,5,129,10
Kentucky,2019,52,259,140,1494,399
Louisiana,2019,52,50,106,743,156
Maine,2019,52,17,2,122,19
Maryland,2019,52,35,92,500,127
Massachusetts,2019,52,101,166,1225,267
Michigan,2019,52,311,876,4084,1187
Minnesota,2019,52,45,91,707,136
Mississippi,2019,52,6,45,203,51
Missouri,2019,52,225,698,3271,923
Montana,2019,52,16,67,311,83
Nebraska,2019,52,68,57,273,125
Nevada,2019,52,6,2,28,8
New Mexico,2019,52,56,118,575,174
New York,2019,52,327,389,3022,716
North Carolina,2019,52,74,65,572,139
North Dakota,2019,52,39,126,480,165
Ohio,2019,52,342,1209,5218,1551
Oklahoma,2019,52,18,163,625,181
Oregon,2019,52,134,1129,4024,1263
Pennsylvania,2019,52,68,260,1209,328
South Carolina,2019,52,90,94,890,184
South Dakota,2019,52,2,2,66,4
Tennessee,2019,52,25,45,253,70
Texas,2019,52,834,1667,6321,2501
Utah,2019,52,165,270,1690,435
Vermont,2019,52,8,10,190,18
Virginia,2019,52,31,66,581,97
Washington,2019,52,75,467,2539,542
West Virginia,2019,52,17,79,812,96
Wisconsin,2019,52,181,492,3111,673
Wyoming,2019,52,2,3,14,5
Alabama,2020,1,102,79,1049,181
Arizona,2020,1,23,71,682,94
Arkansas,2020,1,31,42,366,73
California,2020,1,580,606,4396,1186
Colorado,2020,1,108,255,1367,363
Connecticut,2020,1,140,162,1502,302
Delaware,2020,1,53,50,525,103
Florida,2020,1,166,88,1818,254
Georgia,2020,1,477,247,2884,724
Idaho,2020,1,4,19,133,23
Illinois,2020,1,69,108,806,177
Indiana,2020,1,36,35,410,71
Iowa,2020,1,24,62,379,86
Kansas,2020,1,11,10,169,21
Kentucky,2020,1,172,99,1437,271
Louisiana,2020,1,44,77,635,121
Maine,2020,1,12,5,112,17
Maryland,2020,1,70,96,635,166
Massachusetts,2020,1,150,248,1568,398
Michigan,2020,1,265,848,4487,1113
Minnesota,2020,1,49,92,764,141
Mississippi,2020,1,6,28,194,34
Missouri,2020,1,229,476,3107,705
Montana,2020,1,29,62,304,91
Nebraska,2020,1,30,71,279,101
New Mexico,2020,1,103,177,846,280
New York,2020,1,378,477,3795,855
North Carolina,2020,1,38,41,393,79
North Dakota,2020,1,42,80,453,122
Ohio,2020,1,394,1035,5449,1429
Oklahoma,2020,1,17,122,579,139
Oregon,2020,1,194,941,4204,1135
Pennsylvania,2020,1,88,250,1347,338
South Carolina,2020,1,72,77,868,149
South Dakota,2020,1,1,4,65,5
Tennessee,2020,1,16,25,203,41
Texas,2020,1,599,1125,5499,1724
Utah,2020,1,173,322,1779,495
Vermont,2020,1,24,22,240,46
Virginia,2020,1,41,57,557,98
Washington,2020,1,110,337,2564,447
West Virginia,2020,1,23,79,938,102
Wisconsin,2020,1,159,359,3076,518
Wyoming,2020,1,2,1,18,3
Alabama,2020,2,71,44,887,115
Arizona,2020,2,50,49,589,99
Arkansas,2020,2,43,56,357,99
California,2020,2,736,602,4833,1338
Colorado,2020,2,125,184,1200,309
Connecticut,2020,2,181,234,1677,415
Delaware,2020,2,73,49,541,122
Florida,2020,2,206,46,1624,252
Georgia,2020,2,369,157,2200,526
Idaho,2020,2,5,15,131,20
Illinois,2020,2,66,101,784,167
Indiana,2020,2,25,29,392,54
Iowa,2020,2,16,55,351,71
Kansas,2020,2,16,5,168,21
Kentucky,2020,2,102,74,1102,176
Louisiana,2020,2,59,23,579,82
Maine,2020,2,8,4,109,12
Maryland,2020,2,63,102,576,165
Massachusetts,2020,2,200,332,1805,532
Michigan,2020,2,270,616,3851,886
Minnesota,2020,2,35,60,750,95
Mississippi,2020,2,11,20,161,31
Missouri,2020,2,221,394,2758,615
Montana,2020,2,30,40,344,70
Nebraska,2020,2,10,48,212,58
Nevada,2020,2,17,6,57,23
New Mexico,2020,2,119,153,488,272
New York,2020,2,424,417,3828,841
North Carolina,2020,2,55,40,371,95
North Dakota,2020,2,43,91,481,134
Ohio,2020,2,434,852,4920,1286
Oklahoma,2020,2,24,94,519,118
Oregon,2020,2,179,624,3396,803
Pennsylvania,2020,2,103,200,1203,303
South Carolina,2020,2,59,48,722,107
South Dakota,2020,2,2,2,85,4
Tennessee,2020,2,19,8,165,27
Texas,2020,2,728,834,5077,1562
Utah,2020,2,197,254,1728,451
Vermont,2020,2,11,19,227,30
Virginia,2020,2,39,56,593,95
Washington,2020,2,151,273,2433,424
West Virginia,2020,2,25,57,828,82
Wisconsin,2020,2,241,391,3389,632
Wyoming,2020,2,3,6,30,9
Alabama,2020,3,86,36,834,122
Arizona,2020,3,67,57,701,124
Arkansas,2020,3,75,87,443,162
California,2020,3,1043,666,5378,1709
Colorado,2020,3,189,197,1359,386
Connecticut,2020,3,201,336,1767,537
Delaware,2020,3,83,39,546,122
Florida,2020,3,195,53,1582,248
Georgia,2020,3,390,101,2134,491
Idaho,2020,3,2,7,110,9
Illinois,2020,3,84,121,774,205
Indiana,2020,3,29,29,379,58
Iowa,2020,3,27,47,323,74
Kansas,2020,3,12,12,149,24
Kentucky,2020,3,80,58,888,138
Louisiana,2020,3,79,26,585,105
Maine,2020,3,12,15,124,27
Maryland,2020,3,77,86,592,163
Massachusetts,2020,3,249,418,1965,667
Michigan,2020,3,390,555,3444,945
Minnesota,2020,3,46,64,612,110
Mississippi,2020,3,8,18,157,26
Missouri,2020,3,228,493,2807,721
Montana,2020,3,30,30,324,60
Nebraska,2020,3,10,47,184,57
New Mexico,2020,3,117,151,864,268
New York,2020,3,501,406,3805,907
North Carolina,2020,3,45,30,359,75
North Dakota,2020,3,64,105,510,169
Ohio,2020,3,594,894,4891,1488
Oklahoma,2020,3,33,79,456,112
Oregon,2020,3,226,402,3016,628
Pennsylvania,2020,3,130,204,1088,334
South Carolina,2020,3,64,61,622,125
South Dakota,2020,3,2,2,79,4
Tennessee,2020,3,9,2,107,11
Texas,2020,3,1072,728,5291,1800
Utah,2020,3,273,312,1780,585
Vermont,2020,3,29,28,167,57
Virginia,2020,3,52,48,564,100
Washington,2020,3,169,186,2141,355
West Virginia,2020,3,50,94,923,144
Wisconsin,2020,3,330,481,3390,811
Wyoming,2020,3,21,11,71,32
Alabama,2020,4,105,40,891,145
Arizona,2020,4,100,50,662,150
Arkansas,2020,4,57,83,429,140
California,2020,4,1254,640,5835,1894
Colorado,2020,4,244,202,1435,446
Connecticut,2020,4,221,483,2026,704
Delaware,2020,4,114,43,616,157
Florida,2020,4,205,49,1671,254
Georgia,2020,4,375,121,2093,496
Idaho,2020,4,7,6,124,13
Illinois,2020,4,113,170,931,283
Indiana,2020,4,21,41,365,62
Iowa,2020,4,31,74,366,105
Kansas,2020,4,9,12,149,21
Kentucky,2020,4,70,87,981,157
Louisiana,2020,4,129,20,629,149
Maine,2020,4,21,22,173,43
Maryland,2020,4,78,106,569,184
Massachusetts,2020,4,274,549,2114,823
Michigan,2020,4,502,628,3600,1130
Minnesota,2020,4,54,81,689,135
Mississippi,2020,4,17,10,151,27
Missouri,2020,4,416,527,2930,943
Montana,2020,4,56,55,394,111
Nebraska,2020,4,4,41,140,45
Nevada,2020,4,34,7,65,41
New Mexico,2020,4,121,99,872,220
New York,2020,4,543,444,3789,987
North Carolina,2020,4,43,31,342,74
North Dakota,2020,4,87,98,584,185
Ohio,2020,4,801,981,5329,1782
Oklahoma,2020,4,32,54,443,86
Oregon,2020,4,318,384,2991,702
Pennsylvania,2020,4,141,222,1216,363
South Carolina,2020,4,73,45,627,118
South Dakota,2020,4,1,2,74,3
Tennessee,2020,4,18,6,126,24
Texas,2020,4,1281,551,5686,1832
Utah,2020,4,330,338,2045,668
Vermont,2020,4,30,60,350,90
Virginia,2020,4,55,64,529,119
Washington,2020,4,260,174,2293,434
West Virginia,2020,4,62,112,936,174
Wisconsin,2020,4,461,730,4062,1191
Wyoming,2020,4,35,31,115,66
Alabama,2020,5,165,42,1106,207
Arizona,2020,5,80,31,553,111
Arkansas,2020,5,119,167,613,286
California,2020,5,1328,553,6118,1881
Colorado,2020,5,271,158,1472,429
Connecticut,2020,5,231,566,2199,797
Delaware,2020,5,146,42,656,188
Florida,2020,5,239,49,1876,288
Georgia,2020,5,425,129,2233,554
Idaho,2020,5,15,2,123,17
Illinois,2020,5,130,126,765,256
Indiana,2020,5,46,72,479,118
Iowa,2020,5,50,92,402,142
Kansas,2020,5,20,9,187,29
Kentucky,2020,5,108,105,1032,213
Louisiana,2020,5,180,30,770,210
Maine,2020,5,22,26,182,48
Maryland,2020,5,105,127,668,232
Massachusetts,2020,5,427,569,2467,996
Michigan,2020,5,608,687,3919,1295
Minnesota,2020,5,85,52,647,137
Mississippi,2020,5,23,9,202,32
Missouri,2020,5,577,571,3266,1148
Montana,2020,5,78,44,415,122
Nebraska,2020,5,15,45,203,60
Nevada,2020,5,22,2,61,24
New Mexico,2020,5,108,99,862,207
New York,2020,5,641,477,4085,1118
North Carolina,2020,5,59,39,413,98
North Dakota,2020,5,107,96,577,203
Ohio,2020,5,1221,1212,6547,2433
Oklahoma,2020,5,57,45,490,102
Oregon,2020,5,312,289,3075,601
Pennsylvania,2020,5,242,274,1451,516
South Carolina,2020,5,123,63,814,186
South Dakota,2020,5,3,6,90,9
Tennessee,2020,5,34,10,184,44
Texas,2020,5,1694,734,7032,2428
Utah,2020,5,389,344,2292,733
Vermont,2020,5,55,81,401,136
Virginia,2020,5,105,77,674,182
Washington,2020,5,242,114,1905,356
West Virginia,2020,5,145,195,1305,340
Wisconsin,2020,5,686,892,4839,1578
Wyoming,2020,5,16,16,95,32
Alabama,2020,6,199,42,1212,241
Arizona,2020,6,82,23,548,105
Arkansas,2020,6,110,180,668,290
California,2020,6,1161,448,5778,1609
Colorado,2020,6,357,120,1463,477
Connecticut,2020,6,263,501,2276,764
Delaware,2020,6,119,47,573,166
Florida,2020,6,266,34,1821,300
Georgia,2020,6,392,164,2366,556
Idaho,2020,6,5,3,126,8
Illinois,2020,6,192,150,873,342
Indiana,2020,6,50,72,486,122
Iowa,2020,6,76,112,475,188
Kansas,2020,6,20,14,171,34
Kentucky,2020,6,119,124,1128,243
Louisiana,2020,6,196,20,813,216
Maine,2020,6,31,32,201,63
Maryland,2020,6,109,120,628,229
Massachusetts,2020,6,496,520,2512,1016
Michigan,2020,6,836,557,4077,1393
Minnesota,2020,6,111,50,737,161
Mississippi,2020,6,38,13,196,51
Missouri,2020,6,701,641,3585,1342
Montana,2020,6,91,13,473,104
Nebraska,2020,6,15,42,184,57
Nevada,2020,6,22,4,57,26
New Mexico,2020,6,92,59,789,151
New York,2020,6,628,510,3909,1138
North Carolina,2020,6,52,41,396,93
North Dakota,2020,6,154,104,632,258
Ohio,2020,6,1506,1123,6682,2629
Oklahoma,2020,6,58,26,440,84
Oregon,2020,6,282,177,2649,459
Pennsylvania,2020,6,224,197,1202,421
South Carolina,2020,6,151,70,926,221
South Dakota,2020,6,7,4,73,11
Tennessee,2020,6,18,10,139,28
Texas,2020,6,1423,376,6196,1799
Utah,2020,6,380,259,2122,639
Vermont,2020,6,46,50,301,96
Virginia,2020,6,108,84,685,192
Washington,2020,6,196,87,1805,283
West Virginia,2020,6,136,365,1637,501
Wisconsin,2020,6,1087,929,5324,2016
Wyoming,2020,6,9,15,64,24
Alabama,2020,7,150,35,1121,185
Arizona,2020,7,100,13,549,113
Arkansas,2020,7,124,144,676,268
California,2020,7,1238,400,5626,1638
Colorado,2020,7,304,108,1509,412
Connecticut,2020,7,240,379,1918,619
Delaware,2020,7,119,31,557,150
Florida,2020,7,206,25,1731,231
Georgia,2020,7,295,98,2105,393
Idaho,2020,7,13,5,103,18
Illinois,2020,7,161,98,809,259
Indiana,2020,7,69,81,518,150
Iowa,2020,7,65,107,464,172
Kansas,2020,7,34,12,216,46
Kentucky,2020,7,109,84,1069,193
Louisiana,2020,7,164,9,770,173
Maine,2020,7,38,43,234,81
Maryland,2020,7,133,81,621,214
Massachusetts,2020,7,413,379,2119,792
Michigan,2020,7,989,488,3997,1477
Minnesota,2020,7,129,50,699,179
Mississippi,2020,7,29,9,201,38
Missouri,2020,7,838,545,3760,1383
Montana,2020,7,75,38,506,113
Nebraska,2020,7,10,26,160,36
Nevada,2020,7,13,2,40,15
New Mexico,2020,7,93,29,722,122
New York,2020,7,671,351,3903,1022
North Carolina,2020,7,39,36,342,75
North Dakota,2020,7,286,85,815,371
Ohio,2020,7,1490,940,6437,2430
Oklahoma,2020,7,88,36,491,124
Oregon,2020,7,262,155,2598,417
Pennsylvania,2020,7,257,161,1237,418
South Carolina,2020,7,118,55,811,173
South Dakota,2020,7,6,4,79,10
Tennessee,2020,7,17,6,131,23
Texas,2020,7,1339,320,5689,1659
Utah,2020,7,453,209,2102,662
Vermont,2020,7,66,62,402,128
Virginia,2020,7,108,72,687,180
Washington,2020,7,241,71,1853,312
West Virginia,2020,7,121,279,1352,400
Wisconsin,2020,7,1295,805,5164,2100
Wyoming,2020,7,10,16,68,26
Alabama,2020,8,103,29,984,132
Arizona,2020,8,80,19,553,99
Arkansas,2020,8,87,127,539,214
California,2020,8,1001,329,4833,1330
Colorado,2020,8,279,81,1366,360
Connecticut,2020,8,232,236,1683,468
Delaware,2020,8,84,25,501,109
Florida,2020,8,151,33,1645,184
Georgia,2020,8,206,78,1810,284
Idaho,2020,8,22,1,143,23
Illinois,2020,8,195,86,836,281
Indiana,2020,8,78,85,520,163
Iowa,2020,8,111,138,507,249
Kansas,2020,8,35,10,172,45
Kentucky,2020,8,94,79,988,173
Louisiana,2020,8,158,8,662,166
Maine,2020,8,42,52,267,94
Maryland,2020,8,121,66,588,187
Massachusetts,2020,8,383,212,1854,595
Michigan,2020,8,1019,386,4022,1405
Minnesota,2020,8,138,28,704,166
Mississippi,2020,8,26,9,171,35
Missouri,2020,8,758,436,3463,1194
Montana,2020,8,59,34,422,93
Nebraska,2020,8,23,27,155,50
New Mexico,2020,8,85,18,454,103
New York,2020,8,542,253,3441,795
North Carolina,2020,8,37,29,320,66
North Dakota,2020,8,292,61,756,353
Ohio,2020,8,1427,747,6184,2174
Oklahoma,2020,8,133,15,517,148
Oregon,2020,8,337,154,2728,491
Pennsylvania,2020,8,230,117,1088,347
South Carolina,2020,8,79,31,644,110
South Dakota,2020,8,4,1,51,5
Tennessee,2020,8,11,6,115,17
Texas,2020,8,1316,280,6029,1596
Utah,2020,8,423,174,1965,597
Vermont,2020,8,81,52,402,133
Virginia,2020,8,131,53,719,184
Washington,2020,8,175,37,1314,212
West Virginia,2020,8,105,146,1157,251
Wisconsin,2020,8,1539,807,5686,2346
Wyoming,2020,8,4,7,38,11
Alabama,2020,9,72,19,753,91
Arizona,2020,9,48,5,438,53
Arkansas,2020,9,123,86,545,209
California,2020,9,951,303,5115,1254
Colorado,2020,9,226,54,1314,280
Connecticut,2020,9,189,136,1532,325
Delaware,2020,9,81,20,569,101
Florida,2020,9,129,22,1428,151
Georgia,2020,9,152,53,1523,205
Idaho,2020,9,42,4,189,46
Illinois,2020,9,205,64,797,269
Indiana,2020,9,74,53,490,127
Iowa,2020,9,96,104,472,200
Kansas,2020,9,33,11,177,44
Kentucky,2020,9,97,66,997,163
Louisiana,2020,9,41,4,327,45
Maine,2020,9,51,50,260,101
Maryland,2020,9,141,34,563,175
Massachusetts,2020,9,312,178,1762,490
Michigan,2020,9,1001,271,3906,1272
Minnesota,2020,9,162,11,726,173
Mississippi,2020,9,20,8,168,28
Missouri,2020,9,735,383,3513,1118
Montana,2020,9,127,38,515,165
Nebraska,2020,9,15,15,158,30
Nevada,2020,9,18,1,58,19
New Mexico,2020,9,51,11,476,62
New York,2020,9,594,233,3692,827
North Carolina,2020,9,40,20,316,60
North Dakota,2020,9,247,54,710,301
Ohio,2020,9,1070,569,5493,1639
Oklahoma,2020,9,115,8,451,123
Oregon,2020,9,409,105,2880,514
Pennsylvania,2020,9,219,82,1066,301
South Carolina,2020,9,67,22,639,89
South Dakota,2020,9,6,4,75,10
Tennessee,2020,9,13,5,103,18
Texas,2020,9,982,171,4992,1153
Utah,2020,9,385,133,1833,518
Vermont,2020,9,71,32,314,103
Virginia,2020,9,90,37,635,127
Washington,2020,9,289,48,1798,337
West Virginia,2020,9,153,104,1211,257
Wisconsin,2020,9,1479,592,5292,2071
Wyoming,2020,9,14,7,65,21
Alabama,2020,10,86,17,969,103
Arizona,2020,10,52,6,465,58
Arkansas,2020,10,97,96,436,193
California,2020,10,764,259,5099,1023
Colorado,2020,10,214,34,1344,248
Connecticut,2020,10,158,74,1319,232
Delaware,2020,10,85,23,745,108
Florida,2020,10,169,27,1753,196
Georgia,2020,10,195,69,1953,264
Idaho,2020,10,44,5,212,49
Illinois,2020,10,182,61,857,243
Indiana,2020,10,80,47,512,127
Iowa,2020,10,123,102,521,225
Kansas,2020,10,25,4,170,29
Kentucky,2020,10,98,56,1073,154
Louisiana,2020,10,54,6,389,60
Maine,2020,10,43,43,247,86
Maryland,2020,10,128,28,593,156
Massachusetts,2020,10,261,94,1629,355
Michigan,2020,10,902,191,3874,1093
Minnesota,2020,10,149,16,769,165
Mississippi,2020,10,22,2,172,24
Missouri,2020,10,386,200,2058,586
Montana,2020,10,140,36,539,176
Nebraska,2020,10,19,14,155,33
Nevada,2020,10,16,0,74,16
New Mexico,2020,10,71,6,722,77
New York,2020,10,445,138,3587,583
North Carolina,2020,10,29,8,338,37
North Dakota,2020,10,271,29,790,300
Ohio,2020,10,1113,396,5416,1509
Oklahoma,2020,10,95,10,503,105
Oregon,2020,10,565,97,3795,662
Pennsylvania,2020,10,203,46,1037,249
South Carolina,2020,10,79,24,657,103
South Dakota,2020,10,12,2,105,14
Tennessee,2020,10,32,10,147,42
Texas,2020,10,902,180,5379,1082
Utah,2020,10,407,89,1937,496
Vermont,2020,10,54,26,285,80
Virginia,2020,10,30,8,255,38
Washington,2020,10,371,59,2505,430
West Virginia,2020,10,219,123,1329,342
Wisconsin,2020,10,1410,531,5345,1941
Wyoming,2020,10,5,4,36,9
Alabama,2020,11,69,26,1062,95
Arizona,2020,11,38,5,481,43
Arkansas,2020,11,131,75,635,206
California,2020,11,399,106,5073,505
Colorado,2020,11,212,29,2099,241
Connecticut,2020,11,106,47,1207,153
Delaware,2020,11,33,8,784,41
Florida,2020,11,123,29,2055,152
Georgia,2020,11,150,86,2685,236
Idaho,2020,11,83,4,409,87
Illinois,2020,11,128,67,1049,195
Indiana,2020,11,70,39,669,109
Iowa,2020,11,90,75,512,165
Kansas,2020,11,9,5,206,14
Kentucky,2020,11,119,63,1417,182
Louisiana,2020,11,53,4,723,57
Maine,2020,11,49,46,350,95
Maryland,2020,11,90,19,655,109
Massachusetts,2020,11,222,96,1650,318
Michigan,2020,11,786,155,4782,941
Minnesota,2020,11,133,17,879,150
Mississippi,2020,11,12,0,171,12
Missouri,2020,11,442,218,3411,660
Montana,2020,11,96,18,560,114
Nebraska,2020,11,20,13,184,33
Nevada,2020,11,10,1,75,11
New Mexico,2020,11,71,25,748,96
New York,2020,11,377,100,3604,477
North Carolina,2020,11,21,18,411,39
North Dakota,2020,11,171,21,709,192
Ohio,2020,11,951,323,6637,1274
Oklahoma,2020,11,92,10,559,102
Oregon,2020,11,468,87,4742,555
Pennsylvania,2020,11,120,38,946,158
South Carolina,2020,11,82,34,927,116
South Dakota,2020,11,21,2,204,23
Tennessee,2020,11,28,8,166,36
Texas,2020,11,509,145,5205,654
Utah,2020,11,368,67,2304,435
Vermont,2020,11,85,20,467,105
Virginia,2020,11,157,35,859,192
Washington,2020,11,245,20,3188,265
West Virginia,2020,11,200,50,1218,250
Wisconsin,2020,11,1226,365,5338,1591
Wyoming,2020,11,3,2,54,5
Alabama,2020,12,27,16,1063,43
Arizona,2020,12,9,2,407,11
Arkansas,2020,12,34,24,307,58
California,2020,12,67,20,2944,87
Colorado,2020,12,119,17,2898,136
Connecticut,2020,12,32,13,802,45
Delaware,2020,12,8,5,665,13
Florida,2020,12,101,12,2392,113
Georgia,2020,12,71,37,2547,108
Idaho,2020,12,49,3,549,52
Illinois,2020,12,42,33,1274,75
Indiana,2020,12,47,21,745,68
Iowa,2020,12,44,52,444,96
Kansas,2020,12,8,4,205,12
Kentucky,2020,12,40,55,1490,95
Louisiana,2020,12,35,7,818,42
Maine,2020,12,31,32,375,63
Maryland,2020,12,71,19,1556,90
Massachusetts,2020,12,65,39,1711,104
Michigan,2020,12,293,82,4792,375
Minnesota,2020,12,37,4,602,41
Mississippi,2020,12,1,0,143,1
Missouri,2020,12,141,82,3606,223
Montana,2020,12,55,21,633,76
Nebraska,2020,12,15,8,161,23
Nevada,2020,12,1,0,78,1
New Mexico,2020,12,68,8,2533,76
New York,2020,12,191,63,3798,254
North Carolina,2020,12,20,6,612,26
North Dakota,2020,12,109,15,870,124
Ohio,2020,12,564,196,7583,760
Oklahoma,2020,12,32,0,399,32
Oregon,2020,12,218,31,4106,249
Pennsylvania,2020,12,77,12,866,89
South Carolina,2020,12,37,20,1260,57
South Dakota,2020,12,19,4,252,23
Tennessee,2020,12,5,2,149,7
Texas,2020,12,146,58,3838,204
Utah,2020,12,251,43,2167,294
Vermont,2020,12,70,16,709,86
Virginia,2020,12,83,21,799,104
Washington,2020,12,33,7,1411,40
West Virginia,2020,12,115,15,1125,130
Wisconsin,2020,12,518,173,4958,691
Wyoming,2020,12,3,1,58,4
Alabama,2020,13,8,5,796,13
Arizona,2020,13,2,0,239,2
Arkansas,2020,13,10,3,176,13
California,2020,13,10,3,1736,13
Colorado,2020,13,25,1,1733,26
Connecticut,2020,13,10,1,822,11
Delaware,2020,13,1,2,662,3
Florida,2020,13,18,9,1343,27
Georgia,2020,13,19,13,1599,32
Idaho,2020,13,6,1,131,7
Illinois,2020,13,4,5,767,9
Indiana,2020,13,6,3,687,9
Iowa,2020,13,2,2,152,4
Kansas,2020,13,4,3,80,7
Kentucky,2020,13,15,16,1496,31
Louisiana,2020,13,5,3,639,8
Maine,2020,13,5,5,130,10
Maryland,2020,13,24,3,1319,27
Massachusetts,2020,13,10,5,1153,15
Michigan,2020,13,38,17,2412,55
Minnesota,2020,13,10,0,421,10
Mississippi,2020,13,0,0,97,0
Missouri,2020,13,15,7,868,22
Montana,2020,13,29,7,670,36
Nebraska,2020,13,1,0,56,1
Nevada,2020,13,0,0,18,0
New Mexico,2020,13,8,3,2261,11
New York,2020,13,31,10,2381,41
North Carolina,2020,13,3,5,413,8
North Dakota,2020,13,29,4,652,33
Ohio,2020,13,73,34,4510,107
Oklahoma,2020,13,4,1,192,5
Oregon,2020,13,41,11,2187,52
Pennsylvania,2020,13,12,3,507,15
South Carolina,2020,13,2,3,331,5
South Dakota,2020,13,2,1,227,3
Tennessee,2020,13,0,2,129,2
Texas,2020,13,23,17,2101,40
Utah,2020,13,40,8,1409,48
Vermont,2020,13,7,7,170,14
Virginia,2020,13,9,1,507,10
Washington,2020,13,17,1,1520,18
West Virginia,2020,13,29,6,721,35
Wisconsin,2020,13,106,39,2801,145
Wyoming,2020,13,0,0,15,0
Alabama,2020,14,1,2,548,3
Arizona,2020,14,0,0,147,0
Arkansas,2020,14,2,1,93,3
California,2020,14,6,3,1162,9
Colorado,2020,14,1,1,1113,2
Connecticut,2020,14,1,0,564,1
Delaware,2020,14,1,1,270,2
Florida,2020,14,11,3,1296,14
Georgia,2020,14,4,7,1006,11
Idaho,2020,14,2,0,81,2
Illinois,2020,14,2,7,474,9
Indiana,2020,14,1,1,293,2
Iowa,2020,14,0,5,99,5
Kansas,2020,14,0,1,67,1
Kentucky,2020,14,1,1,784,2
Louisiana,2020,14,1,1,260,2
Maine,2020,14,0,1,106,1
Maryland,2020,14,2,0,579,2
Massachusetts,2020,14,7,3,1496,10
Michigan,2020,14,11,6,1945,17
Minnesota,2020,14,4,0,301,4
Mississippi,2020,14,0,0,48,0
Missouri,2020,14,10,3,1572,13
Montana,2020,14,0,1,555,1
Nebraska,2020,14,0,1,44,1
Nevada,2020,14,0,0,12,0
New Mexico,2020,14,1,0,701,1
New York,2020,14,8,7,1491,15
North Carolina,2020,14,1,1,275,2
North Dakota,2020,14,4,1,344,5
Ohio,2020,14,17,16,3498,33
Oklahoma,2020,14,0,1,147,1
Oregon,2020,14,5,1,1821,6
Pennsylvania,2020,14,4,2,295,6
South Carolina,2020,14,1,0,120,1
South Dakota,2020,14,0,0,105,0
Tennessee,2020,14,0,0,79,0
Texas,2020,14,5,10,1364,15
Utah,2020,14,9,1,757,10
Vermont,2020,14,5,7,214,12
Virginia,2020,14,1,0,405,1
Washington,2020,14,3,0,972,3
West Virginia,2020,14,13,4,541,17
Wisconsin,2020,14,13,10,1893,23
Wyoming,2020,14,0,0,16,0
Alabama,2020,15,1,1,479,2
Arizona,2020,15,0,0,121,0
Arkansas,2020,15,1,1,90,2
California,2020,15,1,2,842,3
Colorado,2020,15,0,0,839,0
Connecticut,2020,15,0,0,346,0
Delaware,2020,15,1,0,25,1
Florida,2020,15,6,3,897,9
Georgia,2020,15,2,6,788,8
Idaho,2020,15,0,0,64,0
Illinois,2020,15,4,0,274,4
Indiana,2020,15,0,0,453,0
Iowa,2020,15,0,0,58,0
Kansas,2020,15,0,0,51,0
Kentucky,2020,15,2,1,538,3
Louisiana,2020,15,0,0,93,0
Maine,2020,15,0,0,75,0
Maryland,2020,15,0,0,255,0
Massachusetts,2020,15,1,2,856,3
Michigan,2020,15,3,2,1245,5
Minnesota,2020,15,0,0,240,0
Mississippi,2020,15,0,0,42,0
Missouri,2020,15,3,1,1041,4
Montana,2020,15,0,1,188,1
Nebraska,2020,15,0,0,39,0
New Mexico,2020,15,0,0,540,0
New York,2020,15,0,0,894,0
North Carolina,2020,15,1,0,235,1
North Dakota,2020,15,1,0,190,1
Ohio,2020,15,7,4,1241,11
Oklahoma,2020,15,0,2,114,2
Oregon,2020,15,1,0,1034,1
Pennsylvania,2020,15,0,1,153,1
South Carolina,2020,15,0,0,44,0
South Dakota,2020,15,0,0,108,0
Tennessee,2020,15,1,0,58,1
Texas,2020,15,7,7,1123,14
Utah,2020,15,1,1,440,2
Vermont,2020,15,0,3,292,3
Virginia,2020,15,2,0,272,2
Washington,2020,15,0,0,786,0
West Virginia,2020,15,1,0,344,1
Wisconsin,2020,15,1,2,1086,3
Alabama,2020,16,0,1,407,1
Arizona,2020,16,1,0,159,1
Arkansas,2020,16,0,0,59,0
California,2020,16,0,0,784,0
Colorado,2020,16,1,1,734,2
Connecticut,2020,16,1,0,282,1
Delaware,2020,16,0,0,32,0
Florida,2020,16,7,0,611,7
Georgia,2020,16,4,0,596,4
Idaho,2020,16,0,0,62,0
Illinois,2020,16,0,0,177,0
Indiana,2020,16,0,1,383,1
Iowa,2020,16,1,0,59,1
Kansas,2020,16,1,0,53,1
Kentucky,2020,16,0,0,293,0
Louisiana,2020,16,0,0,80,0
Maine,2020,16,0,0,61,0
Maryland,2020,16,0,0,208,0
Massachusetts,2020,16,2,0,815,2
Michigan,2020,16,2,1,698,3
Minnesota,2020,16,0,0,191,0
Mississippi,2020,16,0,0,44,0
Missouri,2020,16,3,2,671,5
Montana,2020,16,0,0,124,0
Nebraska,2020,16,0,0,21,0
New Mexico,2020,16,0,0,486,0
New York,2020,16,0,0,547,0
North Carolina,2020,16,0,0,163,0
North Dakota,2020,16,1,0,140,1
Ohio,2020,16,1,2,999,3
Oklahoma,2020,16,0,1,111,1
Oregon,2020,16,0,0,569,0
Pennsylvania,2020,16,0,0,89,0
South Carolina,2020,16,0,0,31,0
South Dakota,2020,16,0,0,65,0
Tennessee,2020,16,0,0,43,0
Texas,2020,16,1,3,850,4
Utah,2020,16,0,0,319,0
Vermont,2020,16,4,12,298,16
Virginia,2020,16,1,0,125,1
Washington,2020,16,0,0,570,0
West Virginia,2020,16,0,0,237,0
Wisconsin,2020,16,0,0,729,0
Wyoming,2020,16,0,0,15,0
Alabama,2020,17,1,0,356,1
Arizona,2020,17,0,0,135,0
Arkansas,2020,17,0,0,48,0
California,2020,17,1,0,681,1
Colorado,2020,17,2,1,711,3
Connecticut,2020,17,0,0,276,0
Florida,2020,17,3,0,502,3
Georgia,2020,17,1,0,465,1
Idaho,2020,17,1,0,40,1
Illinois,2020,17,1,2,173,3
Indiana,2020,17,1,1,330,2
Iowa,2020,17,0,0,32,0
Kansas,2020,17,0,0,43,0
Kentucky,2020,17,0,1,311,1
Louisiana,2020,17,0,0,61,0
Maine,2020,17,0,0,60,0
Maryland,2020,17,0,0,127,0
Massachusetts,2020,17,1,0,789,1
Michigan,2020,17,1,1,621,2
Minnesota,2020,17,0,0,159,0
Mississippi,2020,17,0,0,33,0
Missouri,2020,17,0,0,632,0
Montana,2020,17,0,0,84,0
Nebraska,2020,17,0,0,26,0
New Mexico,2020,17,0,0,495,0
New York,2020,17,1,0,448,1
North Carolina,2020,17,0,0,212,0
North Dakota,2020,17,0,0,105,0
Ohio,2020,17,0,0,838,0
Oklahoma,2020,17,0,0,96,0
Oregon,2020,17,1,0,485,1
Pennsylvania,2020,17,0,0,77,0
South Carolina,2020,17,0,0,15,0
South Dakota,2020,17,0,0,50,0
Tennessee,2020,17,0,0,39,0
Texas,2020,17,3,1,797,4
Utah,2020,17,1,0,269,1
Vermont,2020,17,0,1,112,1
Virginia,2020,17,0,0,139,0
Washington,2020,17,0,0,539,0
West Virginia,2020,17,0,0,289,0
Wisconsin,2020,17,1,0,769,1
Wyoming,2020,17,0,0,13,0
Alabama,2020,18,0,0,322,0
Arizona,2020,18,0,0,133,0
Arkansas,2020,18,0,0,39,0
California,2020,18,0,0,470,0
Colorado,2020,18,0,0,600,0
Connecticut,2020,18,1,0,162,1
Delaware,2020,18,0,0,19,0
Florida,2020,18,4,0,433,4
Georgia,2020,18,1,0,400,1
Idaho,2020,18,2,1,30,3
Illinois,2020,18,4,1,173,5
Indiana,2020,18,1,0,248,1
Iowa,2020,18,0,0,15,0
Kansas,2020,18,0,1,30,1
Kentucky,2020,18,0,0,252,0
Louisiana,2020,18,0,0,54,0
Maine,2020,18,0,0,40,0
Maryland,2020,18,0,0,81,0
Massachusetts,2020,18,1,2,594,3
Michigan,2020,18,0,0,451,0
Minnesota,2020,18,0,0,161,0
Mississippi,2020,18,0,0,29,0
Missouri,2020,18,2,0,441,2
Montana,2020,18,0,0,93,0
Nebraska,2020,18,0,0,18,0
New Mexico,2020,18,0,0,446,0
New York,2020,18,0,0,412,0
North Carolina,2020,18,0,0,195,0
North Dakota,2020,18,0,0,45,0
Ohio,2020,18,0,1,631,1
Oklahoma,2020,18,0,0,74,0
Oregon,2020,18,0,1,386,1
Pennsylvania,2020,18,0,0,47,0
South Carolina,2020,18,0,0,17,0
South Dakota,2020,18,1,0,44,1
Tennessee,2020,18,0,0,27,0
Texas,2020,18,2,0,964,2
Utah,2020,18,0,0,217,0
Vermont,2020,18,0,0,45,0
Virginia,2020,18,0,0,108,0
Washington,2020,18,0,0,373,0
West Virginia,2020,18,0,0,232,0
Wisconsin,2020,18,0,1,510,1
Alabama,2020,19,0,0,276,0
Arizona,2020,19,0,0,100,0
Arkansas,2020,19,0,0,47,0
California,2020,19,0,0,436,0
Colorado,2020,19,0,0,543,0
Connecticut,2020,19,0,0,168,0
Florida,2020,19,4,4,453,8
Georgia,2020,19,2,1,337,3
Idaho,2020,19,0,0,18,0
Illinois,2020,19,1,1,117,2
Indiana,2020,19,0,0,217,0
Iowa,2020,19,0,1,24,1
Kansas,2020,19,0,0,38,0
Kentucky,2020,19,0,0,260,0
Louisiana,2020,19,0,0,35,0
Maine,2020,19,0,0,29,0
Maryland,2020,19,0,0,86,0
Massachusetts,2020,19,0,0,461,0
Michigan,2020,19,0,1,358,1
Minnesota,2020,19,1,0,137,1
Mississippi,2020,19,1,1,27,2
Missouri,2020,19,0,1,411,1
Montana,2020,19,0,0,83,0
New Mexico,2020,19,0,0,276,0
New York,2020,19,0,0,356,0
North Carolina,2020,19,0,0,171,0
North Dakota,2020,19,0,0,56,0
Ohio,2020,19,1,0,650,1
Oklahoma,2020,19,0,0,81,0
Oregon,2020,19,0,0,305,0
Pennsylvania,2020,19,0,0,25,0
South Carolina,2020,19,0,0,15,0
South Dakota,2020,19,0,0,46,0
Tennessee,2020,19,0,0,25,0
Texas,2020,19,3,4,659,7
Utah,2020,19,0,0,193,0
Vermont,2020,19,0,1,60,1
Virginia,2020,19,0,0,96,0
Washington,2020,19,0,0,311,0
West Virginia,2020,19,0,0,229,0
Wisconsin,2020,19,0,0,448,0
Alabama,2020,20,0,0,247,0
Arizona,2020,20,0,0,114,0
Arkansas,2020,20,0,0,56,0
California,2020,20,1,0,399,1
Colorado,2020,20,0,0,494,0
Connecticut,2020,20,0,0,142,0
Delaware,2020,20,0,0,21,0
Florida,2020,20,5,2,410,7
Georgia,2020,20,1,0,220,1
Idaho,2020,20,1,0,21,1
Illinois,2020,20,1,1,111,2
Indiana,2020,20,0,0,212,0
Iowa,2020,20,0,0,20,0
Kansas,2020,20,0,0,33,0
Kentucky,2020,20,0,0,227,0
Louisiana,2020,20,0,0,49,0
Maine,2020,20,0,0,34,0
Maryland,2020,20,0,0,83,0
Massachusetts,2020,20,0,0,367,0
Michigan,2020,20,0,1,324,1
Minnesota,2020,20,0,0,141,0
Mississippi,2020,20,0,0,20,0
Missouri,2020,20,0,0,105,0
Montana,2020,20,0,0,70,0
Nebraska,2020,20,0,0,23,0
New York,2020,20,0,0,375,0
North Carolina,2020,20,1,0,187,1
North Dakota,2020,20,0,0,34,0
Ohio,2020,20,0,0,617,0
Oklahoma,2020,20,0,1,95,1
Oregon,2020,20,0,0,332,0
Pennsylvania,2020,20,1,0,35,1
South Carolina,2020,20,0,0,11,0
South Dakota,2020,20,0,0,46,0
Tennessee,2020,20,0,0,21,0
Texas,2020,20,1,2,671,3
Utah,2020,20,0,0,200,0
Vermont,2020,20,0,2,55,2
Virginia,2020,20,0,0,94,0
Washington,2020,20,0,0,318,0
West Virginia,2020,20,0,0,209,0
Wisconsin,2020,20,1,0,371,1
Alabama,2020,21,0,1,217,1
Arizona,2020,21,0,0,103,0
Arkansas,2020,21,0,0,49,0
California,2020,21,0,0,394,0
Colorado,2020,21,0,0,450,0
Connecticut,2020,21,1,0,176,1
Florida,2020,21,2,0,394,2
Georgia,2020,21,1,2,236,3
Idaho,2020,21,0,0,31,0
Illinois,2020,21,2,0,87,2
Indiana,2020,21,0,0,227,0
Iowa,2020,21,0,0,22,0
Kansas,2020,21,0,0,39,0
Kentucky,2020,21,0,0,202,0
Louisiana,2020,21,0,0,52,0
Maine,2020,21,0,0,23,0
Maryland,2020,21,0,0,159,0
Massachusetts,2020,21,0,0,296,0
Michigan,2020,21,0,0,278,0
Minnesota,2020,21,0,0,111,0
Mississippi,2020,21,0,0,15,0
Missouri,2020,21,1,1,317,2
Montana,2020,21,0,0,49,0
Nebraska,2020,21,0,0,29,0
New Mexico,2020,21,0,0,224,0
New York,2020,21,0,0,288,0
North Carolina,2020,21,0,0,155,0
North Dakota,2020,21,0,0,52,0
Ohio,2020,21,0,0,479,0
Oklahoma,2020,21,0,0,97,0
Oregon,2020,21,0,0,162,0
Pennsylvania,2020,21,0,0,39,0
South Dakota,2020,21,0,0,35,0
Tennessee,2020,21,0,0,19,0
Texas,2020,21,1,3,627,4
Utah,2020,21,0,0,163,0
Vermont,2020,21,0,1,53,1
Virginia,2020,21,0,0,120,0
Washington,2020,21,0,0,259,0
West Virginia,2020,21,0,0,245,0
Wisconsin,2020,21,0,0,305,0
Alabama,2020,22,0,0,201,0
Arizona,2020,22,0,0,100,0
Arkansas,2020,22,0,0,56,0
California,2020,22,0,0,294,0
Colorado,2020,22,1,0,365,1
Connecticut,2020,22,0,0,142,0
Florida,2020,22,5,0,341,5
Georgia,2020,22,0,0,184,0
Idaho,2020,22,0,0,21,0
Illinois,2020,22,0,0,61,0
Indiana,2020,22,0,0,196,0
Iowa,2020,22,0,0,17,0
Kansas,2020,22,0,0,28,0
Kentucky,2020,22,0,0,186,0
Louisiana,2020,22,0,0,51,0
Maine,2020,22,0,0,21,0
Maryland,2020,22,0,0,60,0
Massachusetts,2020,22,0,0,195,0
Michigan,2020,22,0,2,266,2
Minnesota,2020,22,0,0,97,0
Missouri,2020,22,0,0,65,0
Montana,2020,22,0,0,53,0
Nebraska,2020,22,0,0,27,0
New Mexico,2020,22,0,0,183,0
New York,2020,22,0,0,278,0
North Carolina,2020,22,0,0,167,0
North Dakota,2020,22,0,0,29,0
Ohio,2020,22,0,0,356,0
Oklahoma,2020,22,0,0,103,0
Oregon,2020,22,0,0,130,0
Pennsylvania,2020,22,0,0,55,0
South Dakota,2020,22,0,0,39,0
Tennessee,2020,22,0,0,19,0
Texas,2020,22,1,0,566,1
Utah,2020,22,0,0,126,0
Vermont,2020,22,0,1,40,1
Virginia,2020,22,0,0,91,0
Washington,2020,22,0,0,221,0
West Virginia,2020,22,0,0,220,0
Wisconsin,2020,22,0,0,290,0
Alabama,2020,23,0,3,212,3
Arizona,2020,23,0,0,117,0
Arkansas,2020,23,0,0,62,0
California,2020,23,0,0,318,0
Colorado,2020,23,0,0,302,0
Connecticut,2020,23,0,0,128,0
Florida,2020,23,0,0,316,0
Georgia,2020,23,0,2,218,2
Idaho,2020,23,0,0,12,0
Illinois,2020,23,0,0,55,0
Indiana,2020,23,0,0,174,0
Iowa,2020,23,0,0,19,0
Kansas,2020,23,0,0,24,0
Kentucky,2020,23,0,0,163,0
Louisiana,2020,23,0,0,50,0
Maine,2020,23,0,0,24,0
Maryland,2020,23,0,0,62,0
Massachusetts,2020,23,0,0,329,0
Michigan,2020,23,1,0,234,1
Minnesota,2020,23,0,0,105,0
Mississippi,2020,23,0,0,10,0
Missouri,2020,23,1,0,311,1
Montana,2020,23,0,0,52,0
Nebraska,2020,23,0,0,21,0
New York,2020,23,0,0,309,0
North Carolina,2020,23,1,0,150,1
North Dakota,2020,23,0,0,33,0
Ohio,2020,23,0,0,410,0
Oklahoma,2020,23,0,0,72,0
Oregon,2020,23,0,0,114,0
Pennsylvania,2020,23,0,0,50,0
South Carolina,2020,23,0,0,11,0
South Dakota,2020,23,0,0,40,0
Tennessee,2020,23,0,0,15,0
Texas,2020,23,0,1,564,1
Utah,2020,23,6,6,169,12
Vermont,2020,23,0,0,26,0
Virginia,2020,23,0,0,77,0
Washington,2020,23,0,0,240,0
West Virginia,2020,23,0,0,227,0
Wisconsin,2020,23,0,0,249,0
Alabama,2020,24,0,0,182,0
Arizona,2020,24,0,0,107,0
Arkansas,2020,24,0,0,53,0
California,2020,24,0,0,311,0
Colorado,2020,24,0,0,277,0
Connecticut,2020,24,0,0,108,0
Florida,2020,24,4,0,311,4
Georgia,2020,24,0,2,167,2
Idaho,2020,24,0,0,16,0
Illinois,2020,24,0,0,34,0
Indiana,2020,24,0,1,138,1
Iowa,2020,24,0,0,15,0
Kansas,2020,24,0,0,16,0
Kentucky,2020,24,0,0,159,0
Louisiana,2020,24,0,0,31,0
Maine,2020,24,0,0,13,0
Maryland,2020,24,0,0,72,0
Massachusetts,2020,24,0,0,222,0
Michigan,2020,24,0,0,249,0
Minnesota,2020,24,0,0,106,0
Missouri,2020,24,0,0,283,0
Montana,2020,24,0,0,49,0
Nebraska,2020,24,0,0,15,0
New Mexico,2020,24,0,0,113,0
New York,2020,24,0,1,356,1
North Carolina,2020,24,1,0,115,1
North Dakota,2020,24,0,0,21,0
Ohio,2020,24,1,0,242,1
Oklahoma,2020,24,0,0,63,0
Oregon,2020,24,0,0,140,0
Pennsylvania,2020,24,0,0,47,0
South Dakota,2020,24,0,0,31,0
Tennessee,2020,24,0,0,14,0
Texas,2020,24,2,4,639,6
Utah,2020,24,0,0,117,0
Vermont,2020,24,0,0,16,0
Virginia,2020,24,0,0,87,0
Washington,2020,24,0,0,192,0
West Virginia,2020,24,0,0,216,0
Wisconsin,2020,24,0,0,250,0
Alabama,2020,25,0,0,165,0
Arizona,2020,25,0,0,97,0
Arkansas,2020,25,0,0,67,0
California,2020,25,0,0,209,0
Colorado,2020,25,0,0,248,0
Connecticut,2020,25,0,0,93,0
Florida,2020,25,2,0,355,2
Georgia,2020,25,0,1,206,1
Idaho,2020,25,0,0,15,0
Illinois,2020,25,2,0,67,2
Indiana,2020,25,0,2,124,2
Iowa,2020,25,0,0,13,0
Kansas,2020,25,0,0,16,0
Kentucky,2020,25,0,0,154,0
Louisiana,2020,25,0,0,44,0
Maryland,2020,25,0,0,20,0
Massachusetts,2020,25,0,0,161,0
Michigan,2020,25,3,0,206,3
Minnesota,2020,25,0,0,97,0
Missouri,2020,25,0,0,75,0
Montana,2020,25,0,0,61,0
Nebraska,2020,25,0,0,14,0
New Mexico,2020,25,0,0,104,0
New York,2020,25,0,0,297,0
North Carolina,2020,25,0,0,187,0
North Dakota,2020,25,0,0,19,0
Ohio,2020,25,1,1,207,2
Oklahoma,2020,25,0,0,79,0
Oregon,2020,25,0,0,117,0
Pennsylvania,2020,25,0,0,44,0
South Carolina,2020,25,0,0,12,0
South Dakota,2020,25,0,0,30,0
Tennessee,2020,25,0,0,10,0
Texas,2020,25,4,4,640,8
Utah,2020,25,0,0,146,0
Vermont,2020,25,0,0,16,0
Virginia,2020,25,0,0,101,0
Washington,2020,25,0,0,169,0
West Virginia,2020,25,0,0,222,0
Wisconsin,2020,25,0,0,249,0
Alabama,2020,26,0,0,146,0
Arizona,2020,26,0,0,111,0
Arkansas,2020,26,0,0,46,0
California,2020,26,0,0,182,0
Colorado,2020,26,0,0,286,0
Connecticut,2020,26,0,0,88,0
Florida,2020,26,2,0,438,2
Georgia,2020,26,0,0,168,0
Illinois,2020,26,0,1,58,1
Indiana,2020,26,0,1,132,1
Iowa,2020,26,0,1,25,1
Kansas,2020,26,0,0,23,0
Kentucky,2020,26,0,0,176,0
Louisiana,2020,26,0,0,52,0
Maine,2020,26,0,0,16,0
Maryland,2020,26,0,0,24,0
Massachusetts,2020,26,0,0,169,0
Michigan,2020,26,0,0,207,0
Minnesota,2020,26,0,0,87,0
Missouri,2020,26,0,0,294,0
Montana,2020,26,0,0,74,0
Nebraska,2020,26,0,0,20,0
New York,2020,26,0,0,325,0
North Carolina,2020,26,0,0,199,0
North Dakota,2020,26,0,0,16,0
Ohio,2020,26,1,0,355,1
Oklahoma,2020,26,0,0,90,0
Oregon,2020,26,0,0,102,0
Pennsylvania,2020,26,0,0,41,0
South Dakota,2020,26,0,0,27,0
Tennessee,2020,26,0,0,10,0
Texas,2020,26,6,4,659,10
Utah,2020,26,0,0,135,0
Vermont,2020,26,0,0,20,0
Virginia,2020,26,0,0,80,0
Washington,2020,26,0,0,169,0
West Virginia,2020,26,0,0,255,0
Wisconsin,2020,26,0,0,271,0
Alabama,2020,27,0,0,211,0
Arizona,2020,27,0,0,114,0
Arkansas,2020,27,0,0,62,0
California,2020,27,0,0,222,0
Colorado,2020,27,0,0,265,0
Connecticut,2020,27,0,0,62,0
Florida,2020,27,1,0,544,1
Georgia,2020,27,1,1,194,2
Idaho,2020,27,0,0,16,0
Illinois,2020,27,1,1,49,2
Indiana,2020,27,0,0,124,0
Iowa,2020,27,0,0,14,0
Kansas,2020,27,0,0,19,0
Kentucky,2020,27,0,0,186,0
Louisiana,2020,27,0,0,43,0
Maine,2020,27,0,0,17,0
Maryland,2020,27,0,0,22,0
Massachusetts,2020,27,0,0,153,0
Michigan,2020,27,0,0,182,0
Minnesota,2020,27,0,0,76,0
Missouri,2020,27,0,0,277,0
Montana,2020,27,0,0,61,0
Nebraska,2020,27,0,0,36,0
New York,2020,27,0,0,301,0
North Carolina,2020,27,1,0,232,1
North Dakota,2020,27,0,0,18,0
Ohio,2020,27,0,0,339,0
Oklahoma,2020,27,0,0,66,0
Oregon,2020,27,0,0,85,0
Pennsylvania,2020,27,0,0,41,0
South Dakota,2020,27,0,0,39,0
Tennessee,2020,27,0,0,12,0
Texas,2020,27,1,3,735,4
Utah,2020,27,0,0,147,0
Virginia,2020,27,0,0,74,0
Washington,2020,27,0,0,145,0
West Virginia,2020,27,0,0,302,0
Wisconsin,2020,27,0,0,234,0
Alabama,2020,28,0,1,190,1
Arizona,2020,28,0,0,101,0
Arkansas,2020,28,0,0,59,0
California,2020,28,0,0,289,0
Colorado,2020,28,0,0,213,0
Connecticut,2020,28,0,0,67,0
Florida,2020,28,0,0,462,0
Georgia,2020,28,0,0,218,0
Illinois,2020,28,0,0,46,0
Indiana,2020,28,0,1,139,1
Iowa,2020,28,0,0,24,0
Kansas,2020,28,0,0,24,0
Kentucky,2020,28,0,0,190,0
Louisiana,2020,28,0,0,38,0
Maine,2020,28,0,0,12,0
Maryland,2020,28,0,0,34,0
Massachusetts,2020,28,0,0,176,0
Michigan,2020,28,0,0,197,0
Minnesota,2020,28,0,0,86,0
Missouri,2020,28,0,0,111,0
Montana,2020,28,0,0,68,0
Nebraska,2020,28,0,0,42,0
New York,2020,28,0,0,399,0
North Carolina,2020,28,0,1,227,1
North Dakota,2020,28,0,0,16,0
Ohio,2020,28,2,0,418,2
Oklahoma,2020,28,0,0,84,0
Oregon,2020,28,1,0,96,1
Pennsylvania,2020,28,0,0,21,0
South Dakota,2020,28,0,0,51,0
Tennessee,2020,28,0,0,16,0
Texas,2020,28,1,2,659,3
Utah,2020,28,0,0,116,0
Virginia,2020,28,0,0,103,0
Washington,2020,28,0,0,148,0
West Virginia,2020,28,0,0,333,0
Wisconsin,2020,28,0,0,288,0
Alabama,2020,29,0,0,187,0
Arizona,2020,29,0,0,100,0
Arkansas,2020,29,0,0,57,0
California,2020,29,0,0,254,0
Colorado,2020,29,0,0,401,0
Connecticut,2020,29,0,0,66,0
Florida,2020,29,4,3,314,7
Georgia,2020,29,0,0,161,0
Illinois,2020,29,0,0,50,0
Indiana,2020,29,0,0,170,0
Iowa,2020,29,0,0,26,0
Kansas,2020,29,0,0,31,0
Kentucky,2020,29,0,0,190,0
Louisiana,2020,29,0,0,52,0
Maine,2020,29,0,0,10,0
Maryland,2020,29,0,0,28,0
Massachusetts,2020,29,0,0,159,0
Michigan,2020,29,0,0,207,0
Minnesota,2020,29,0,0,79,0
Missouri,2020,29,0,2,331,2
Montana,2020,29,0,0,69,0
Nebraska,2020,29,0,0,37,0
New Mexico,2020,29,0,0,102,0
New York,2020,29,0,0,409,0
North Carolina,2020,29,0,1,168,1
North Dakota,2020,29,0,0,11,0
Ohio,2020,29,2,0,363,2
Oklahoma,2020,29,0,0,74,0
Oregon,2020,29,0,0,81,0
Pennsylvania,2020,29,0,0,19,0
South Dakota,2020,29,0,0,41,0
Tennessee,2020,29,0,0,12,0
Texas,2020,29,4,5,544,9
Utah,2020,29,1,1,113,2
Virginia,2020,29,0,0,77,0
Washington,2020,29,0,0,141,0
West Virginia,2020,29,0,0,318,0
Wisconsin,2020,29,0,0,226,0
Alabama,2020,30,0,0,205,0
Arizona,2020,30,0,0,81,0
Arkansas,2020,30,0,0,86,0
California,2020,30,0,0,265,0
Colorado,2020,30,0,0,710,0
Connecticut,2020,30,0,0,70,0
Florida,2020,30,1,0,302,1
Georgia,2020,30,0,0,121,0
Illinois,2020,30,0,0,57,0
Indiana,2020,30,0,0,28,0
Iowa,2020,30,0,0,31,0
Kansas,2020,30,0,0,31,0
Kentucky,2020,30,0,0,181,0
Louisiana,2020,30,0,0,49,0
Maryland,2020,30,0,0,23,0
Massachusetts,2020,30,0,0,157,0
Michigan,2020,30,0,0,193,0
Minnesota,2020,30,0,0,105,0
Missouri,2020,30,0,0,359,0
Montana,2020,30,0,0,45,0
Nebraska,2020,30,0,0,38,0
New York,2020,30,0,0,430,0
North Carolina,2020,30,0,0,171,0
North Dakota,2020,30,0,0,26,0
Ohio,2020,30,3,0,387,3
Oklahoma,2020,30,0,0,85,0
Oregon,2020,30,0,0,28,0
Pennsylvania,2020,30,0,0,27,0
South Dakota,2020,30,0,0,30,0
Tennessee,2020,30,0,0,15,0
Texas,2020,30,0,3,271,3
Utah,2020,30,0,0,111,0
Virginia,2020,30,0,0,64,0
Washington,2020,30,0,0,125,0
West Virginia,2020,30,0,0,342,0
Wisconsin,2020,30,0,0,216,0
Alabama,2020,31,0,0,117,0
Arizona,2020,31,0,0,71,0
Arkansas,2020,31,0,0,65,0
California,2020,31,0,0,217,0
Colorado,2020,31,0,0,601,0
Connecticut,2020,31,0,0,54,0
Florida,2020,31,0,0,247,0
Georgia,2020,31,0,0,108,0
Illinois,2020,31,0,0,43,0
Indiana,2020,31,0,0,156,0
Iowa,2020,31,0,0,27,0
Kansas,2020,31,0,1,31,1
Kentucky,2020,31,0,0,169,0
Louisiana,2020,31,0,0,50,0
Maine,2020,31,0,0,12,0
Maryland,2020,31,0,0,41,0
Massachusetts,2020,31,0,0,149,0
Michigan,2020,31,0,0,211,0
Minnesota,2020,31,0,0,62,0
Missouri,2020,31,0,0,315,0
Montana,2020,31,0,0,63,0
Nebraska,2020,31,0,0,45,0
New Mexico,2020,31,0,0,103,0
New York,2020,31,0,0,426,0
North Carolina,2020,31,0,1,187,1
North Dakota,2020,31,0,0,16,0
Ohio,2020,31,0,0,356,0
Oklahoma,2020,31,0,0,82,0
Oregon,2020,31,0,0,29,0
Pennsylvania,2020,31,0,0,17,0
South Dakota,2020,31,0,0,34,0
Tennessee,2020,31,0,0,11,0
Texas,2020,31,0,3,479,3
Utah,2020,31,1,0,120,1
Virginia,2020,31,0,0,92,0
Washington,2020,31,0,0,136,0
West Virginia,2020,31,0,0,400,0
Wisconsin,2020,31,0,0,206,0
Alabama,2020,32,0,0,153,0
Arizona,2020,32,0,0,83,0
Arkansas,2020,32,0,0,64,0
California,2020,32,1,1,253,2
Colorado,2020,32,0,0,630,0
Connecticut,2020,32,0,0,43,0
Florida,2020,32,1,0,347,1
Georgia,2020,32,1,0,107,1
Illinois,2020,32,0,0,54,0
Indiana,2020,32,0,0,151,0
Iowa,2020,32,0,0,30,0
Kansas,2020,32,0,0,10,0
Kentucky,2020,32,0,0,172,0
Louisiana,2020,32,0,0,54,0
Maine,2020,32,0,0,10,0
Maryland,2020,32,0,0,31,0
Massachusetts,2020,32,0,0,179,0
Michigan,2020,32,0,0,217,0
Minnesota,2020,32,0,0,72,0
Mississippi,2020,32,0,0,21,0
Missouri,2020,32,1,0,403,1
Montana,2020,32,0,0,46,0
Nebraska,2020,32,0,0,21,0
New Mexico,2020,32,0,0,107,0
New York,2020,32,0,0,395,0
North Carolina,2020,32,0,0,134,0
North Dakota,2020,32,0,0,19,0
Ohio,2020,32,1,0,407,1
Oklahoma,2020,32,0,0,60,0
Oregon,2020,32,1,0,15,1
South Dakota,2020,32,0,0,32,0
Tennessee,2020,32,0,0,20,0
Texas,2020,32,0,3,486,3
Utah,2020,32,0,0,117,0
Vermont,2020,32,0,0,10,0
Virginia,2020,32,0,0,95,0
Washington,2020,32,0,0,133,0
West Virginia,2020,32,0,0,393,0
Wisconsin,2020,32,0,0,203,0
Alabama,2020,33,0,0,130,0
Arizona,2020,33,0,0,66,0
California,2020,33,1,0,251,1
Colorado,2020,33,0,0,578,0
Connecticut,2020,33,0,0,54,0
Florida,2020,33,2,1,314,3
Georgia,2020,33,0,0,134,0
Illinois,2020,33,1,1,36,2
Indiana,2020,33,0,0,147,0
Iowa,2020,33,0,0,24,0
Kansas,2020,33,0,0,17,0
Kentucky,2020,33,0,0,187,0
Louisiana,2020,33,0,0,60,0
Maryland,2020,33,0,0,51,0
Massachusetts,2020,33,0,0,196,0
Michigan,2020,33,0,0,202,0
Minnesota,2020,33,0,0,77,0
Mississippi,2020,33,0,0,16,0
Missouri,2020,33,0,0,405,0
Montana,2020,33,0,0,58,0
Nebraska,2020,33,0,0,17,0
New York,2020,33,0,0,457,0
North Carolina,2020,33,0,0,150,0
North Dakota,2020,33,0,0,10,0
Ohio,2020,33,0,0,397,0
Oklahoma,2020,33,0,0,83,0
Oregon,2020,33,0,0,24,0
Pennsylvania,2020,33,0,0,18,0
South Dakota,2020,33,0,0,33,0
Tennessee,2020,33,0,0,17,0
Texas,2020,33,0,2,361,2
Utah,2020,33,0,0,103,0
Vermont,2020,33,0,0,10,0
Virginia,2020,33,0,0,131,0
Washington,2020,33,0,0,136,0
West Virginia,2020,33,0,0,408,0
Wisconsin,2020,33,0,0,181,0
Alabama,2020,34,0,0,162,0
Arizona,2020,34,0,0,85,0
California,2020,34,1,1,256,2
Colorado,2020,34,0,0,509,0
Connecticut,2020,34,0,0,59,0
Florida,2020,34,0,1,286,1
Georgia,2020,34,1,2,145,3
Illinois,2020,34,0,0,27,0
Indiana,2020,34,0,0,143,0
Iowa,2020,34,0,0,28,0
Kansas,2020,34,0,0,17,0
Kentucky,2020,34,0,0,160,0
Louisiana,2020,34,0,0,61,0
Maine,2020,34,0,0,17,0
Maryland,2020,34,0,0,31,0
Massachusetts,2020,34,0,0,208,0
Michigan,2020,34,0,0,197,0
Minnesota,2020,34,0,0,78,0
Mississippi,2020,34,0,0,10,0
Missouri,2020,34,0,0,442,0
Montana,2020,34,0,0,43,0
Nebraska,2020,34,0,0,28,0
New York,2020,34,0,0,584,0
North Carolina,2020,34,0,0,127,0
Ohio,2020,34,4,1,386,5
Oklahoma,2020,34,0,0,81,0
Oregon,2020,34,0,0,20,0
Pennsylvania,2020,34,0,0,18,0
South Dakota,2020,34,0,0,38,0
Tennessee,2020,34,0,1,14,1
Texas,2020,34,0,2,441,2
Utah,2020,34,0,0,105,0
Virginia,2020,34,0,0,103,0
Washington,2020,34,0,0,181,0
West Virginia,2020,34,0,0,382,0
Wisconsin,2020,34,0,0,234,0
Alabama,2020,35,0,0,161,0
Arizona,2020,35,0,0,81,0
Arkansas,2020,35,0,0,50,0
California,2020,35,0,0,241,0
Colorado,2020,35,0,0,479,0
Connecticut,2020,35,0,0,57,0
Florida,2020,35,3,7,262,10
Georgia,2020,35,0,3,136,3
Illinois,2020,35,0,0,24,0
Indiana,2020,35,0,0,145,0
Iowa,2020,35,0,0,34,0
Kansas,2020,35,0,0,19,0
Kentucky,2020,35,0,0,210,0
Louisiana,2020,35,0,0,60,0
Maryland,2020,35,0,0,29,0
Massachusetts,2020,35,0,0,223,0
Michigan,2020,35,0,0,190,0
Minnesota,2020,35,0,0,82,0
Mississippi,2020,35,1,1,13,2
Missouri,2020,35,0,0,442,0
Montana,2020,35,0,0,37,0
Nebraska,2020,35,0,0,21,0
New York,2020,35,0,0,527,0
North Carolina,2020,35,0,1,165,1
North Dakota,2020,35,0,0,24,0
Ohio,2020,35,2,0,447,2
Oklahoma,2020,35,0,0,81,0
Pennsylvania,2020,35,0,0,18,0
South Dakota,2020,35,0,0,49,0
Tennessee,2020,35,0,0,20,0
Texas,2020,35,1,1,476,2
Utah,2020,35,0,0,105,0
Virginia,2020,35,0,0,91,0
Washington,2020,35,0,0,171,0
West Virginia,2020,35,0,0,453,0
Wisconsin,2020,35,0,0,192,0
Alabama,2020,36,0,0,105,0
Arizona,2020,36,0,1,72,1
Arkansas,2020,36,0,0,61,0
California,2020,36,0,0,222,0
Colorado,2020,36,0,0,464,0
Connecticut,2020,36,0,0,73,0
Florida,2020,36,1,1,282,2
Georgia,2020,36,0,0,153,0
Illinois,2020,36,1,0,38,1
Indiana,2020,36,0,0,200,0
Iowa,2020,36,0,0,42,0
Kansas,2020,36,0,0,19,0
Kentucky,2020,36,0,0,160,0
Louisiana,2020,36,0,0,48,0
Maine,2020,36,0,0,13,0
Maryland,2020,36,0,0,24,0
Massachusetts,2020,36,0,0,226,0
Michigan,2020,36,0,0,226,0
Minnesota,2020,36,0,0,74,0
Mississippi,2020,36,0,0,25,0
Missouri,2020,36,0,0,488,0
Montana,2020,36,0,0,49,0
Nebraska,2020,36,0,0,27,0
New Mexico,2020,36,0,0,79,0
New York,2020,36,0,0,544,0
North Carolina,2020,36,0,0,181,0
North Dakota,2020,36,0,0,34,0
Ohio,2020,36,2,0,436,2
Oklahoma,2020,36,0,0,92,0
Pennsylvania,2020,36,0,0,26,0
South Dakota,2020,36,0,0,32,0
Tennessee,2020,36,0,0,17,0
Texas,2020,36,2,4,525,6
Utah,2020,36,0,0,127,0
Vermont,2020,36,0,0,12,0
Virginia,2020,36,0,0,95,0
Washington,2020,36,0,0,167,0
West Virginia,2020,36,0,0,413,0
Wisconsin,2020,36,0,0,177,0
Alabama,2020,37,0,0,81,0
Arizona,2020,37,0,0,95,0
Arkansas,2020,37,0,0,67,0
California,2020,37,0,0,237,0
Colorado,2020,37,0,0,682,0
Connecticut,2020,37,0,0,81,0
Florida,2020,37,3,2,282,5
Georgia,2020,37,0,0,168,0
Illinois,2020,37,0,0,37,0
Indiana,2020,37,0,0,208,0
Iowa,2020,37,0,0,40,0
Kansas,2020,37,0,0,18,0
Kentucky,2020,37,0,0,181,0
Louisiana,2020,37,0,0,63,0
Maine,2020,37,0,0,18,0
Maryland,2020,37,0,0,28,0
Massachusetts,2020,37,0,0,287,0
Michigan,2020,37,0,0,210,0
Minnesota,2020,37,0,0,92,0
Missouri,2020,37,0,0,436,0
Montana,2020,37,0,0,57,0
Nebraska,2020,37,0,0,39,0
New York,2020,37,0,0,591,0
North Carolina,2020,37,1,0,197,1
North Dakota,2020,37,0,0,25,0
Ohio,2020,37,0,0,403,0
Oklahoma,2020,37,0,0,81,0
Pennsylvania,2020,37,0,0,25,0
South Dakota,2020,37,0,0,38,0
Tennessee,2020,37,0,0,19,0
Texas,2020,37,1,3,602,4
Utah,2020,37,0,0,108,0
Vermont,2020,37,0,1,22,1
Virginia,2020,37,0,0,98,0
Washington,2020,37,0,0,161,0
West Virginia,2020,37,0,0,502,0
Wisconsin,2020,37,0,0,232,0
Alabama,2020,38,0,1,94,1
Arizona,2020,38,0,0,115,0
Arkansas,2020,38,0,0,82,0
California,2020,38,1,0,293,1
Colorado,2020,38,0,1,805,1
Connecticut,2020,38,0,0,78,0
Florida,2020,38,1,1,284,2
Georgia,2020,38,0,5,174,5
Illinois,2020,38,1,2,54,3
Indiana,2020,38,0,0,214,0
Iowa,2020,38,0,0,36,0
Kansas,2020,38,0,0,25,0
Kentucky,2020,38,0,0,195,0
Louisiana,2020,38,0,0,53,0
Maine,2020,38,0,0,19,0
Maryland,2020,38,0,0,40,0
Massachusetts,2020,38,0,0,273,0
Michigan,2020,38,0,0,250,0
Minnesota,2020,38,0,0,100,0
Missouri,2020,38,1,0,486,1
Montana,2020,38,0,0,72,0
Nebraska,2020,38,0,0,35,0
New York,2020,38,2,1,673,3
North Carolina,2020,38,0,1,229,1
North Dakota,2020,38,0,0,48,0
Ohio,2020,38,1,0,543,1
Oklahoma,2020,38,0,0,94,0
Pennsylvania,2020,38,0,0,28,0
South Dakota,2020,38,0,0,45,0
Tennessee,2020,38,0,0,12,0
Texas,2020,38,7,5,692,12
Utah,2020,38,0,0,151,0
Vermont,2020,38,0,0,24,0
Virginia,2020,38,0,0,112,0
Washington,2020,38,0,0,275,0
West Virginia,2020,38,0,0,621,0
Wisconsin,2020,38,0,0,219,0
Alabama,2020,39,0,0,106,0
Arizona,2020,39,0,0,96,0
Arkansas,2020,39,0,0,80,0
California,2020,39,0,0,301,0
Colorado,2020,39,0,0,843,0
Connecticut,2020,39,0,0,126,0
Florida,2020,39,3,1,357,4
Georgia,2020,39,0,0,188,0
Illinois,2020,39,0,0,47,0
Indiana,2020,39,0,0,208,0
Iowa,2020,39,0,0,62,0
Kansas,2020,39,0,0,21,0
Kentucky,2020,39,0,0,219,0
Louisiana,2020,39,0,0,45,0
Maine,2020,39,0,0,38,0
Maryland,2020,39,0,0,53,0
Massachusetts,2020,39,0,0,355,0
Michigan,2020,39,0,0,134,0
Minnesota,2020,39,0,0,97,0
Mississippi,2020,39,0,0,13,0
Missouri,2020,39,0,0,645,0
Montana,2020,39,0,0,72,0
Nebraska,2020,39,0,0,29,0
New Mexico,2020,39,0,0,102,0
New York,2020,39,0,0,677,0
North Carolina,2020,39,0,1,196,1
North Dakota,2020,39,0,0,72,0
Ohio,2020,39,0,0,684,0
Oklahoma,2020,39,1,0,118,1
Oregon,2020,39,0,0,11,0
Pennsylvania,2020,39,0,0,32,0
South Carolina,2020,39,0,0,12,0
South Dakota,2020,39,0,0,51,0
Tennessee,2020,39,0,0,18,0
Texas,2020,39,7,7,815,14
Utah,2020,39,0,0,150,0
Vermont,2020,39,0,0,39,0
Virginia,2020,39,0,0,104,0
Washington,2020,39,0,0,285,0
West Virginia,2020,39,0,0,614,0
Wisconsin,2020,39,0,0,350,0
Alabama,2020,40,0,0,133,0
Arizona,2020,40,0,0,95,0
Arkansas,2020,40,0,0,79,0
California,2020,40,1,0,442,1
Colorado,2020,40,0,0,960,0
Connecticut,2020,40,0,0,142,0
Florida,2020,40,2,0,360,2
Georgia,2020,40,1,2,289,3
Illinois,2020,40,0,1,28,1
Indiana,2020,40,0,0,261,0
Iowa,2020,40,0,0,89,0
Kansas,2020,40,0,0,20,0
Kentucky,2020,40,0,0,182,0
Louisiana,2020,40,0,0,70,0
Maine,2020,40,0,0,39,0
Maryland,2020,40,0,0,281,0
Massachusetts,2020,40,0,0,438,0
Michigan,2020,40,0,0,454,0
Minnesota,2020,40,0,0,139,0
Mississippi,2020,40,0,0,17,0
Missouri,2020,40,0,0,708,0
Montana,2020,40,0,0,107,0
Nebraska,2020,40,0,0,42,0
New Mexico,2020,40,0,0,135,0
New York,2020,40,0,0,857,0
North Carolina,2020,40,0,2,323,2
North Dakota,2020,40,0,0,78,0
Ohio,2020,40,2,1,695,3
Oklahoma,2020,40,0,0,138,0
Oregon,2020,40,0,0,245,0
Pennsylvania,2020,40,0,0,229,0
South Carolina,2020,40,2,2,177,4
South Dakota,2020,40,0,0,54,0
Tennessee,2020,40,0,0,22,0
Texas,2020,40,7,10,1091,17
Utah,2020,40,0,0,195,0
Vermont,2020,40,0,0,34,0
Virginia,2020,40,0,0,124,0
Washington,2020,40,0,0,333,0
West Virginia,2020,40,4,3,746,7
Wisconsin,2020,40,0,0,791,0
Alabama,2020,41,0,0,158,0
Arizona,2020,41,0,0,110,0
Arkansas,2020,41,0,0,104,0
California,2020,41,0,2,623,2
Colorado,2020,41,0,0,1127,0
Connecticut,2020,41,0,0,195,0
Florida,2020,41,2,1,457,3
Georgia,2020,41,0,2,376,2
Idaho,2020,41,0,0,14,0
Illinois,2020,41,3,0,92,3
Indiana,2020,41,1,0,280,1
Iowa,2020,41,0,0,129,0
Kansas,2020,41,0,0,25,0
Kentucky,2020,41,0,0,245,0
Louisiana,2020,41,0,0,97,0
Maine,2020,41,0,0,65,0
Maryland,2020,41,0,0,466,0
Massachusetts,2020,41,0,0,485,0
Michigan,2020,41,0,0,517,0
Minnesota,2020,41,1,0,217,1
Mississippi,2020,41,0,0,20,0
Missouri,2020,41,0,0,770,0
Montana,2020,41,0,0,132,0
Nebraska,2020,41,0,1,29,1
New Mexico,2020,41,0,0,193,0
New York,2020,41,0,0,1197,0
North Carolina,2020,41,1,2,265,3
Ohio,2020,41,2,2,978,4
Oklahoma,2020,41,0,0,151,0
Oregon,2020,41,1,2,411,3
Pennsylvania,2020,41,0,0,232,0
South Carolina,2020,41,5,3,247,8
South Dakota,2020,41,0,0,57,0
Tennessee,2020,41,0,0,33,0
Texas,2020,41,11,10,1263,21
Utah,2020,41,0,0,241,0
Vermont,2020,41,0,1,42,1
Virginia,2020,41,0,0,133,0
Washington,2020,41,0,0,393,0
West Virginia,2020,41,0,1,668,1
Wisconsin,2020,41,2,1,1050,3
Alabama,2020,42,3,1,166,4
Arizona,2020,42,0,0,130,0
Arkansas,2020,42,0,0,91,0
California,2020,42,1,0,874,1
Colorado,2020,42,2,1,1150,3
Connecticut,2020,42,0,0,135,0
Florida,2020,42,2,1,425,3
Georgia,2020,42,0,2,358,2
Idaho,2020,42,0,0,23,0
Illinois,2020,42,0,0,77,0
Indiana,2020,42,0,0,284,0
Iowa,2020,42,0,0,216,0
Kansas,2020,42,0,0,27,0
Kentucky,2020,42,0,0,261,0
Louisiana,2020,42,0,0,84,0
Maine,2020,42,0,0,76,0
Maryland,2020,42,0,0,424,0
Massachusetts,2020,42,0,1,472,1
Michigan,2020,42,0,0,561,0
Minnesota,2020,42,0,0,207,0
Mississippi,2020,42,1,0,36,1
Missouri,2020,42,1,0,320,1
Montana,2020,42,0,0,116,0
Nebraska,2020,42,0,0,36,0
New Mexico,2020,42,1,1,181,2
New York,2020,42,1,3,1471,4
North Carolina,2020,42,0,0,290,0
Ohio,2020,42,3,2,1016,5
Oklahoma,2020,42,0,0,168,0
Oregon,2020,42,2,1,401,3
Pennsylvania,2020,42,0,0,254,0
South Carolina,2020,42,3,2,211,5
South Dakota,2020,42,0,0,45,0
Tennessee,2020,42,0,0,26,0
Texas,2020,42,3,8,1254,11
Utah,2020,42,0,0,241,0
Vermont,2020,42,0,1,49,1
Virginia,2020,42,0,0,160,0
Washington,2020,42,0,0,443,0
West Virginia,2020,42,1,0,717,1
Wisconsin,2020,42,2,2,939,4
Alabama,2020,43,0,0,211,0
Arizona,2020,43,0,0,144,0
Arkansas,2020,43,0,0,93,0
California,2020,43,1,0,833,1
Colorado,2020,43,1,0,1309,1
Connecticut,2020,43,0,0,242,0
Florida,2020,43,1,0,424,1
Georgia,2020,43,1,0,340,1
Idaho,2020,43,0,0,23,0
Illinois,2020,43,0,1,80,1
Indiana,2020,43,0,0,261,0
Iowa,2020,43,0,0,312,0
Kansas,2020,43,0,0,29,0
Kentucky,2020,43,0,0,322,0
Louisiana,2020,43,0,0,67,0
Maine,2020,43,0,0,64,0
Maryland,2020,43,0,0,496,0
Massachusetts,2020,43,0,0,508,0
Michigan,2020,43,0,0,593,0
Minnesota,2020,43,0,0,247,0
Mississippi,2020,43,0,0,36,0
Missouri,2020,43,0,0,679,0
Montana,2020,43,0,0,116,0
Nebraska,2020,43,0,0,41,0
New Mexico,2020,43,0,0,320,0
New York,2020,43,1,2,1403,3
North Carolina,2020,43,0,1,273,1
Ohio,2020,43,3,4,966,7
Oklahoma,2020,43,0,0,162,0
Oregon,2020,43,2,1,450,3
Pennsylvania,2020,43,0,0,234,0
South Carolina,2020,43,0,4,274,4
South Dakota,2020,43,0,0,52,0
Tennessee,2020,43,0,0,25,0
Texas,2020,43,4,7,1161,11
Utah,2020,43,0,0,255,0
Vermont,2020,43,0,0,41,0
Virginia,2020,43,0,0,159,0
Washington,2020,43,0,0,527,0
West Virginia,2020,43,0,0,783,0
Wisconsin,2020,43,3,1,1275,4
Alabama,2020,44,0,0,200,0
Arizona,2020,44,0,1,157,1
Arkansas,2020,44,0,0,110,0
California,2020,44,5,3,987,8
Colorado,2020,44,0,1,2021,1
Connecticut,2020,44,0,0,313,0
Florida,2020,44,3,0,495,3
Georgia,2020,44,1,0,378,1
Idaho,2020,44,0,0,30,0
Illinois,2020,44,0,0,91,0
Indiana,2020,44,0,0,346,0
Iowa,2020,44,0,0,358,0
Kansas,2020,44,0,0,29,0
Kentucky,2020,44,0,0,337,0
Louisiana,2020,44,0,0,55,0
Maine,2020,44,0,0,70,0
Maryland,2020,44,0,0,536,0
Massachusetts,2020,44,0,0,596,0
Michigan,2020,44,0,0,636,0
Minnesota,2020,44,1,0,322,1
Mississippi,2020,44,0,0,20,0
Missouri,2020,44,0,0,720,0
Montana,2020,44,0,0,119,0
Nebraska,2020,44,0,0,46,0
New Mexico,2020,44,0,0,330,0
New York,2020,44,0,0,1694,0
North Carolina,2020,44,0,0,283,0
Ohio,2020,44,3,0,1193,3
Oklahoma,2020,44,0,0,117,0
Oregon,2020,44,0,1,673,1
Pennsylvania,2020,44,0,0,281,0
South Carolina,2020,44,3,2,314,5
South Dakota,2020,44,0,0,46,0
Tennessee,2020,44,0,0,24,0
Texas,2020,44,5,8,1393,13
Utah,2020,44,0,1,242,1
Virginia,2020,44,0,0,145,0
Washington,2020,44,1,1,454,2
West Virginia,2020,44,0,1,712,1
Wisconsin,2020,44,0,0,1141,0
Alabama,2020,45,2,0,223,2
Arizona,2020,45,0,0,171,0
Arkansas,2020,45,0,0,117,0
California,2020,45,0,2,975,2
Colorado,2020,45,0,0,2962,0
Connecticut,2020,45,0,0,375,0
Florida,2020,45,0,0,416,0
Georgia,2020,45,5,5,387,10
Idaho,2020,45,0,0,67,0
Illinois,2020,45,1,0,96,1
Indiana,2020,45,0,0,457,0
Iowa,2020,45,0,0,498,0
Kansas,2020,45,0,0,34,0
Kentucky,2020,45,0,0,358,0
Louisiana,2020,45,0,0,60,0
Maine,2020,45,0,0,109,0
Maryland,2020,45,0,0,553,0
Massachusetts,2020,45,0,0,623,0
Michigan,2020,45,1,0,810,1
Minnesota,2020,45,0,0,245,0
Mississippi,2020,45,0,0,43,0
Missouri,2020,45,0,0,307,0
Montana,2020,45,0,0,119,0
Nebraska,2020,45,0,0,45,0
New Mexico,2020,45,0,0,339,0
New York,2020,45,2,0,2124,2
North Carolina,2020,45,0,0,275,0
Ohio,2020,45,5,1,1627,6
Oklahoma,2020,45,0,0,174,0
Oregon,2020,45,1,1,1257,2
Pennsylvania,2020,45,0,0,350,0
South Carolina,2020,45,3,4,397,7
South Dakota,2020,45,0,0,51,0
Tennessee,2020,45,0,0,34,0
Texas,2020,45,4,10,1673,14
Utah,2020,45,0,0,320,0
Vermont,2020,45,0,0,14,0
Virginia,2020,45,0,0,141,0
Washington,2020,45,0,0,531,0
West Virginia,2020,45,1,1,699,2
Wisconsin,2020,45,4,1,6136,5
Alabama,2020,46,0,0,316,0
Arizona,2020,46,0,0,150,0
Arkansas,2020,46,0,0,142,0
California,2020,46,6,3,4941,9
Colorado,2020,46,0,0,3114,0
Connecticut,2020,46,0,0,392,0
Florida,2020,46,1,1,417,2
Georgia,2020,46,1,5,412,6
Idaho,2020,46,0,1,61,1
Illinois,2020,46,2,0,86,2
Indiana,2020,46,0,0,476,0
Iowa,2020,46,0,0,325,0
Kansas,2020,46,0,0,28,0
Kentucky,2020,46,0,0,414,0
Louisiana,2020,46,0,0,84,0
Maine,2020,46,0,0,185,0
Maryland,2020,46,0,0,628,0
Massachusetts,2020,46,1,0,668,1
Michigan,2020,46,0,0,846,0
Minnesota,2020,46,0,0,321,0
Mississippi,2020,46,0,0,52,0
Missouri,2020,46,0,1,759,1
Montana,2020,46,0,0,99,0
Nebraska,2020,46,0,0,47,0
New Mexico,2020,46,0,0,281,0
New York,2020,46,1,0,2879,1
North Carolina,2020,46,0,0,317,0
Ohio,2020,46,2,1,1718,3
Oklahoma,2020,46,0,0,677,0
Oregon,2020,46,1,3,1753,4
Pennsylvania,2020,46,0,0,392,0
South Carolina,2020,46,2,3,392,5
South Dakota,2020,46,0,0,41,0
Tennessee,2020,46,0,0,40,0
Texas,2020,46,9,16,1954,25
Utah,2020,46,2,1,321,3
Vermont,2020,46,0,1,20,1
Virginia,2020,46,0,0,137,0
Washington,2020,46,0,0,649,0
West Virginia,2020,46,0,3,779,3
Wisconsin,2020,46,2,5,6523,7
Alabama,2020,47,2,1,271,3
Arizona,2020,47,0,1,189,1
Arkansas,2020,47,0,1,186,1
California,2020,47,3,1,6686,4
Colorado,2020,47,0,1,2642,1
Connecticut,2020,47,0,0,297,0
Florida,2020,47,2,2,390,4
Georgia,2020,47,0,4,335,4
Idaho,2020,47,1,1,67,2
Illinois,2020,47,2,1,82,3
Indiana,2020,47,0,0,496,0
Iowa,2020,47,0,0,340,0
Kansas,2020,47,0,0,25,0
Kentucky,2020,47,0,1,427,1
Louisiana,2020,47,0,0,92,0
Maine,2020,47,0,0,186,0
Maryland,2020,47,0,0,545,0
Massachusetts,2020,47,1,1,887,2
Michigan,2020,47,1,0,756,1
Minnesota,2020,47,0,0,359,0
Mississippi,2020,47,0,2,46,2
Missouri,2020,47,0,0,731,0
Montana,2020,47,0,0,116,0
Nebraska,2020,47,0,0,53,0
New Mexico,2020,47,1,0,259,1
New York,2020,47,0,1,3648,1
North Carolina,2020,47,1,1,282,2
Ohio,2020,47,9,1,2029,10
Oklahoma,2020,47,0,0,937,0
Oregon,2020,47,0,0,2301,0
Pennsylvania,2020,47,0,0,403,0
South Carolina,2020,47,3,6,438,9
South Dakota,2020,47,0,0,62,0
Tennessee,2020,47,0,0,45,0
Texas,2020,47,5,23,2076,28
Utah,2020,47,0,0,339,0
Vermont,2020,47,0,0,36,0
Virginia,2020,47,0,0,185,0
Washington,2020,47,1,0,789,1
West Virginia,2020,47,0,2,858,2
Wisconsin,2020,47,1,3,6653,4
Alabama,2020,48,0,0,210,0
Arizona,2020,48,0,0,159,0
Arkansas,2020,48,0,0,189,0
California,2020,48,1,0,5771,1
Colorado,2020,48,0,0,2090,0
Connecticut,2020,48,0,0,318,0
Florida,2020,48,2,0,521,2
Georgia,2020,48,1,5,454,6
Idaho,2020,48,0,1,100,1
Illinois,2020,48,0,0,73,0
Indiana,2020,48,1,0,507,1
Iowa,2020,48,0,0,251,0
Kansas,2020,48,0,0,31,0
Kentucky,2020,48,0,0,330,0
Louisiana,2020,48,0,0,78,0
Maine,2020,48,0,0,180,0
Maryland,2020,48,0,0,626,0
Massachusetts,2020,48,0,0,1210,0
Michigan,2020,48,1,1,1019,2
Minnesota,2020,48,0,0,382,0
Mississippi,2020,48,0,0,52,0
Missouri,2020,48,0,0,752,0
Montana,2020,48,0,0,108,0
Nebraska,2020,48,0,0,40,0
New Mexico,2020,48,0,0,83,0
New York,2020,48,0,1,3080,1
North Carolina,2020,48,0,0,352,0
Ohio,2020,48,0,0,1783,0
Oklahoma,2020,48,1,0,921,1
Oregon,2020,48,0,0,2305,0
Pennsylvania,2020,48,0,0,403,0
South Carolina,2020,48,6,5,401,11
South Dakota,2020,48,0,0,30,0
Tennessee,2020,48,0,0,58,0
Texas,2020,48,3,18,1771,21
Utah,2020,48,0,0,332,0
Vermont,2020,48,0,0,39,0
Virginia,2020,48,0,0,185,0
Washington,2020,48,0,0,649,0
West Virginia,2020,48,0,1,889,1
Wisconsin,2020,48,2,4,5458,6
Alabama,2020,49,1,1,279,2
Arizona,2020,49,0,0,147,0
Arkansas,2020,49,0,1,186,1
California,2020,49,1,5,7194,6
Colorado,2020,49,0,2,3616,2
Connecticut,2020,49,0,0,394,0
Florida,2020,49,2,3,557,5
Georgia,2020,49,3,5,673,8
Idaho,2020,49,0,2,108,2
Illinois,2020,49,1,0,75,1
Indiana,2020,49,0,0,562,0
Iowa,2020,49,0,0,267,0
Kansas,2020,49,0,1,98,1
Kentucky,2020,49,0,0,499,0
Louisiana,2020,49,0,0,93,0
Maine,2020,49,0,0,184,0
Maryland,2020,49,0,2,742,2
Massachusetts,2020,49,2,1,1313,3
Michigan,2020,49,1,0,1204,1
Minnesota,2020,49,0,0,441,0
Mississippi,2020,49,0,0,51,0
Missouri,2020,49,0,2,1476,2
Montana,2020,49,0,0,126,0
Nebraska,2020,49,0,0,40,0
New Mexico,2020,49,0,0,363,0
New York,2020,49,0,0,4546,0
North Carolina,2020,49,0,3,405,3
Ohio,2020,49,3,0,1593,3
Oklahoma,2020,49,0,1,509,1
Oregon,2020,49,2,2,2837,4
Pennsylvania,2020,49,0,0,494,0
South Carolina,2020,49,4,3,524,7
South Dakota,2020,49,0,0,35,0
Tennessee,2020,49,0,0,46,0
Texas,2020,49,7,29,1888,36
Utah,2020,49,1,1,336,2
Vermont,2020,49,0,0,39,0
Virginia,2020,49,0,0,130,0
Washington,2020,49,0,0,610,0
West Virginia,2020,49,0,0,870,0
Wisconsin,2020,49,0,0,5710,0
Alabama,2020,50,3,5,381,8
Arizona,2020,50,0,0,181,0
Arkansas,2020,50,1,1,193,2
California,2020,50,1,7,8262,8
Colorado,2020,50,0,1,1913,1
Connecticut,2020,50,0,0,341,0
Florida,2020,50,0,1,454,1
Georgia,2020,50,2,5,1127,7
Idaho,2020,50,0,0,102,0
Illinois,2020,50,1,0,66,1
Indiana,2020,50,0,0,464,0
Iowa,2020,50,0,0,276,0
Kansas,2020,50,1,0,178,1
Kentucky,2020,50,0,0,777,0
Louisiana,2020,50,0,0,96,0
Maine,2020,50,0,0,186,0
Maryland,2020,50,0,0,731,0
Massachusetts,2020,50,0,0,963,0
Michigan,2020,50,0,0,1212,0
Minnesota,2020,50,0,0,441,0
Mississippi,2020,50,0,0,43,0
Missouri,2020,50,0,1,2109,1
Montana,2020,50,0,0,102,0
Nebraska,2020,50,0,0,49,0
New Mexico,2020,50,0,0,121,0
New York,2020,50,1,2,3755,3
North Carolina,2020,50,0,1,363,1
Ohio,2020,50,4,1,1722,5
Oklahoma,2020,50,0,0,478,0
Oregon,2020,50,1,4,2662,5
Pennsylvania,2020,50,0,0,540,0
South Carolina,2020,50,2,1,361,3
South Dakota,2020,50,0,0,31,0
Tennessee,2020,50,0,0,55,0
Texas,2020,50,4,41,2076,45
Utah,2020,50,0,0,346,0
Vermont,2020,50,0,0,89,0
Virginia,2020,50,0,0,250,0
Washington,2020,50,0,1,461,1
West Virginia,2020,50,1,1,806,2
Wisconsin,2020,50,2,3,5666,5
Alabama,2020,51,0,2,357,2
Arizona,2020,51,0,0,155,0
Arkansas,2020,51,0,1,207,1
California,2020,51,5,2,9004,7
Colorado,2020,51,0,0,1719,0
Connecticut,2020,51,0,0,299,0
Florida,2020,51,7,2,429,9
Georgia,2020,51,2,5,1185,7
Idaho,2020,51,1,0,98,1
Illinois,2020,51,0,0,23,0
Indiana,2020,51,0,0,503,0
Iowa,2020,51,0,0,298,0
Kansas,2020,51,0,0,142,0
Kentucky,2020,51,0,0,745,0
Louisiana,2020,51,0,0,89,0
Maine,2020,51,0,0,207,0
Maryland,2020,51,0,1,656,1
Massachusetts,2020,51,1,0,959,1
Michigan,2020,51,0,0,1165,0
Minnesota,2020,51,1,1,447,2
Mississippi,2020,51,0,1,43,1
Missouri,2020,51,0,2,1940,2
Montana,2020,51,0,0,122,0
Nebraska,2020,51,0,0,57,0
New Mexico,2020,51,0,0,146,0
New York,2020,51,0,0,3854,0
North Carolina,2020,51,0,2,378,2
Ohio,2020,51,0,0,1435,0
Oklahoma,2020,51,0,0,367,0
Oregon,2020,51,0,0,2448,0
Pennsylvania,2020,51,0,0,365,0
South Carolina,2020,51,2,1,315,3
South Dakota,2020,51,0,0,36,0
Tennessee,2020,51,0,0,42,0
Texas,2020,51,12,54,2197,66
Utah,2020,51,0,0,282,0
Vermont,2020,51,0,2,206,2
Virginia,2020,51,0,0,228,0
Washington,2020,51,0,0,539,0
West Virginia,2020,51,2,3,886,5
Wisconsin,2020,51,1,2,5026,3
Alabama,2020,52,1,1,267,2
Arizona,2020,52,0,0,154,0
Arkansas,2020,52,0,1,144,1
California,2020,52,5,1,6942,6
Colorado,2020,52,0,0,1459,0
Connecticut,2020,52,0,0,507,0
Florida,2020,52,1,1,426,2
Georgia,2020,52,3,7,1133,10
Idaho,2020,52,0,1,96,1
Illinois,2020,52,0,2,65,2
Indiana,2020,52,0,0,467,0
Iowa,2020,52,0,0,193,0
Kansas,2020,52,0,0,93,0
Kentucky,2020,52,0,0,705,0
Louisiana,2020,52,0,0,70,0
Maine,2020,52,0,0,196,0
Maryland,2020,52,1,0,643,1
Massachusetts,2020,52,0,0,976,0
Michigan,2020,52,0,2,1083,2
Minnesota,2020,52,1,0,432,1
Mississippi,2020,52,0,0,40,0
Missouri,2020,52,0,0,1701,0
Montana,2020,52,0,0,106,0
Nebraska,2020,52,1,1,51,2
New Mexico,2020,52,0,0,140,0
New York,2020,52,1,1,3770,2
North Carolina,2020,52,0,0,276,0
Ohio,2020,52,5,2,1194,7
Oklahoma,2020,52,0,0,279,0
Oregon,2020,52,1,3,2313,4
Pennsylvania,2020,52,1,0,361,1
South Carolina,2020,52,2,1,286,3
South Dakota,2020,52,0,0,30,0
Tennessee,2020,52,0,0,33,0
Texas,2020,52,11,35,2134,46
Utah,2020,52,0,0,261,0
Vermont,2020,52,0,0,196,0
Virginia,2020,52,0,0,248,0
Washington,2020,52,0,0,440,0
West Virginia,2020,52,0,5,829,5
Wisconsin,2020,52,0,3,4228,3
Alabama,2020,53,1,3,405,4
Arizona,2020,53,0,0,157,0
Arkansas,2020,53,0,1,186,1
California,2020,53,10,1,6729,11
Colorado,2020,53,0,1,1510,1
Connecticut,2020,53,0,0,414,0
Florida,2020,53,0,0,457,0
Georgia,2020,53,6,7,1355,13
Idaho,2020,53,0,0,81,0
Illinois,2020,53,0,1,78,1
Indiana,2020,53,0,0,463,0
Iowa,2020,53,0,0,236,0
Kansas,2020,53,0,0,107,0
Kentucky,2020,53,0,0,763,0
Louisiana,2020,53,0,1,84,1
Maine,2020,53,0,0,186,0
Maryland,2020,53,1,0,790,1
Massachusetts,2020,53,0,1,912,1
Michigan,2020,53,2,0,1179,2
Minnesota,2020,53,0,0,414,0
Mississippi,2020,53,0,0,39,0
Missouri,2020,53,0,0,1847,0
Montana,2020,53,0,0,193,0
Nebraska,2020,53,0,0,34,0
New Mexico,2020,53,1,0,2532,1
New York,2020,53,1,1,4079,2
North Carolina,2020,53,0,0,250,0
Ohio,2020,53,0,0,1316,0
Oklahoma,2020,53,0,0,237,0
Oregon,2020,53,1,1,2489,2
Pennsylvania,2020,53,0,0,324,0
South Carolina,2020,53,3,0,360,3
South Dakota,2020,53,0,0,41,0
Tennessee,2020,53,1,0,35,1
Texas,2020,53,7,54,2485,61
Utah,2020,53,0,0,93,0
Vermont,2020,53,0,0,176,0
Virginia,2020,53,0,0,297,0
Washington,2020,53,0,1,507,1
West Virginia,2020,53,0,0,998,0
Wisconsin,2020,53,0,0,4283,0
Alabama,2021,1,2,3,501,5
Arizona,2021,1,0,0,178,0
Arkansas,2021,1,0,0,188,0
California,2021,1,4,4,8420,8
Colorado,2021,1,0,0,1497,0
Connecticut,2021,1,0,0,438,0
Florida,2021,1,2,0,435,2
Georgia,2021,1,2,3,1116,5
Idaho,2021,1,0,2,109,2
Illinois,2021,1,0,1,82,1
Indiana,2021,1,0,0,461,0
Iowa,2021,1,0,0,344,0
Kansas,2021,1,0,0,97,0
Kentucky,2021,1,0,0,744,0
Louisiana,2021,1,0,0,98,0
Maine,2021,1,0,0,168,0
Maryland,2021,1,0,0,815,0
Massachusetts,2021,1,0,0,935,0
Michigan,2021,1,0,1,1246,1
Minnesota,2021,1,0,0,441,0
Mississippi,2021,1,0,0,29,0
Missouri,2021,1,0,1,1949,1
Montana,2021,1,0,0,279,0
Nebraska,2021,1,0,0,52,0
New Mexico,2021,1,0,0,2580,0
New York,2021,1,1,1,4690,2
North Carolina,2021,1,0,0,257,0
Ohio,2021,1,0,1,1358,1
Oklahoma,2021,1,0,0,444,0
Oregon,2021,1,2,2,2673,4
Pennsylvania,2021,1,0,0,383,0
South Carolina,2021,1,3,0,371,3
South Dakota,2021,1,0,0,33,0
Tennessee,2021,1,0,0,46,0
Texas,2021,1,11,75,2637,86
Utah,2021,1,0,0,283,0
Vermont,2021,1,0,0,183,0
Virginia,2021,1,0,0,301,0
Washington,2021,1,0,0,500,0
West Virginia,2021,1,0,1,985,1
Wisconsin,2021,1,1,0,5135,1
Alabama,2021,2,4,4,404,8
Arizona,2021,2,0,0,155,0
Arkansas,2021,2,0,0,169,0
California,2021,2,2,0,8086,2
Colorado,2021,2,0,0,1347,0
Connecticut,2021,2,0,0,357,0
Florida,2021,2,1,0,427,1
Georgia,2021,2,0,1,1135,1
Idaho,2021,2,0,1,90,1
Illinois,2021,2,0,1,60,1
Indiana,2021,2,0,0,461,0
Iowa,2021,2,0,0,406,0
Kansas,2021,2,0,0,65,0
Kentucky,2021,2,0,0,853,0
Louisiana,2021,2,0,0,96,0
Maine,2021,2,0,0,170,0
Maryland,2021,2,1,0,680,1
Massachusetts,2021,2,0,0,961,0
Michigan,2021,2,0,0,1146,0
Minnesota,2021,2,0,0,427,0
Mississippi,2021,2,0,0,30,0
Missouri,2021,2,0,0,1777,0
Montana,2021,2,0,0,344,0
Nebraska,2021,2,0,0,50,0
New Mexico,2021,2,3,0,2463,3
New York,2021,2,0,0,3974,0
North Carolina,2021,2,0,0,202,0
Ohio,2021,2,0,1,1596,1
Oklahoma,2021,2,0,0,511,0
Oregon,2021,2,0,2,2661,2
Pennsylvania,2021,2,0,0,704,0
South Carolina,2021,2,3,1,406,4
South Dakota,2021,2,0,0,35,0
Tennessee,2021,2,0,0,35,0
Texas,2021,2,6,33,2093,39
Vermont,2021,2,0,0,255,0
Virginia,2021,2,0,0,292,0
Washington,2021,2,0,0,483,0
West Virginia,2021,2,2,4,899,6
Wisconsin,2021,2,0,0,4147,0
Alabama,2021,3,1,7,441,8
Arizona,2021,3,0,0,173,0
Arkansas,2021,3,0,0,201,0
California,2021,3,1,0,6982,1
Colorado,2021,3,0,0,1310,0
Connecticut,2021,3,0,0,366,0
Florida,2021,3,1,2,436,3
Georgia,2021,3,2,2,1017,4
Idaho,2021,3,0,0,60,0
Illinois,2021,3,0,1,57,1
Indiana,2021,3,0,0,430,0
Iowa,2021,3,0,0,448,0
Kansas,2021,3,0,0,86,0
Kentucky,2021,3,0,0,768,0
Louisiana,2021,3,0,0,74,0
Maine,2021,3,0,0,150,0
Maryland,2021,3,0,1,696,1
Massachusetts,2021,3,0,1,919,1
Michigan,2021,3,0,0,1078,0
Minnesota,2021,3,0,0,443,0
Mississippi,2021,3,0,0,33,0
Missouri,2021,3,1,0,1530,1
Montana,2021,3,0,0,375,0
Nebraska,2021,3,0,0,38,0
New Mexico,2021,3,0,0,2119,0
New York,2021,3,1,0,3710,1
North Carolina,2021,3,0,0,209,0
Ohio,2021,3,0,0,1490,0
Oklahoma,2021,3,0,1,626,1
Oregon,2021,3,0,1,2443,1
Pennsylvania,2021,3,1,0,647,1
South Carolina,2021,3,3,1,392,4
South Dakota,2021,3,0,0,32,0
Tennessee,2021,3,0,0,39,0
Texas,2021,3,8,41,2089,49
Vermont,2021,3,0,0,206,0
Virginia,2021,3,0,0,321,0
Washington,2021,3,0,0,423,0
West Virginia,2021,3,0,1,982,1
Wisconsin,2021,3,2,2,3952,4
Alabama,2021,4,1,1,359,2
Arizona,2021,4,0,0,165,0
Arkansas,2021,4,0,0,166,0
California,2021,4,0,1,6398,1
Colorado,2021,4,0,0,1270,0
Connecticut,2021,4,0,0,331,0
Florida,2021,4,0,2,389,2
Georgia,2021,4,2,8,979,10
Idaho,2021,4,0,0,75,0
Illinois,2021,4,0,0,66,0
Indiana,2021,4,0,0,433,0
Iowa,2021,4,0,0,351,0
Kansas,2021,4,0,0,102,0
Kentucky,2021,4,0,0,717,0
Louisiana,2021,4,0,0,108,0
Maine,2021,4,0,0,246,0
Maryland,2021,4,2,1,700,3
Massachusetts,2021,4,0,0,856,0
Michigan,2021,4,0,1,1081,1
Minnesota,2021,4,0,0,482,0
Mississippi,2021,4,0,0,35,0
Missouri,2021,4,0,1,1526,1
Montana,2021,4,0,0,324,0
Nebraska,2021,4,0,0,38,0
New Mexico,2021,4,0,0,2030,0
New York,2021,4,0,0,3016,0
North Carolina,2021,4,0,1,177,1
Ohio,2021,4,0,0,1576,0
Oklahoma,2021,4,0,0,659,0
Oregon,2021,4,1,2,2538,3
Pennsylvania,2021,4,0,0,337,0
South Carolina,2021,4,1,0,372,1
South Dakota,2021,4,0,0,34,0
Tennessee,2021,4,0,1,30,1
Texas,2021,4,2,28,2140,30
Vermont,2021,4,0,0,204,0
Virginia,2021,4,0,0,305,0
Washington,2021,4,0,0,476,0
West Virginia,2021,4,1,1,852,2
Wisconsin,2021,4,0,2,3599,2
Alabama,2021,5,1,0,287,1
Arizona,2021,5,0,0,157,0
Arkansas,2021,5,0,0,190,0
California,2021,5,2,2,6195,4
Colorado,2021,5,0,0,1172,0
Connecticut,2021,5,0,0,323,0
Florida,2021,5,1,1,313,2
Georgia,2021,5,5,2,1126,7
Idaho,2021,5,1,0,73,1
Illinois,2021,5,0,1,59,1
Indiana,2021,5,0,0,362,0
Iowa,2021,5,0,0,321,0
Kansas,2021,5,0,0,95,0
Kentucky,2021,5,0,0,691,0
Louisiana,2021,5,0,0,107,0
Maine,2021,5,0,0,171,0
Maryland,2021,5,0,0,626,0
Massachusetts,2021,5,0,0,747,0
Michigan,2021,5,0,0,1064,0
Minnesota,2021,5,1,1,237,2
Mississippi,2021,5,0,0,27,0
Missouri,2021,5,0,1,2108,1
Montana,2021,5,0,0,378,0
Nebraska,2021,5,0,0,33,0
New Mexico,2021,5,0,0,2006,0
New York,2021,5,0,0,3495,0
North Carolina,2021,5,0,0,178,0
Ohio,2021,5,0,0,1465,0
Oklahoma,2021,5,0,0,680,0
Oregon,2021,5,1,1,2498,2
Pennsylvania,2021,5,0,0,678,0
South Carolina,2021,5,2,0,436,2
South Dakota,2021,5,0,0,31,0
Tennessee,2021,5,0,0,35,0
Texas,2021,5,4,41,2078,45
Vermont,2021,5,0,0,186,0
Virginia,2021,5,0,0,281,0
Washington,2021,5,0,0,431,0
West Virginia,2021,5,0,0,987,0
Wisconsin,2021,5,2,3,3209,5
Alabama,2021,6,1,2,321,3
Arizona,2021,6,0,0,205,0
Arkansas,2021,6,0,2,148,2
California,2021,6,2,2,5761,4
Colorado,2021,6,0,0,1167,0
Connecticut,2021,6,0,0,336,0
Florida,2021,6,0,1,306,1
Georgia,2021,6,2,1,1010,3
Idaho,2021,6,0,0,88,0
Illinois,2021,6,0,0,66,0
Indiana,2021,6,0,1,343,1
Iowa,2021,6,0,0,383,0
Kansas,2021,6,0,0,93,0
Kentucky,2021,6,0,0,735,0
Louisiana,2021,6,0,0,95,0
Maine,2021,6,0,0,138,0
Maryland,2021,6,0,0,644,0
Massachusetts,2021,6,0,1,757,1
Michigan,2021,6,1,1,1185,2
Minnesota,2021,6,0,0,483,0
Mississippi,2021,6,0,1,27,1
Missouri,2021,6,0,1,1641,1
Montana,2021,6,0,0,366,0
Nebraska,2021,6,0,0,45,0
New Mexico,2021,6,1,0,1937,1
New York,2021,6,0,0,3314,0
North Carolina,2021,6,0,1,125,1
Ohio,2021,6,0,0,1443,0
Oklahoma,2021,6,0,0,605,0
Oregon,2021,6,0,0,1325,0
Pennsylvania,2021,6,0,0,505,0
South Carolina,2021,6,0,1,354,1
South Dakota,2021,6,0,0,39,0
Tennessee,2021,6,0,0,23,0
Texas,2021,6,3,16,1882,19
Vermont,2021,6,0,1,190,1
Virginia,2021,6,0,0,302,0
Washington,2021,6,0,0,416,0
West Virginia,2021,6,0,1,971,1
Wisconsin,2021,6,1,2,3191,3
Alabama,2021,7,0,0,238,0
Arizona,2021,7,0,0,189,0
Arkansas,2021,7,0,0,94,0
California,2021,7,1,6,5654,7
Colorado,2021,7,0,0,1319,0
Connecticut,2021,7,0,0,299,0
Florida,2021,7,0,0,323,0
Georgia,2021,7,3,1,921,4
Idaho,2021,7,0,0,74,0
Illinois,2021,7,0,1,56,1
Indiana,2021,7,0,0,326,0
Iowa,2021,7,0,0,382,0
Kansas,2021,7,0,0,67,0
Kentucky,2021,7,0,0,645,0
Louisiana,2021,7,0,0,80,0
Maine,2021,7,0,0,125,0
Maryland,2021,7,1,1,594,2
Massachusetts,2021,7,1,0,740,1
Michigan,2021,7,0,0,1029,0
Minnesota,2021,7,0,0,530,0
Mississippi,2021,7,0,1,14,1
Missouri,2021,7,0,0,1725,0
Montana,2021,7,0,0,438,0
Nebraska,2021,7,0,0,37,0
New Mexico,2021,7,1,0,1672,1
New York,2021,7,0,0,3209,0
North Carolina,2021,7,0,0,136,0
Ohio,2021,7,0,1,1271,1
Oklahoma,2021,7,0,0,473,0
Oregon,2021,7,0,3,1994,3
Pennsylvania,2021,7,1,0,495,1
South Carolina,2021,7,0,0,333,0
South Dakota,2021,7,0,0,19,0
Tennessee,2021,7,0,0,20,0
Texas,2021,7,8,6,1251,14
Vermont,2021,7,0,0,160,0
Virginia,2021,7,0,0,241,0
Washington,2021,7,0,0,409,0
West Virginia,2021,7,0,0,890,0
Wisconsin,2021,7,1,0,2910,1
Alabama,2021,8,0,0,268,0
Arizona,2021,8,0,0,190,0
Arkansas,2021,8,0,0,153,0
California,2021,8,0,3,5762,3
Colorado,2021,8,1,0,1101,1
Connecticut,2021,8,0,0,268,0
Florida,2021,8,1,0,314,1
Georgia,2021,8,1,1,871,2
Idaho,2021,8,0,0,79,0
Illinois,2021,8,0,0,53,0
Indiana,2021,8,0,0,335,0
Iowa,2021,8,0,0,413,0
Kansas,2021,8,0,0,70,0
Kentucky,2021,8,0,0,713,0
Louisiana,2021,8,0,0,86,0
Maine,2021,8,0,0,155,0
Maryland,2021,8,0,0,654,0
Massachusetts,2021,8,0,0,800,0
Michigan,2021,8,1,0,940,1
Minnesota,2021,8,0,2,538,2
Mississippi,2021,8,0,0,54,0
Missouri,2021,8,0,1,1846,1
Montana,2021,8,0,0,496,0
Nebraska,2021,8,0,0,58,0
New Mexico,2021,8,1,2,1994,3
New York,2021,8,0,1,3566,1
North Carolina,2021,8,0,1,103,1
Ohio,2021,8,0,1,1230,1
Oklahoma,2021,8,0,0,667,0
Oregon,2021,8,1,1,2045,2
Pennsylvania,2021,8,0,0,523,0
South Carolina,2021,8,4,3,299,7
South Dakota,2021,8,0,0,38,0
Tennessee,2021,8,0,0,27,0
Texas,2021,8,1,6,1697,7
Vermont,2021,8,0,0,176,0
Virginia,2021,8,0,0,260,0
Washington,2021,8,0,0,383,0
West Virginia,2021,8,0,0,914,0
Wisconsin,2021,8,2,2,3174,4
Alabama,2021,9,2,0,240,2
Arizona,2021,9,0,0,208,0
Arkansas,2021,9,0,0,128,0
California,2021,9,0,4,6157,4
Colorado,2021,9,0,0,881,0
Connecticut,2021,9,0,0,263,0
Florida,2021,9,1,0,336,1
Georgia,2021,9,1,3,950,4
Idaho,2021,9,0,0,70,0
Illinois,2021,9,1,2,70,3
Indiana,2021,9,0,0,304,0
Iowa,2021,9,0,0,430,0
Kansas,2021,9,0,0,104,0
Kentucky,2021,9,0,0,651,0
Louisiana,2021,9,0,0,103,0
Maine,2021,9,0,1,115,1
Maryland,2021,9,0,1,689,1
Massachusetts,2021,9,0,0,798,0
Michigan,2021,9,0,0,1017,0
Minnesota,2021,9,0,0,608,0
Mississippi,2021,9,0,0,23,0
Missouri,2021,9,1,0,1794,1
Montana,2021,9,0,0,469,0
Nebraska,2021,9,0,0,113,0
New Mexico,2021,9,1,1,1957,2
New York,2021,9,0,0,3378,0
North Carolina,2021,9,0,0,119,0
Ohio,2021,9,2,0,1244,2
Oklahoma,2021,9,0,0,644,0
Oregon,2021,9,1,0,2026,1
Pennsylvania,2021,9,0,0,650,0
South Carolina,2021,9,3,2,347,5
South Dakota,2021,9,0,0,45,0
Tennessee,2021,9,0,0,12,0
Texas,2021,9,1,1,1661,2
Vermont,2021,9,0,0,161,0
Virginia,2021,9,0,0,242,0
Washington,2021,9,0,0,363,0
West Virginia,2021,9,0,0,778,0
Wisconsin,2021,9,0,2,2952,2
Alabama,2021,10,3,0,225,3
Arizona,2021,10,0,0,145,0
Arkansas,2021,10,0,0,135,0
California,2021,10,0,1,5833,1
Colorado,2021,10,0,0,1131,0
Connecticut,2021,10,0,0,320,0
Florida,2021,10,3,1,421,4
Georgia,2021,10,1,2,850,3
Idaho,2021,10,0,0,60,0
Illinois,2021,10,0,1,85,1
Indiana,2021,10,0,0,306,0
Iowa,2021,10,0,0,384,0
Kansas,2021,10,0,0,66,0
Kentucky,2021,10,0,0,674,0
Louisiana,2021,10,0,0,106,0
Maine,2021,10,0,0,152,0
Maryland,2021,10,0,0,632,0
Massachusetts,2021,10,0,3,919,3
Michigan,2021,10,0,0,1089,0
Minnesota,2021,10,1,1,556,2
Mississippi,2021,10,0,0,18,0
Missouri,2021,10,0,0,1835,0
Montana,2021,10,0,0,431,0
Nebraska,2021,10,0,0,113,0
New Mexico,2021,10,3,2,2088,5
New York,2021,10,0,0,3282,0
North Carolina,2021,10,0,0,106,0
Ohio,2021,10,0,0,1269,0
Oklahoma,2021,10,0,0,643,0
Oregon,2021,10,1,0,2332,1
Pennsylvania,2021,10,0,0,641,0
South Carolina,2021,10,0,0,393,0
South Dakota,2021,10,0,0,31,0
Tennessee,2021,10,0,0,13,0
Texas,2021,10,1,7,1678,8
Vermont,2021,10,0,0,222,0
Virginia,2021,10,0,0,223,0
Washington,2021,10,0,0,370,0
West Virginia,2021,10,0,0,706,0
Wisconsin,2021,10,0,1,2706,1
Alabama,2021,11,0,0,225,0
Arizona,2021,11,0,0,174,0
Arkansas,2021,11,1,0,179,1
California,2021,11,2,1,5741,3
Colorado,2021,11,0,0,1135,0
Connecticut,2021,11,0,0,291,0
Delaware,2021,11,0,0,583,0
Florida,2021,11,4,1,395,5
Georgia,2021,11,2,1,874,3
Idaho,2021,11,0,1,72,1
Illinois,2021,11,0,0,91,0
Indiana,2021,11,0,0,205,0
Iowa,2021,11,0,0,387,0
Kansas,2021,11,1,1,69,2
Kentucky,2021,11,0,0,653,0
Louisiana,2021,11,0,0,93,0
Maine,2021,11,0,0,113,0
Maryland,2021,11,0,1,607,1
Massachusetts,2021,11,2,2,844,4
Michigan,2021,11,0,0,1090,0
Minnesota,2021,11,0,0,652,0
Mississippi,2021,11,2,0,27,2
Missouri,2021,11,0,1,1767,1
Montana,2021,11,0,0,545,0
Nebraska,2021,11,0,0,114,0
New Mexico,2021,11,1,0,2061,1
New York,2021,11,0,1,3346,1
North Carolina,2021,11,0,0,127,0
Ohio,2021,11,0,1,1183,1
Oklahoma,2021,11,0,0,714,0
Oregon,2021,11,1,1,2514,2
Pennsylvania,2021,11,0,0,563,0
South Carolina,2021,11,0,0,336,0
South Dakota,2021,11,0,0,29,0
Tennessee,2021,11,0,0,28,0
Texas,2021,11,6,5,1658,11
Vermont,2021,11,0,0,159,0
Virginia,2021,11,0,0,234,0
Washington,2021,11,0,0,334,0
West Virginia,2021,11,0,0,590,0
Wisconsin,2021,11,2,2,2934,4
Alabama,2021,12,1,3,214,4
Arizona,2021,12,0,0,218,0
Arkansas,2021,12,0,0,143,0
California,2021,12,0,0,5726,0
Colorado,2021,12,0,0,1259,0
Connecticut,2021,12,0,0,325,0
Delaware,2021,12,0,0,565,0
Florida,2021,12,2,1,599,3
Georgia,2021,12,0,1,914,1
Idaho,2021,12,0,0,79,0
Illinois,2021,12,1,0,80,1
Indiana,2021,12,0,0,311,0
Iowa,2021,12,0,0,442,0
Kentucky,2021,12,0,0,631,0
Louisiana,2021,12,0,0,86,0
Maine,2021,12,0,0,144,0
Maryland,2021,12,0,1,634,1
Massachusetts,2021,12,0,0,968,0
Michigan,2021,12,1,1,1243,2
Minnesota,2021,12,1,0,623,1
Mississippi,2021,12,0,1,40,1
Missouri,2021,12,0,1,1757,1
Montana,2021,12,0,0,723,0
Nebraska,2021,12,0,0,153,0
New Mexico,2021,12,0,0,2068,0
New York,2021,12,0,0,3269,0
North Carolina,2021,12,0,0,103,0
Ohio,2021,12,0,0,1233,0
Oklahoma,2021,12,0,0,762,0
Oregon,2021,12,1,0,2474,1
Pennsylvania,2021,12,0,0,347,0
South Carolina,2021,12,0,0,399,0
South Dakota,2021,12,0,0,53,0
Tennessee,2021,12,0,0,24,0
Texas,2021,12,3,3,1884,6
Vermont,2021,12,0,0,141,0
Virginia,2021,12,0,0,210,0
Washington,2021,12,0,0,416,0
West Virginia,2021,12,1,1,633,2
Wisconsin,2021,12,1,3,2838,4
Alabama,2021,13,2,0,217,2
Arizona,2021,13,0,0,205,0
Arkansas,2021,13,0,0,176,0
California,2021,13,0,0,3725,0
Colorado,2021,13,0,0,1131,0
Connecticut,2021,13,0,0,337,0
Delaware,2021,13,0,0,654,0
Florida,2021,13,2,0,457,2
Georgia,2021,13,1,3,803,4
Idaho,2021,13,0,0,91,0
Illinois,2021,13,0,0,60,0
Indiana,2021,13,0,0,265,0
Iowa,2021,13,0,0,408,0
Kansas,2021,13,0,0,65,0
Kentucky,2021,13,0,0,608,0
Louisiana,2021,13,0,0,93,0
Maine,2021,13,0,0,132,0
Maryland,2021,13,0,0,1065,0
Massachusetts,2021,13,0,0,906,0
Michigan,2021,13,0,1,1283,1
Minnesota,2021,13,0,0,358,0
Mississippi,2021,13,0,0,32,0
Missouri,2021,13,0,0,431,0
Montana,2021,13,0,0,695,0
Nebraska,2021,13,0,0,153,0
New Mexico,2021,13,0,1,1882,1
New York,2021,13,0,0,3432,0
North Carolina,2021,13,0,0,88,0
Ohio,2021,13,0,0,1232,0
Oklahoma,2021,13,0,0,656,0
Oregon,2021,13,1,0,2359,1
Pennsylvania,2021,13,1,0,674,1
South Carolina,2021,13,2,0,300,2
South Dakota,2021,13,0,0,46,0
Tennessee,2021,13,0,0,11,0
Texas,2021,13,1,2,1877,3
Vermont,2021,13,0,1,167,1
Virginia,2021,13,0,0,229,0
Washington,2021,13,0,0,443,0
West Virginia,2021,13,1,0,629,1
Wisconsin,2021,13,1,0,2477,1
Alabama,2021,14,2,1,213,3
Arizona,2021,14,0,0,230,0
Arkansas,2021,14,0,0,136,0
California,2021,14,2,1,1566,3
Colorado,2021,14,0,0,1188,0
Connecticut,2021,14,0,0,285,0
Florida,2021,14,1,0,640,1
Georgia,2021,14,4,4,947,8
Idaho,2021,14,0,0,52,0
Illinois,2021,14,0,0,46,0
Indiana,2021,14,0,0,336,0
Iowa,2021,14,0,0,444,0
Kansas,2021,14,0,0,73,0
Kentucky,2021,14,0,0,603,0
Louisiana,2021,14,0,0,85,0
Maine,2021,14,0,0,126,0
Maryland,2021,14,0,0,849,0
Massachusetts,2021,14,0,0,995,0
Michigan,2021,14,0,0,1436,0
Minnesota,2021,14,0,0,659,0
Mississippi,2021,14,0,0,34,0
Missouri,2021,14,0,1,1444,1
Montana,2021,14,0,0,718,0
Nebraska,2021,14,0,0,154,0
New Mexico,2021,14,0,1,2061,1
New York,2021,14,0,0,3698,0
North Carolina,2021,14,0,1,105,1
Ohio,2021,14,0,0,1278,0
Oklahoma,2021,14,0,0,668,0
Oregon,2021,14,1,0,2656,1
Pennsylvania,2021,14,0,0,575,0
South Carolina,2021,14,0,0,325,0
South Dakota,2021,14,0,0,32,0
Tennessee,2021,14,0,0,21,0
Texas,2021,14,0,4,1998,4
Vermont,2021,14,0,0,184,0
Virginia,2021,14,0,0,223,0
Washington,2021,14,0,0,464,0
West Virginia,2021,14,0,1,747,1
Wisconsin,2021,14,0,0,2286,0
Alabama,2021,15,1,0,252,1
Arizona,2021,15,0,0,216,0
Arkansas,2021,15,0,0,163,0
California,2021,15,0,1,1488,1
Colorado,2021,15,0,0,1242,0
Connecticut,2021,15,0,0,261,0
Florida,2021,15,2,0,739,2
Georgia,2021,15,1,3,943,4
Idaho,2021,15,0,0,79,0
Illinois,2021,15,0,0,59,0
Indiana,2021,15,0,0,360,0
Iowa,2021,15,0,2,446,2
Kansas,2021,15,0,0,86,0
Kentucky,2021,15,0,0,676,0
Louisiana,2021,15,0,0,110,0
Maine,2021,15,0,0,114,0
Maryland,2021,15,0,0,875,0
Massachusetts,2021,15,0,0,751,0
Michigan,2021,15,2,0,483,2
Minnesota,2021,15,0,0,732,0
Mississippi,2021,15,0,0,37,0
Missouri,2021,15,0,0,448,0
Montana,2021,15,0,0,797,0
Nebraska,2021,15,0,0,159,0
New Mexico,2021,15,0,0,1922,0
New York,2021,15,0,1,3887,1
Ohio,2021,15,0,0,1367,0
Oklahoma,2021,15,0,0,660,0
Oregon,2021,15,0,0,2799,0
Pennsylvania,2021,15,0,1,665,1
South Carolina,2021,15,0,0,327,0
South Dakota,2021,15,0,0,39,0
Tennessee,2021,15,0,1,28,1
Texas,2021,15,1,1,1826,2
Vermont,2021,15,0,1,188,1
Virginia,2021,15,0,0,234,0
Washington,2021,15,0,0,480,0
West Virginia,2021,15,0,0,794,0
Wisconsin,2021,15,1,2,2472,3
Alabama,2021,16,1,0,233,1
Arizona,2021,16,0,0,206,0
Arkansas,2021,16,0,0,174,0
California,2021,16,0,2,1810,2
Colorado,2021,16,0,0,1302,0
Connecticut,2021,16,0,0,254,0
Florida,2021,16,0,1,632,1
Georgia,2021,16,2,3,894,5
Idaho,2021,16,0,0,92,0
Illinois,2021,16,0,0,74,0
Indiana,2021,16,0,0,280,0
Iowa,2021,16,0,0,472,0
Kansas,2021,16,0,0,393,0
Kentucky,2021,16,0,0,690,0
Louisiana,2021,16,0,0,119,0
Maine,2021,16,0,0,117,0
Maryland,2021,16,0,1,736,1
Massachusetts,2021,16,0,0,659,0
Michigan,2021,16,0,0,477,0
Minnesota,2021,16,0,0,773,0
Mississippi,2021,16,0,0,35,0
Missouri,2021,16,1,0,1534,1
Montana,2021,16,0,0,702,0
Nebraska,2021,16,0,0,101,0
New Mexico,2021,16,0,0,2379,0
New York,2021,16,0,0,3777,0
Ohio,2021,16,0,0,957,0
Oklahoma,2021,16,0,0,612,0
Oregon,2021,16,1,0,2393,1
Pennsylvania,2021,16,0,0,526,0
South Carolina,2021,16,2,0,399,2
South Dakota,2021,16,0,0,32,0
Tennessee,2021,16,0,0,19,0
Texas,2021,16,0,5,1913,5
Vermont,2021,16,0,0,191,0
Virginia,2021,16,0,0,219,0
Washington,2021,16,0,0,437,0
West Virginia,2021,16,0,0,789,0
Wisconsin,2021,16,4,4,2169,8
Alabama,2021,17,1,0,206,1
Arizona,2021,17,0,0,221,0
Arkansas,2021,17,0,0,189,0
California,2021,17,1,0,2007,1
Colorado,2021,17,0,0,1379,0
Connecticut,2021,17,0,0,242,0
Florida,2021,17,1,0,470,1
Georgia,2021,17,3,4,963,7
Idaho,2021,17,0,0,89,0
Illinois,2021,17,0,0,75,0
Indiana,2021,17,0,0,317,0
Iowa,2021,17,0,0,461,0
Kansas,2021,17,0,0,411,0
Kentucky,2021,17,0,0,672,0
Louisiana,2021,17,0,0,111,0
Maine,2021,17,0,0,136,0
Maryland,2021,17,0,0,680,0
Massachusetts,2021,17,0,0,719,0
Michigan,2021,17,0,0,408,0
Minnesota,2021,17,0,0,808,0
Mississippi,2021,17,0,0,24,0
Missouri,2021,17,0,0,1580,0
Montana,2021,17,0,0,666,0
Nebraska,2021,17,0,0,89,0
New Mexico,2021,17,0,0,2398,0
New York,2021,17,0,0,3927,0
Ohio,2021,17,0,0,1202,0
Oklahoma,2021,17,0,0,629,0
Oregon,2021,17,0,1,2650,1
Pennsylvania,2021,17,0,0,339,0
South Carolina,2021,17,0,0,362,0
South Dakota,2021,17,0,0,48,0
Tennessee,2021,17,0,0,29,0
Texas,2021,17,4,2,1951,6
Vermont,2021,17,0,1,171,1
Virginia,2021,17,0,0,232,0
Washington,2021,17,0,0,427,0
West Virginia,2021,17,0,0,865,0
Wisconsin,2021,17,5,2,2101,7
Alabama,2021,18,0,0,222,0
Arizona,2021,18,0,0,241,0
Arkansas,2021,18,0,0,178,0
California,2021,18,0,1,1936,1
Colorado,2021,18,0,0,1233,0
Connecticut,2021,18,0,0,217,0
Florida,2021,18,4,3,342,7
Georgia,2021,18,1,5,929,6
Idaho,2021,18,0,0,86,0
Illinois,2021,18,0,0,62,0
Indiana,2021,18,0,0,302,0
Iowa,2021,18,0,0,431,0
Kansas,2021,18,0,0,109,0
Kentucky,2021,18,0,0,728,0
Louisiana,2021,18,0,0,148,0
Maine,2021,18,0,0,115,0
Maryland,2021,18,0,0,666,0
Massachusetts,2021,18,2,0,702,2
Michigan,2021,18,0,0,384,0
Minnesota,2021,18,0,0,732,0
Mississippi,2021,18,0,0,30,0
Missouri,2021,18,0,0,2042,0
Montana,2021,18,0,0,563,0
Nebraska,2021,18,0,0,61,0
New Mexico,2021,18,0,0,2199,0
New York,2021,18,0,0,3908,0
North Carolina,2021,18,0,0,84,0
Ohio,2021,18,0,0,938,0
Oklahoma,2021,18,0,0,682,0
Oregon,2021,18,0,0,2585,0
Pennsylvania,2021,18,0,1,368,1
South Carolina,2021,18,0,0,410,0
South Dakota,2021,18,0,0,42,0
Tennessee,2021,18,0,0,16,0
Texas,2021,18,3,1,1979,4
Vermont,2021,18,0,3,130,3
Virginia,2021,18,0,0,220,0
Washington,2021,18,0,0,507,0
West Virginia,2021,18,0,0,692,0
Wisconsin,2021,18,0,1,2049,1
Alabama,2021,19,2,0,213,2
Arizona,2021,19,0,0,263,0
Arkansas,2021,19,0,0,180,0
California,2021,19,0,0,1505,0
Colorado,2021,19,0,0,1313,0
Connecticut,2021,19,0,0,259,0
Florida,2021,19,3,2,403,5
Georgia,2021,19,4,5,989,9
Idaho,2021,19,0,1,64,1
Illinois,2021,19,1,0,62,1
Indiana,2021,19,0,0,269,0
Iowa,2021,19,0,0,330,0
Kansas,2021,19,0,0,75,0
Kentucky,2021,19,0,0,705,0
Louisiana,2021,19,0,0,149,0
Maine,2021,19,0,0,110,0
Maryland,2021,19,0,1,698,1
Massachusetts,2021,19,1,0,612,1
Michigan,2021,19,0,0,335,0
Minnesota,2021,19,0,0,746,0
Mississippi,2021,19,0,0,34,0
Missouri,2021,19,0,0,2556,0
Montana,2021,19,0,0,510,0
Nebraska,2021,19,0,0,74,0
New Mexico,2021,19,0,0,2134,0
New York,2021,19,0,0,3276,0
North Carolina,2021,19,0,0,91,0
Ohio,2021,19,0,0,921,0
Oklahoma,2021,19,0,0,619,0
Oregon,2021,19,0,0,2560,0
Pennsylvania,2021,19,0,0,348,0
South Carolina,2021,19,1,1,372,2
South Dakota,2021,19,0,0,47,0
Tennessee,2021,19,0,0,25,0
Texas,2021,19,2,1,1818,3
Vermont,2021,19,1,0,91,1
Virginia,2021,19,0,0,178,0
Washington,2021,19,0,0,515,0
West Virginia,2021,19,0,0,688,0
Wisconsin,2021,19,1,1,1995,2
Alabama,2021,20,1,0,246,1
Arizona,2021,20,0,0,253,0
Arkansas,2021,20,0,0,205,0
California,2021,20,1,2,1444,3
Colorado,2021,20,0,0,1203,0
Connecticut,2021,20,0,0,285,0
Florida,2021,20,6,1,464,7
Georgia,2021,20,3,4,756,7
Idaho,2021,20,1,0,86,1
Illinois,2021,20,0,0,60,0
Indiana,2021,20,0,0,305,0
Iowa,2021,20,0,0,315,0
Kansas,2021,20,0,0,80,0
Kentucky,2021,20,0,0,649,0
Louisiana,2021,20,0,0,174,0
Maine,2021,20,0,0,118,0
Maryland,2021,20,0,0,669,0
Massachusetts,2021,20,0,0,475,0
Michigan,2021,20,0,0,305,0
Minnesota,2021,20,0,0,793,0
Mississippi,2021,20,0,1,21,1
Missouri,2021,20,0,0,2713,0
Montana,2021,20,0,0,396,0
Nebraska,2021,20,0,0,81,0
New Mexico,2021,20,1,1,1932,2
New York,2021,20,0,0,3576,0
North Carolina,2021,20,1,0,102,1
Ohio,2021,20,0,0,787,0
Oklahoma,2021,20,0,0,649,0
Oregon,2021,20,0,0,2336,0
Pennsylvania,2021,20,0,0,376,0
South Carolina,2021,20,1,0,335,1
South Dakota,2021,20,0,0,36,0
Tennessee,2021,20,0,1,25,1
Texas,2021,20,1,3,2055,4
Vermont,2021,20,0,0,34,0
Virginia,2021,20,0,0,186,0
Washington,2021,20,0,0,535,0
West Virginia,2021,20,0,0,722,0
Wisconsin,2021,20,3,7,1809,10
Alabama,2021,21,0,1,242,1
Arizona,2021,21,0,0,239,0
Arkansas,2021,21,0,0,223,0
California,2021,21,0,0,1439,0
Colorado,2021,21,0,1,1127,1
Connecticut,2021,21,0,0,257,0
Florida,2021,21,1,1,420,2
Georgia,2021,21,4,3,552,7
Idaho,2021,21,0,0,82,0
Illinois,2021,21,0,0,70,0
Indiana,2021,21,0,0,302,0
Iowa,2021,21,0,0,305,0
Kansas,2021,21,0,0,92,0
Kentucky,2021,21,0,0,605,0
Louisiana,2021,21,0,0,161,0
Maine,2021,21,0,0,120,0
Maryland,2021,21,1,0,673,1
Massachusetts,2021,21,0,0,371,0
Michigan,2021,21,0,0,298,0
Minnesota,2021,21,0,0,664,0
Mississippi,2021,21,0,0,28,0
Missouri,2021,21,0,0,2439,0
Montana,2021,21,0,0,432,0
Nebraska,2021,21,0,0,79,0
New York,2021,21,0,0,3384,0
Ohio,2021,21,0,0,911,0
Oklahoma,2021,21,0,0,654,0
Oregon,2021,21,1,1,2416,2
Pennsylvania,2021,21,0,0,374,0
South Carolina,2021,21,0,0,170,0
South Dakota,2021,21,0,0,39,0
Tennessee,2021,21,0,0,31,0
Texas,2021,21,6,3,1987,9
Vermont,2021,21,0,0,54,0
Virginia,2021,21,0,0,245,0
Washington,2021,21,0,0,462,0
West Virginia,2021,21,0,0,607,0
Wisconsin,2021,21,0,13,1455,13
Alabama,2021,22,1,0,256,1
Arizona,2021,22,0,0,233,0
Arkansas,2021,22,0,0,224,0
California,2021,22,0,0,1431,0
Colorado,2021,22,0,0,1093,0
Connecticut,2021,22,0,0,253,0
Florida,2021,22,1,0,404,1
Georgia,2021,22,2,2,531,4
Illinois,2021,22,1,0,131,1
Indiana,2021,22,0,0,207,0
Iowa,2021,22,0,0,244,0
Kansas,2021,22,0,0,82,0
Kentucky,2021,22,0,0,608,0
Louisiana,2021,22,0,0,156,0
Maine,2021,22,0,0,111,0
Maryland,2021,22,0,0,678,0
Massachusetts,2021,22,0,0,404,0
Michigan,2021,22,0,0,262,0
Minnesota,2021,22,0,0,695,0
Mississippi,2021,22,0,0,35,0
Missouri,2021,22,0,0,2568,0
Montana,2021,22,0,0,488,0
Nebraska,2021,22,0,0,101,0
New York,2021,22,0,0,2931,0
Ohio,2021,22,0,0,855,0
Oklahoma,2021,22,0,0,618,0
Oregon,2021,22,0,0,2620,0
Pennsylvania,2021,22,0,0,383,0
South Carolina,2021,22,0,0,76,0
South Dakota,2021,22,0,0,44,0
Tennessee,2021,22,0,1,45,1
Texas,2021,22,1,3,2053,4
Vermont,2021,22,0,0,21,0
Virginia,2021,22,0,0,193,0
Washington,2021,22,0,0,313,0
West Virginia,2021,22,0,0,596,0
Wisconsin,2021,22,0,8,1365,8
Alabama,2021,23,0,0,251,0
Arizona,2021,23,0,0,210,0
Arkansas,2021,23,0,0,206,0
California,2021,23,0,0,1286,0
Colorado,2021,23,0,0,720,0
Connecticut,2021,23,0,0,279,0
Florida,2021,23,1,0,377,1
Georgia,2021,23,1,2,498,3
Illinois,2021,23,1,0,86,1
Indiana,2021,23,0,0,228,0
Iowa,2021,23,0,0,282,0
Kansas,2021,23,0,0,84,0
Kentucky,2021,23,0,0,556,0
Louisiana,2021,23,0,0,166,0
Maine,2021,23,0,0,108,0
Maryland,2021,23,0,0,649,0
Massachusetts,2021,23,0,0,355,0
Michigan,2021,23,0,0,305,0
Minnesota,2021,23,0,0,732,0
Mississippi,2021,23,0,0,26,0
Missouri,2021,23,0,1,2809,1
Montana,2021,23,0,0,477,0
Nebraska,2021,23,0,0,96,0
New Mexico,2021,23,0,2,1932,2
New York,2021,23,0,1,2726,1
Ohio,2021,23,0,0,791,0
Oklahoma,2021,23,0,0,703,0
Oregon,2021,23,0,0,2535,0
Pennsylvania,2021,23,0,0,433,0
South Carolina,2021,23,0,1,94,1
South Dakota,2021,23,0,0,63,0
Tennessee,2021,23,0,0,34,0
Texas,2021,23,3,2,2108,5
Vermont,2021,23,0,0,24,0
Virginia,2021,23,0,0,228,0
Washington,2021,23,0,0,298,0
West Virginia,2021,23,0,0,574,0
Wisconsin,2021,23,1,9,1335,10
Alabama,2021,24,1,0,242,1
Arizona,2021,24,0,0,211,0
Arkansas,2021,24,0,0,258,0
California,2021,24,0,0,1374,0
Colorado,2021,24,0,0,417,0
Connecticut,2021,24,0,0,286,0
Florida,2021,24,1,0,393,1
Georgia,2021,24,0,1,473,1
Illinois,2021,24,1,0,66,1
Indiana,2021,24,0,0,218,0
Iowa,2021,24,0,0,295,0
Kansas,2021,24,0,0,79,0
Kentucky,2021,24,0,0,640,0
Louisiana,2021,24,0,0,179,0
Maine,2021,24,0,0,109,0
Maryland,2021,24,0,0,748,0
Massachusetts,2021,24,0,0,400,0
Michigan,2021,24,0,0,323,0
Minnesota,2021,24,1,0,767,1
Mississippi,2021,24,0,0,37,0
Missouri,2021,24,0,0,2089,0
Montana,2021,24,0,0,428,0
Nebraska,2021,24,0,0,79,0
New Mexico,2021,24,0,0,1783,0
New York,2021,24,0,0,2736,0
Ohio,2021,24,0,0,857,0
Oklahoma,2021,24,0,0,637,0
Oregon,2021,24,0,0,2527,0
Pennsylvania,2021,24,3,0,441,3
South Carolina,2021,24,0,0,85,0
South Dakota,2021,24,0,0,51,0
Tennessee,2021,24,0,0,21,0
Texas,2021,24,2,1,2166,3
Vermont,2021,24,0,0,22,0
Virginia,2021,24,0,0,223,0
Washington,2021,24,0,0,329,0
West Virginia,2021,24,0,0,549,0
Wisconsin,2021,24,1,8,1341,9
Alabama,2021,25,1,0,201,1
Arizona,2021,25,0,0,195,0
Arkansas,2021,25,0,0,285,0
California,2021,25,2,0,1388,2
Colorado,2021,25,0,0,468,0
Connecticut,2021,25,0,0,326,0
Florida,2021,25,1,1,342,2
Georgia,2021,25,1,1,472,2
Illinois,2021,25,2,0,112,2
Indiana,2021,25,0,0,207,0
Iowa,2021,25,0,0,247,0
Kansas,2021,25,0,0,81,0
Kentucky,2021,25,0,0,647,0
Louisiana,2021,25,0,0,175,0
Maine,2021,25,0,0,139,0
Maryland,2021,25,0,0,545,0
Massachusetts,2021,25,0,0,384,0
Michigan,2021,25,0,0,322,0
Minnesota,2021,25,0,0,848,0
Mississippi,2021,25,0,0,32,0
Missouri,2021,25,1,1,1938,2
Montana,2021,25,0,0,431,0
Nebraska,2021,25,0,0,81,0
New York,2021,25,1,1,2804,2
Ohio,2021,25,0,0,808,0
Oklahoma,2021,25,0,0,604,0
Oregon,2021,25,1,0,2497,1
Pennsylvania,2021,25,0,0,419,0
South Carolina,2021,25,0,0,75,0
South Dakota,2021,25,0,0,41,0
Tennessee,2021,25,0,0,11,0
Texas,2021,25,2,3,2324,5
Vermont,2021,25,0,0,29,0
Virginia,2021,25,0,0,223,0
Washington,2021,25,0,0,298,0
West Virginia,2021,25,0,0,503,0
Wisconsin,2021,25,0,10,1236,10
Alabama,2021,26,0,0,187,0
Arizona,2021,26,0,0,227,0
Arkansas,2021,26,0,0,272,0
California,2021,26,0,0,1150,0
Colorado,2021,26,0,0,424,0
Connecticut,2021,26,0,0,276,0
Florida,2021,26,1,1,376,2
Georgia,2021,26,1,4,483,5
Illinois,2021,26,0,0,118,0
Indiana,2021,26,0,0,196,0
Iowa,2021,26,0,0,241,0
Kansas,2021,26,0,0,86,0
Kentucky,2021,26,0,0,475,0
Louisiana,2021,26,0,0,190,0
Maine,2021,26,0,0,111,0
Maryland,2021,26,0,0,441,0
Massachusetts,2021,26,0,0,390,0
Michigan,2021,26,0,0,341,0
Minnesota,2021,26,0,0,900,0
Mississippi,2021,26,0,0,21,0
Missouri,2021,26,0,0,1859,0
Montana,2021,26,0,0,477,0
Nebraska,2021,26,0,0,75,0
New Mexico,2021,26,0,1,1706,1
New York,2021,26,0,1,2697,1
Ohio,2021,26,0,0,713,0
Oklahoma,2021,26,0,0,571,0
Oregon,2021,26,0,2,1927,2
Pennsylvania,2021,26,0,0,443,0
South Carolina,2021,26,0,0,99,0
South Dakota,2021,26,0,0,37,0
Tennessee,2021,26,0,0,23,0
Texas,2021,26,1,3,2380,4
Vermont,2021,26,0,0,42,0
Virginia,2021,26,0,0,204,0
Washington,2021,26,0,0,328,0
West Virginia,2021,26,0,0,418,0
Wisconsin,2021,26,0,1,1276,1
Alabama,2021,27,0,0,203,0
Arizona,2021,27,0,0,237,0
Arkansas,2021,27,0,0,223,0
California,2021,27,0,0,1383,0
Colorado,2021,27,0,0,448,0
Connecticut,2021,27,0,0,309,0
Florida,2021,27,0,0,351,0
Georgia,2021,27,0,1,447,1
Illinois,2021,27,0,0,166,0
Indiana,2021,27,0,0,199,0
Iowa,2021,27,0,0,261,0
Kansas,2021,27,0,0,110,0
Kentucky,2021,27,0,0,324,0
Louisiana,2021,27,0,0,171,0
Maine,2021,27,0,0,121,0
Maryland,2021,27,0,0,432,0
Massachusetts,2021,27,0,0,397,0
Michigan,2021,27,0,0,340,0
Minnesota,2021,27,0,0,884,0
Mississippi,2021,27,0,0,13,0
Missouri,2021,27,0,0,3224,0
Montana,2021,27,0,0,526,0
Nebraska,2021,27,0,0,77,0
New Mexico,2021,27,1,0,1835,1
New York,2021,27,1,0,1953,1
North Carolina,2021,27,0,0,54,0
Ohio,2021,27,0,0,845,0
Oklahoma,2021,27,0,1,745,1
Oregon,2021,27,0,3,2623,3
Pennsylvania,2021,27,0,0,347,0
South Carolina,2021,27,0,0,83,0
South Dakota,2021,27,0,0,54,0
Tennessee,2021,27,0,0,23,0
Texas,2021,27,1,4,2656,5
Vermont,2021,27,0,0,45,0
Virginia,2021,27,0,0,219,0
Washington,2021,27,0,0,310,0
West Virginia,2021,27,0,0,556,0
Wisconsin,2021,27,0,0,1287,0
Alabama,2021,28,1,0,218,1
Arizona,2021,28,0,0,248,0
Arkansas,2021,28,0,0,305,0
California,2021,28,1,1,1606,2
Colorado,2021,28,0,0,576,0
Connecticut,2021,28,0,0,387,0
Florida,2021,28,0,0,463,0
Georgia,2021,28,0,1,480,1
Illinois,2021,28,0,0,75,0
Indiana,2021,28,0,0,213,0
Iowa,2021,28,0,0,262,0
Kentucky,2021,28,0,0,361,0
Louisiana,2021,28,0,0,186,0
Maine,2021,28,0,0,132,0
Maryland,2021,28,0,0,431,0
Massachusetts,2021,28,1,2,439,3
Michigan,2021,28,2,0,412,2
Minnesota,2021,28,0,0,791,0
Mississippi,2021,28,0,0,24,0
Missouri,2021,28,0,0,2229,0
Montana,2021,28,1,0,577,1
Nebraska,2021,28,0,0,50,0
New Mexico,2021,28,0,1,1994,1
New York,2021,28,0,0,2693,0
North Carolina,2021,28,0,0,105,0
Ohio,2021,28,0,0,942,0
Oklahoma,2021,28,0,0,700,0
Oregon,2021,28,1,0,2677,1
Pennsylvania,2021,28,0,1,407,1
South Carolina,2021,28,0,0,92,0
South Dakota,2021,28,0,0,59,0
Tennessee,2021,28,0,0,19,0
Texas,2021,28,3,9,2790,12
Vermont,2021,28,0,0,30,0
Virginia,2021,28,0,0,218,0
Washington,2021,28,0,0,447,0
West Virginia,2021,28,0,0,560,0
Wisconsin,2021,28,0,1,1439,1
Alabama,2021,29,0,0,200,0
Arizona,2021,29,0,0,202,0
Arkansas,2021,29,0,0,338,0
California,2021,29,0,0,1263,0
Colorado,2021,29,0,0,573,0
Connecticut,2021,29,0,1,481,1
Florida,2021,29,0,0,533,0
Georgia,2021,29,1,3,611,4
Illinois,2021,29,0,0,71,0
Indiana,2021,29,0,0,279,0
Iowa,2021,29,0,0,334,0
Kansas,2021,29,0,0,126,0
Kentucky,2021,29,0,0,345,0
Louisiana,2021,29,0,0,208,0
Maine,2021,29,0,0,120,0
Maryland,2021,29,0,0,455,0
Massachusetts,2021,29,0,0,508,0
Michigan,2021,29,0,0,403,0
Minnesota,2021,29,0,0,883,0
Mississippi,2021,29,0,0,30,0
Missouri,2021,29,0,0,1868,0
Montana,2021,29,0,0,707,0
Nebraska,2021,29,0,0,81,0
New Mexico,2021,29,0,3,2262,3
New York,2021,29,0,0,3003,0
Ohio,2021,29,1,0,918,1
Oklahoma,2021,29,0,0,739,0
Oregon,2021,29,0,0,2839,0
Pennsylvania,2021,29,1,0,431,1
South Carolina,2021,29,1,0,139,1
South Dakota,2021,29,0,0,73,0
Tennessee,2021,29,0,0,16,0
Texas,2021,29,1,5,3255,6
Vermont,2021,29,0,0,38,0
Virginia,2021,29,0,0,235,0
Washington,2021,29,0,0,413,0
West Virginia,2021,29,0,0,652,0
Wisconsin,2021,29,0,1,1484,1
Alabama,2021,30,0,1,319,1
Arizona,2021,30,0,0,363,0
Arkansas,2021,30,0,0,254,0
California,2021,30,0,0,1504,0
Colorado,2021,30,0,0,592,0
Connecticut,2021,30,0,0,498,0
Florida,2021,30,0,1,605,1
Georgia,2021,30,1,2,635,3
Illinois,2021,30,0,0,88,0
Indiana,2021,30,1,0,265,1
Iowa,2021,30,0,0,385,0
Kansas,2021,30,0,1,150,1
Kentucky,2021,30,0,0,412,0
Louisiana,2021,30,0,0,215,0
Maine,2021,30,0,0,134,0
Maryland,2021,30,0,0,511,0
Massachusetts,2021,30,0,0,608,0
Michigan,2021,30,1,0,419,1
Minnesota,2021,30,0,0,946,0
Mississippi,2021,30,0,0,12,0
Missouri,2021,30,0,0,1140,0
Montana,2021,30,0,0,933,0
Nebraska,2021,30,0,0,113,0
New Mexico,2021,30,0,0,2624,0
New York,2021,30,0,0,3086,0
North Carolina,2021,30,0,1,106,1
Ohio,2021,30,0,0,995,0
Oklahoma,2021,30,1,1,735,2
Oregon,2021,30,0,0,3248,0
Pennsylvania,2021,30,0,0,511,0
South Carolina,2021,30,0,0,166,0
South Dakota,2021,30,0,0,58,0
Tennessee,2021,30,0,0,26,0
Texas,2021,30,5,5,3531,10
Vermont,2021,30,0,0,43,0
Virginia,2021,30,0,0,255,0
Washington,2021,30,0,0,678,0
West Virginia,2021,30,0,0,710,0
Wisconsin,2021,30,1,0,1810,1
Alabama,2021,31,0,0,98,0
Arizona,2021,31,0,0,390,0
Arkansas,2021,31,0,0,279,0
California,2021,31,1,1,1566,2
Colorado,2021,31,0,0,617,0
Connecticut,2021,31,0,0,485,0
Florida,2021,31,0,1,267,1
Georgia,2021,31,0,4,215,4
Illinois,2021,31,0,0,168,0
Indiana,2021,31,1,0,327,1
Iowa,2021,31,0,0,528,0
Kansas,2021,31,0,0,171,0
Kentucky,2021,31,1,0,508,1
Louisiana,2021,31,0,0,179,0
Maine,2021,31,0,0,117,0
Maryland,2021,31,0,0,565,0
Massachusetts,2021,31,0,0,694,0
Michigan,2021,31,0,0,476,0
Minnesota,2021,31,0,0,1159,0
Missouri,2021,31,0,1,1053,1
Montana,2021,31,0,1,1190,1
Nebraska,2021,31,0,0,140,0
New York,2021,31,0,0,3353,0
North Carolina,2021,31,0,0,110,0
Ohio,2021,31,0,0,1183,0
Oklahoma,2021,31,1,1,712,2
Oregon,2021,31,0,0,3560,0
Pennsylvania,2021,31,0,0,452,0
South Carolina,2021,31,0,1,178,1
South Dakota,2021,31,0,0,58,0
Tennessee,2021,31,0,0,23,0
Texas,2021,31,7,6,3749,13
Vermont,2021,31,0,0,56,0
Virginia,2021,31,0,0,249,0
Washington,2021,31,0,0,744,0
West Virginia,2021,31,0,0,794,0
Wisconsin,2021,31,2,0,1654,2
Alabama,2021,32,0,0,238,0
Arizona,2021,32,0,0,420,0
Arkansas,2021,32,0,0,260,0
California,2021,32,1,0,1774,1
Colorado,2021,32,0,0,717,0
Connecticut,2021,32,0,0,603,0
Florida,2021,32,0,0,233,0
Georgia,2021,32,0,3,690,3
Illinois,2021,32,0,1,160,1
Indiana,2021,32,0,0,359,0
Iowa,2021,32,0,0,617,0
Kansas,2021,32,0,0,138,0
Kentucky,2021,32,0,0,504,0
Louisiana,2021,32,0,0,194,0
Maine,2021,32,0,0,184,0
Maryland,2021,32,0,0,666,0
Massachusetts,2021,32,0,0,623,0
Michigan,2021,32,0,0,463,0
Minnesota,2021,32,0,0,1200,0
Mississippi,2021,32,0,0,13,0
Missouri,2021,32,0,0,1006,0
Montana,2021,32,0,0,1457,0
Nebraska,2021,32,0,0,151,0
New Mexico,2021,32,0,0,3224,0
New York,2021,32,0,0,3731,0
North Carolina,2021,32,0,0,111,0
Ohio,2021,32,0,0,1042,0
Oklahoma,2021,32,0,0,719,0
Oregon,2021,32,0,0,3502,0
Pennsylvania,2021,32,0,0,475,0
South Carolina,2021,32,4,0,166,4
South Dakota,2021,32,0,0,44,0
Tennessee,2021,32,0,0,52,0
Texas,2021,32,3,7,4145,10
Vermont,2021,32,0,0,61,0
Virginia,2021,32,0,0,276,0
Washington,2021,32,0,0,784,0
West Virginia,2021,32,0,0,929,0
Wisconsin,2021,32,0,0,2561,0
Alabama,2021,33,0,0,257,0
Arizona,2021,33,0,0,524,0
Arkansas,2021,33,0,0,277,0
California,2021,33,0,0,1785,0
Colorado,2021,33,0,0,842,0
Connecticut,2021,33,0,0,511,0
Florida,2021,33,0,0,201,0
Georgia,2021,33,1,1,146,2
Illinois,2021,33,0,0,150,0
Indiana,2021,33,0,0,339,0
Iowa,2021,33,0,0,690,0
Kansas,2021,33,0,0,151,0
Kentucky,2021,33,0,0,519,0
Louisiana,2021,33,0,0,216,0
Maine,2021,33,0,0,246,0
Maryland,2021,33,0,0,607,0
Massachusetts,2021,33,0,0,717,0
Michigan,2021,33,0,0,411,0
Minnesota,2021,33,0,0,1732,0
Mississippi,2021,33,2,2,11,4
Missouri,2021,33,0,0,987,0
Montana,2021,33,0,0,1380,0
Nebraska,2021,33,0,0,202,0
New York,2021,33,2,0,3778,2
North Carolina,2021,33,1,0,113,1
Ohio,2021,33,1,0,1245,1
Oklahoma,2021,33,0,0,810,0
Oregon,2021,33,0,1,3527,1
Pennsylvania,2021,33,0,0,487,0
South Carolina,2021,33,1,0,199,1
South Dakota,2021,33,0,0,85,0
Tennessee,2021,33,0,0,69,0
Texas,2021,33,5,4,4332,9
Vermont,2021,33,0,0,54,0
Virginia,2021,33,0,0,348,0
Washington,2021,33,0,0,811,0
West Virginia,2021,33,0,0,1431,0
Wisconsin,2021,33,1,2,2472,3
Alabama,2021,34,0,0,320,0
Arizona,2021,34,0,0,528,0
Arkansas,2021,34,0,0,323,0
California,2021,34,0,1,1922,1
Colorado,2021,34,1,1,1020,2
Connecticut,2021,34,0,0,432,0
Florida,2021,34,1,2,263,3
Georgia,2021,34,3,1,731,4
Illinois,2021,34,0,0,256,0
Indiana,2021,34,0,0,412,0
Iowa,2021,34,0,0,756,0
Kansas,2021,34,0,0,155,0
Kentucky,2021,34,0,0,522,0
Louisiana,2021,34,0,0,175,0
Maine,2021,34,0,0,294,0
Maryland,2021,34,0,0,556,0
Massachusetts,2021,34,0,0,635,0
Michigan,2021,34,0,0,464,0
Minnesota,2021,34,0,0,1701,0
Mississippi,2021,34,0,0,15,0
Missouri,2021,34,0,0,1001,0
Montana,2021,34,0,0,1363,0
Nebraska,2021,34,0,0,238,0
New Mexico,2021,34,0,0,4022,0
New York,2021,34,0,0,4273,0
North Carolina,2021,34,0,2,119,2
Ohio,2021,34,0,0,1360,0
Oklahoma,2021,34,0,0,733,0
Oregon,2021,34,0,0,2536,0
Pennsylvania,2021,34,0,0,572,0
South Carolina,2021,34,0,0,160,0
South Dakota,2021,34,0,0,118,0
Tennessee,2021,34,0,0,67,0
Texas,2021,34,4,2,4911,6
Vermont,2021,34,0,0,67,0
Virginia,2021,34,0,0,398,0
Washington,2021,34,1,0,836,1
West Virginia,2021,34,0,0,1966,0
Wisconsin,2021,34,2,2,3163,4
Alabama,2021,35,0,0,262,0
Arizona,2021,35,0,1,445,1
Arkansas,2021,35,0,0,285,0
California,2021,35,5,1,1735,6
Colorado,2021,35,0,0,1029,0
Connecticut,2021,35,0,0,377,0
Florida,2021,35,1,0,98,1
Georgia,2021,35,1,1,627,2
Illinois,2021,35,4,0,522,4
Indiana,2021,35,0,0,403,0
Iowa,2021,35,0,1,969,1
Kansas,2021,35,0,0,153,0
Kentucky,2021,35,0,0,549,0
Louisiana,2021,35,0,0,39,0
Maine,2021,35,0,0,296,0
Maryland,2021,35,0,0,558,0
Massachusetts,2021,35,0,0,727,0
Michigan,2021,35,0,0,472,0
Minnesota,2021,35,1,1,1612,2
Mississippi,2021,35,0,0,13,0
Missouri,2021,35,0,0,1113,0
Montana,2021,35,0,0,1300,0
Nebraska,2021,35,0,0,186,0
New Mexico,2021,35,0,0,3969,0
New York,2021,35,1,0,4156,1
North Carolina,2021,35,0,0,158,0
Ohio,2021,35,0,0,1182,0
Oklahoma,2021,35,0,0,757,0
Oregon,2021,35,1,0,3463,1
Pennsylvania,2021,35,0,0,525,0
South Carolina,2021,35,2,1,188,3
South Dakota,2021,35,0,0,557,0
Tennessee,2021,35,0,0,34,0
Texas,2021,35,5,4,4773,9
Vermont,2021,35,0,0,156,0
Virginia,2021,35,0,0,396,0
Washington,2021,35,0,0,842,0
West Virginia,2021,35,0,1,2044,1
Wisconsin,2021,35,0,2,3473,2
Alabama,2021,36,0,0,81,0
Arizona,2021,36,0,0,434,0
Arkansas,2021,36,0,0,247,0
California,2021,36,3,2,1725,5
Colorado,2021,36,0,0,863,0
Connecticut,2021,36,0,0,378,0
Florida,2021,36,0,0,111,0
Georgia,2021,36,0,0,587,0
Illinois,2021,36,0,0,342,0
Indiana,2021,36,0,0,401,0
Iowa,2021,36,0,0,1310,0
Kansas,2021,36,0,0,134,0
Kentucky,2021,36,0,0,509,0
Louisiana,2021,36,0,0,83,0
Maine,2021,36,0,0,261,0
Maryland,2021,36,0,0,541,0
Massachusetts,2021,36,0,0,708,0
Michigan,2021,36,0,0,524,0
Minnesota,2021,36,0,0,1409,0
Missouri,2021,36,0,0,1153,0
Montana,2021,36,0,0,744,0
Nebraska,2021,36,0,0,192,0
New York,2021,36,1,0,4012,1
North Carolina,2021,36,0,0,152,0
Ohio,2021,36,1,0,1361,1
Oklahoma,2021,36,0,0,704,0
Oregon,2021,36,0,0,3424,0
Pennsylvania,2021,36,0,0,578,0
South Carolina,2021,36,0,0,234,0
South Dakota,2021,36,0,0,1061,0
Tennessee,2021,36,0,0,46,0
Texas,2021,36,5,5,4133,10
Vermont,2021,36,0,0,73,0
Virginia,2021,36,0,0,391,0
Washington,2021,36,1,0,818,1
West Virginia,2021,36,0,0,1982,0
Wisconsin,2021,36,0,2,4450,2
Alabama,2021,37,0,0,198,0
Arizona,2021,37,0,0,424,0
Arkansas,2021,37,0,0,246,0
California,2021,37,0,1,1723,1
Colorado,2021,37,0,0,858,0
Connecticut,2021,37,1,0,437,1
Florida,2021,37,1,0,89,1
Georgia,2021,37,3,1,643,4
Illinois,2021,37,0,0,357,0
Indiana,2021,37,0,0,434,0
Iowa,2021,37,0,0,1607,0
Kansas,2021,37,0,0,158,0
Kentucky,2021,37,0,0,1284,0
Louisiana,2021,37,0,0,91,0
Maine,2021,37,0,0,254,0
Maryland,2021,37,1,0,765,1
Massachusetts,2021,37,0,0,786,0
Michigan,2021,37,0,0,656,0
Minnesota,2021,37,0,0,1589,0
Mississippi,2021,37,0,0,15,0
Missouri,2021,37,0,1,1145,1
Montana,2021,37,0,0,654,0
Nebraska,2021,37,0,0,166,0
New Mexico,2021,37,0,3,3186,3
New York,2021,37,1,1,4412,2
North Carolina,2021,37,1,0,155,1
Ohio,2021,37,0,0,1440,0
Oklahoma,2021,37,0,0,660,0
Oregon,2021,37,0,1,3453,1
Pennsylvania,2021,37,0,0,635,0
South Carolina,2021,37,0,1,299,1
South Dakota,2021,37,0,2,1156,2
Tennessee,2021,37,0,0,45,0
Texas,2021,37,1,1,4022,2
Vermont,2021,37,0,1,78,1
Virginia,2021,37,1,0,440,1
Washington,2021,37,0,0,899,0
West Virginia,2021,37,0,0,1868,0
Wisconsin,2021,37,1,0,5458,1
Alabama,2021,38,0,0,165,0
Arizona,2021,38,0,0,448,0
Arkansas,2021,38,0,0,231,0
California,2021,38,1,2,1368,3
Colorado,2021,38,0,0,855,0
Connecticut,2021,38,0,0,535,0
Florida,2021,38,0,0,228,0
Georgia,2021,38,0,1,629,1
Illinois,2021,38,0,1,272,1
Indiana,2021,38,0,0,366,0
Iowa,2021,38,0,0,939,0
Kansas,2021,38,0,0,157,0
Kentucky,2021,38,0,0,1415,0
Louisiana,2021,38,0,0,109,0
Maine,2021,38,0,0,248,0
Maryland,2021,38,0,0,814,0
Massachusetts,2021,38,0,0,917,0
Michigan,2021,38,0,0,681,0
Minnesota,2021,38,2,2,1860,4
Mississippi,2021,38,0,1,31,1
Missouri,2021,38,0,0,1101,0
Montana,2021,38,0,0,537,0
Nebraska,2021,38,0,0,178,0
New Mexico,2021,38,0,0,3022,0
New York,2021,38,0,0,4822,0
North Carolina,2021,38,0,0,138,0
Ohio,2021,38,3,1,1250,4
Oklahoma,2021,38,0,0,660,0
Oregon,2021,38,0,0,3570,0
Pennsylvania,2021,38,1,0,651,1
South Carolina,2021,38,0,1,212,1
South Dakota,2021,38,0,1,1193,1
Tennessee,2021,38,0,0,36,0
Texas,2021,38,3,5,3785,8
Vermont,2021,38,0,0,88,0
Virginia,2021,38,2,1,430,3
Washington,2021,38,0,0,992,0
West Virginia,2021,38,0,0,1692,0
Wisconsin,2021,38,0,1,3204,1
Alabama,2021,39,0,0,199,0
Arizona,2021,39,3,1,443,4
Arkansas,2021,39,0,0,223,0
California,2021,39,4,2,1530,6
Colorado,2021,39,0,0,926,0
Connecticut,2021,39,1,0,535,1
Florida,2021,39,2,0,243,2
Georgia,2021,39,2,5,740,7
Illinois,2021,39,0,0,251,0
Indiana,2021,39,0,0,467,0
Iowa,2021,39,0,0,762,0
Kansas,2021,39,0,0,166,0
Kentucky,2021,39,0,0,1352,0
Louisiana,2021,39,0,0,106,0
Maine,2021,39,0,0,291,0
Maryland,2021,39,0,0,832,0
Massachusetts,2021,39,0,1,1145,1
Michigan,2021,39,0,0,739,0
Minnesota,2021,39,6,0,1931,6
Mississippi,2021,39,0,0,32,0
Missouri,2021,39,0,1,1150,1
Montana,2021,39,0,0,474,0
Nebraska,2021,39,0,0,168,0
New Mexico,2021,39,1,0,3027,1
New York,2021,39,2,1,4936,3
North Carolina,2021,39,0,0,115,0
Ohio,2021,39,1,0,1617,1
Oklahoma,2021,39,0,0,609,0
Oregon,2021,39,0,0,3242,0
Pennsylvania,2021,39,0,1,646,1
South Carolina,2021,39,0,0,182,0
South Dakota,2021,39,1,0,1592,1
Tennessee,2021,39,0,0,26,0
Texas,2021,39,3,6,3777,9
Vermont,2021,39,0,1,106,1
Virginia,2021,39,0,0,469,0
Washington,2021,39,0,0,1001,0
West Virginia,2021,39,0,1,1561,1
Wisconsin,2021,39,2,2,5779,4
Alabama,2021,40,0,0,142,0
Arizona,2021,40,0,0,469,0
Arkansas,2021,40,0,0,231,0
California,2021,40,6,5,1888,11
Colorado,2021,40,0,0,1106,0
Connecticut,2021,40,1,0,551,1
Florida,2021,40,1,1,650,2
Georgia,2021,40,3,4,921,7
Illinois,2021,40,1,0,285,1
Indiana,2021,40,0,0,464,0
Iowa,2021,40,0,1,1153,1
Kansas,2021,40,0,0,149,0
Kentucky,2021,40,0,0,1211,0
Louisiana,2021,40,0,0,193,0
Maine,2021,40,0,0,304,0
Maryland,2021,40,1,2,629,3
Massachusetts,2021,40,0,1,1140,1
Michigan,2021,40,0,0,249,0
Minnesota,2021,40,3,1,1715,4
Mississippi,2021,40,0,0,36,0
Missouri,2021,40,0,0,1185,0
Montana,2021,40,0,0,463,0
Nebraska,2021,40,0,0,190,0
New Mexico,2021,40,1,0,3101,1
New York,2021,40,3,2,4913,5
Ohio,2021,40,1,0,1549,1
Oklahoma,2021,40,0,0,595,0
Oregon,2021,40,0,0,3428,0
Pennsylvania,2021,40,0,0,567,0
South Carolina,2021,40,4,2,207,6
South Dakota,2021,40,1,2,1460,3
Tennessee,2021,40,0,0,38,0
Texas,2021,40,4,5,7558,9
Vermont,2021,40,0,0,76,0
Virginia,2021,40,0,0,437,0
Washington,2021,40,0,0,1332,0
West Virginia,2021,40,0,0,1470,0
Wisconsin,2021,40,8,9,6560,17
Alabama,2021,41,0,0,531,0
Arizona,2021,41,0,0,427,0
Arkansas,2021,41,0,1,222,1
California,2021,41,7,4,2297,11
Colorado,2021,41,0,0,925,0
Connecticut,2021,41,0,0,640,0
Florida,2021,41,0,1,609,1
Georgia,2021,41,0,6,982,6
Idaho,2021,41,0,0,47,0
Illinois,2021,41,1,1,216,2
Indiana,2021,41,0,0,409,0
Iowa,2021,41,0,0,716,0
Kansas,2021,41,0,0,148,0
Kentucky,2021,41,0,0,1173,0
Louisiana,2021,41,0,1,239,1
Maine,2021,41,0,0,299,0
Maryland,2021,41,0,0,649,0
Massachusetts,2021,41,0,1,1125,1
Michigan,2021,41,0,0,209,0
Minnesota,2021,41,1,1,1433,2
Mississippi,2021,41,0,0,25,0
Missouri,2021,41,0,0,1420,0
Montana,2021,41,0,1,563,1
Nebraska,2021,41,0,0,209,0
New Mexico,2021,41,1,0,3153,1
New York,2021,41,4,2,4537,6
Ohio,2021,41,3,3,1225,6
Oklahoma,2021,41,0,0,625,0
Oregon,2021,41,0,0,3744,0
Pennsylvania,2021,41,0,0,540,0
South Carolina,2021,41,1,1,237,2
South Dakota,2021,41,0,1,1392,1
Tennessee,2021,41,0,0,31,0
Texas,2021,41,2,4,4399,6
Vermont,2021,41,0,0,120,0
Virginia,2021,41,0,1,436,1
Washington,2021,41,0,0,1533,0
West Virginia,2021,41,2,1,1548,3
Wisconsin,2021,41,2,2,6228,4
Alabama,2021,42,0,0,173,0
Arizona,2021,42,0,0,395,0
Arkansas,2021,42,0,2,249,2
California,2021,42,5,1,2346,6
Colorado,2021,42,1,0,1637,1
Connecticut,2021,42,0,0,679,0
Florida,2021,42,1,0,658,1
Georgia,2021,42,0,4,1271,4
Idaho,2021,42,0,0,107,0
Illinois,2021,42,0,0,219,0
Indiana,2021,42,0,0,435,0
Iowa,2021,42,0,0,1109,0
Kansas,2021,42,0,0,143,0
Kentucky,2021,42,0,0,1134,0
Louisiana,2021,42,1,0,204,1
Maine,2021,42,0,0,300,0
Maryland,2021,42,0,0,596,0
Massachusetts,2021,42,0,1,966,1
Michigan,2021,42,0,0,245,0
Minnesota,2021,42,2,0,1413,2
Mississippi,2021,42,0,0,32,0
Missouri,2021,42,1,1,1718,2
Montana,2021,42,0,0,733,0
Nebraska,2021,42,0,0,238,0
New Mexico,2021,42,0,0,3939,0
New York,2021,42,2,4,4535,6
Ohio,2021,42,0,3,1226,3
Oklahoma,2021,42,0,0,717,0
Oregon,2021,42,0,2,3774,2
Pennsylvania,2021,42,0,0,694,0
South Carolina,2021,42,0,0,280,0
South Dakota,2021,42,0,1,1170,1
Tennessee,2021,42,0,0,30,0
Texas,2021,42,4,10,4446,14
Vermont,2021,42,0,0,194,0
Virginia,2021,42,0,0,496,0
Washington,2021,42,0,0,1506,0
West Virginia,2021,42,0,1,1533,1
Wisconsin,2021,42,7,9,6190,16
Alabama,2021,43,1,1,291,2
Arizona,2021,43,0,0,462,0
Arkansas,2021,43,0,0,266,0
California,2021,43,19,2,5664,21
Colorado,2021,43,1,1,1136,2
Connecticut,2021,43,3,0,642,3
Florida,2021,43,4,0,764,4
Georgia,2021,43,5,7,1396,12
Idaho,2021,43,0,0,57,0
Illinois,2021,43,2,0,234,2
Indiana,2021,43,0,1,392,1
Iowa,2021,43,0,0,1110,0
Kansas,2021,43,0,0,158,0
Kentucky,2021,43,1,0,1153,1
Louisiana,2021,43,1,1,166,2
Maine,2021,43,0,0,274,0
Maryland,2021,43,40,0,622,40
Massachusetts,2021,43,0,0,845,0
Michigan,2021,43,0,0,414,0
Minnesota,2021,43,2,0,1488,2
Mississippi,2021,43,0,1,39,1
Missouri,2021,43,0,2,1747,2
Montana,2021,43,0,0,724,0
Nebraska,2021,43,0,0,217,0
New Mexico,2021,43,0,1,3232,1
New York,2021,43,1,2,4825,3
Ohio,2021,43,3,1,1242,4
Oklahoma,2021,43,1,0,786,1
Oregon,2021,43,1,3,4076,4
Pennsylvania,2021,43,1,0,563,1
South Carolina,2021,43,0,0,232,0
South Dakota,2021,43,0,0,1203,0
Tennessee,2021,43,1,0,27,1
Texas,2021,43,5,7,4608,12
Vermont,2021,43,0,0,137,0
Virginia,2021,43,1,0,493,1
Washington,2021,43,1,1,1621,2
West Virginia,2021,43,0,0,1289,0
Wisconsin,2021,43,3,2,6208,5
Alabama,2021,44,2,1,490,3
Arizona,2021,44,0,0,423,0
Arkansas,2021,44,0,0,24,0
California,2021,44,23,4,5884,27
Colorado,2021,44,0,0,1743,0
Connecticut,2021,44,3,0,721,3
Florida,2021,44,10,0,849,10
Georgia,2021,44,10,9,1510,19
Idaho,2021,44,0,0,154,0
Illinois,2021,44,0,0,300,0
Indiana,2021,44,1,0,442,1
Iowa,2021,44,0,0,1255,0
Kansas,2021,44,0,0,194,0
Kentucky,2021,44,1,0,1249,1
Louisiana,2021,44,1,0,204,1
Maine,2021,44,0,0,286,0
Maryland,2021,44,1,0,628,1
Massachusetts,2021,44,4,0,957,4
Michigan,2021,44,3,0,429,3
Minnesota,2021,44,5,1,1785,6
Mississippi,2021,44,0,0,34,0
Missouri,2021,44,1,0,1853,1
Montana,2021,44,3,0,894,3
Nebraska,2021,44,2,1,190,3
New Mexico,2021,44,0,1,3598,1
New York,2021,44,14,1,4981,15
Ohio,2021,44,2,0,1092,2
Oklahoma,2021,44,1,0,698,1
Oregon,2021,44,0,2,3969,2
Pennsylvania,2021,44,0,0,547,0
South Carolina,2021,44,5,1,260,6
South Dakota,2021,44,0,1,1339,1
Tennessee,2021,44,0,0,53,0
Texas,2021,44,2,3,4616,5
Vermont,2021,44,0,0,158,0
Virginia,2021,44,14,0,583,14
Washington,2021,44,0,0,1657,0
West Virginia,2021,44,0,0,1579,0
Wisconsin,2021,44,13,10,8085,23
Alabama,2021,45,0,0,568,0
Arizona,2021,45,0,1,403,1
Arkansas,2021,45,0,0,331,0
California,2021,45,33,1,6096,34
Colorado,2021,45,5,1,2314,6
Connecticut,2021,45,9,0,774,9
Florida,2021,45,20,1,901,21
Georgia,2021,45,29,9,1652,38
Idaho,2021,45,0,0,168,0
Illinois,2021,45,3,0,312,3
Indiana,2021,45,0,1,550,1
Iowa,2021,45,3,0,1265,3
Kansas,2021,45,0,0,179,0
Kentucky,2021,45,0,0,1359,0
Louisiana,2021,45,0,0,208,0
Maine,2021,45,3,0,310,3
Maryland,2021,45,0,0,679,0
Massachusetts,2021,45,35,1,1087,36
Michigan,2021,45,3,1,705,4
Minnesota,2021,45,4,0,3276,4
Mississippi,2021,45,0,0,49,0
Missouri,2021,45,4,0,1995,4
Montana,2021,45,1,0,800,1
Nebraska,2021,45,0,0,216,0
New Mexico,2021,45,3,2,3865,5
New York,2021,45,34,2,5471,36
Ohio,2021,45,16,1,1366,17
Oklahoma,2021,45,0,0,825,0
Oregon,2021,45,2,3,4080,5
Pennsylvania,2021,45,3,0,542,3
South Carolina,2021,45,14,0,467,14
South Dakota,2021,45,2,1,1394,3
Tennessee,2021,45,0,0,57,0
Texas,2021,45,25,2,5676,27
Vermont,2021,45,0,2,157,2
Virginia,2021,45,25,1,570,26
Washington,2021,45,1,4,1793,5
West Virginia,2021,45,1,1,1513,2
Wisconsin,2021,45,8,1,7973,9
Alabama,2021,46,1,1,754,2
Arizona,2021,46,1,0,451,1
Arkansas,2021,46,0,0,363,0
California,2021,46,46,4,5890,50
Colorado,2021,46,13,0,2375,13
Connecticut,2021,46,14,0,898,14
Florida,2021,46,13,1,933,14
Georgia,2021,46,32,8,1078,40
Idaho,2021,46,0,2,185,2
Illinois,2021,46,1,0,262,1
Indiana,2021,46,9,0,623,9
Iowa,2021,46,4,0,1295,4
Kansas,2021,46,0,0,185,0
Kentucky,2021,46,8,0,1389,8
Louisiana,2021,46,2,0,238,2
Maine,2021,46,4,0,387,4
Maryland,2021,46,1,0,998,1
Massachusetts,2021,46,27,1,1094,28
Michigan,2021,46,7,0,952,7
Minnesota,2021,46,5,1,4262,6
Mississippi,2021,46,3,0,69,3
Missouri,2021,46,4,1,2540,5
Montana,2021,46,2,0,854,2
Nebraska,2021,46,0,0,467,0
New Mexico,2021,46,6,0,3942,6
New York,2021,46,53,7,5207,60
Ohio,2021,46,118,1,7084,119
Oklahoma,2021,46,1,0,816,1
Oregon,2021,46,4,1,4233,5
Pennsylvania,2021,46,5,0,627,5
South Carolina,2021,46,17,3,627,20
South Dakota,2021,46,4,1,1354,5
Tennessee,2021,46,1,1,60,2
Texas,2021,46,103,6,6207,109
Vermont,2021,46,5,0,248,5
Virginia,2021,46,23,1,655,24
Washington,2021,46,3,0,1753,3
West Virginia,2021,46,1,0,1483,1
Wisconsin,2021,46,111,5,8625,116
Alabama,2021,47,1,0,692,1
Arizona,2021,47,4,0,504,4
Arkansas,2021,47,0,0,32,0
California,2021,47,73,4,6528,77
Colorado,2021,47,9,1,2194,10
Connecticut,2021,47,35,1,916,36
Florida,2021,47,9,1,620,10
Georgia,2021,47,61,4,1476,65
Idaho,2021,47,1,0,218,1
Illinois,2021,47,7,0,202,7
Indiana,2021,47,9,0,589,9
Iowa,2021,47,24,0,1278,24
Kansas,2021,47,0,0,177,0
Kentucky,2021,47,13,0,1397,13
Louisiana,2021,47,10,0,200,10
Maine,2021,47,6,0,278,6
Maryland,2021,47,4,0,1177,4
Massachusetts,2021,47,35,0,1151,35
Michigan,2021,47,18,0,1082,18
Minnesota,2021,47,8,0,3344,8
Mississippi,2021,47,3,0,89,3
Missouri,2021,47,19,1,2462,20
Montana,2021,47,5,0,774,5
Nebraska,2021,47,2,0,426,2
New Mexico,2021,47,29,1,3736,30
New York,2021,47,59,0,4864,59
Ohio,2021,47,264,4,8937,268
Oklahoma,2021,47,4,0,722,4
Oregon,2021,47,9,4,4009,13
Pennsylvania,2021,47,11,0,653,11
South Carolina,2021,47,40,2,822,42
South Dakota,2021,47,2,1,1084,3
Tennessee,2021,47,0,0,79,0
Texas,2021,47,110,8,5581,118
Vermont,2021,47,7,0,264,7
Virginia,2021,47,24,0,544,24
Washington,2021,47,6,1,1767,7
West Virginia,2021,47,10,1,1340,11
Wisconsin,2021,47,311,4,8189,315
Alabama,2021,48,3,0,1045,3
Arizona,2021,48,17,0,504,17
Arkansas,2021,48,3,0,368,3
California,2021,48,167,11,8185,178
Colorado,2021,48,32,0,2524,32
Connecticut,2021,48,112,0,1296,112
Florida,2021,48,39,3,1155,42
Georgia,2021,48,78,7,1627,85
Idaho,2021,48,0,1,260,1
Illinois,2021,48,10,0,295,10
Indiana,2021,48,22,0,842,22
Iowa,2021,48,47,0,1658,47
Kansas,2021,48,1,0,218,1
Kentucky,2021,48,47,0,1934,47
Louisiana,2021,48,6,1,266,7
Maine,2021,48,14,0,438,14
Maryland,2021,48,19,0,1124,19
Massachusetts,2021,48,106,0,1951,106
Michigan,2021,48,31,0,1438,31
Minnesota,2021,48,135,1,4823,136
Mississippi,2021,48,3,0,75,3
Missouri,2021,48,96,0,4071,96
Montana,2021,48,17,1,932,18
Nebraska,2021,48,11,1,582,12
New Mexico,2021,48,101,1,4607,102
New York,2021,48,172,3,6106,175
Ohio,2021,48,141,4,2554,145
Oklahoma,2021,48,8,0,837,8
Oregon,2021,48,7,7,4670,14
Pennsylvania,2021,48,46,1,913,47
South Carolina,2021,48,66,4,1383,70
South Dakota,2021,48,10,0,1285,10
Tennessee,2021,48,11,1,91,12
Texas,2021,48,222,14,7179,236
Vermont,2021,48,10,1,356,11
Virginia,2021,48,22,0,338,22
Washington,2021,48,13,1,2225,14
West Virginia,2021,48,21,0,1742,21
Wisconsin,2021,48,448,8,11443,456
Alabama,2021,49,7,0,675,7
Arizona,2021,49,12,0,502,12
Arkansas,2021,49,8,1,351,9
California,2021,49,177,2,8221,179
Colorado,2021,49,45,0,2438,45
Connecticut,2021,49,155,0,1450,155
Florida,2021,49,12,0,368,12
Georgia,2021,49,149,3,1710,152
Idaho,2021,49,1,2,230,3
Illinois,2021,49,16,0,342,16
Indiana,2021,49,33,2,854,35
Iowa,2021,49,52,0,1443,52
Kansas,2021,49,2,0,250,2
Kentucky,2021,49,94,1,1993,95
Louisiana,2021,49,20,0,301,20
Maine,2021,49,43,0,466,43
Maryland,2021,49,11,0,1105,11
Massachusetts,2021,49,183,3,2108,186
Michigan,2021,49,35,0,1551,35
Minnesota,2021,49,304,1,5243,305
Mississippi,2021,49,6,1,115,7
Missouri,2021,49,151,0,4531,151
Montana,2021,49,21,0,794,21
Nebraska,2021,49,43,0,744,43
New Mexico,2021,49,91,0,4377,91
New York,2021,49,272,1,6380,273
Ohio,2021,49,314,8,13147,322
Oklahoma,2021,49,33,0,857,33
Oregon,2021,49,19,3,4708,22
Pennsylvania,2021,49,91,1,1423,92
South Carolina,2021,49,90,0,1543,90
South Dakota,2021,49,8,0,947,8
Tennessee,2021,49,8,0,95,8
Texas,2021,49,443,4,7803,447
Vermont,2021,49,34,1,342,35
Virginia,2021,49,25,2,576,27
Washington,2021,49,17,0,2228,17
West Virginia,2021,49,47,0,1686,47
Wisconsin,2021,49,721,14,11719,735
Alabama,2021,50,4,1,613,5
Arizona,2021,50,25,0,525,25
Arkansas,2021,50,14,3,422,17
California,2021,50,216,5,8459,221
Colorado,2021,50,63,0,2167,63
Connecticut,2021,50,127,0,2157,127
Florida,2021,50,58,1,709,59
Georgia,2021,50,228,9,2186,237
Idaho,2021,50,1,1,216,2
Illinois,2021,50,13,0,483,13
Indiana,2021,50,31,0,808,31
Iowa,2021,50,102,0,1489,102
Kansas,2021,50,4,0,261,4
Kentucky,2021,50,135,0,2145,135
Louisiana,2021,50,13,0,341,13
Maine,2021,50,60,0,414,60
Maryland,2021,50,26,0,1536,26
Massachusetts,2021,50,272,3,2244,275
Michigan,2021,50,44,0,1490,44
Minnesota,2021,50,693,0,5915,693
Mississippi,2021,50,7,0,142,7
Missouri,2021,50,286,1,5063,287
Montana,2021,50,102,0,946,102
Nebraska,2021,50,79,0,998,79
New Mexico,2021,50,200,2,4278,202
New York,2021,50,405,2,6579,407
Ohio,2021,50,775,3,17149,778
Oklahoma,2021,50,64,0,824,64
Oregon,2021,50,12,6,4877,18
Pennsylvania,2021,50,185,0,1498,185
South Carolina,2021,50,80,1,1476,81
South Dakota,2021,50,41,0,930,41
Tennessee,2021,50,19,0,107,19
Texas,2021,50,722,5,8741,727
Vermont,2021,50,29,0,325,29
Virginia,2021,50,45,0,607,45
Washington,2021,50,35,1,2572,36
West Virginia,2021,50,105,0,1830,105
Wisconsin,2021,50,1290,17,12497,1307
Wyoming,2021,50,0,0,11,0
Alabama,2021,51,5,0,723,5
Arizona,2021,51,37,0,496,37
Arkansas,2021,51,18,1,347,19
California,2021,51,205,4,9090,209
Colorado,2021,51,94,0,2419,94
Connecticut,2021,51,170,1,2799,171
Florida,2021,51,49,0,751,49
Georgia,2021,51,254,16,2766,270
Idaho,2021,51,11,1,228,12
Illinois,2021,51,12,1,617,13
Indiana,2021,51,47,0,822,47
Iowa,2021,51,151,0,1689,151
Kansas,2021,51,8,0,259,8
Kentucky,2021,51,71,6,4943,77
Louisiana,2021,51,10,1,386,11
Maine,2021,51,25,0,296,25
Maryland,2021,51,38,0,1948,38
Massachusetts,2021,51,228,4,2555,232
Michigan,2021,51,93,0,1593,93
Minnesota,2021,51,877,0,5853,877
Mississippi,2021,51,9,5,236,14
Missouri,2021,51,365,0,5692,365
Montana,2021,51,155,0,1440,155
Nebraska,2021,51,131,0,986,131
New Mexico,2021,51,223,2,4047,225
New York,2021,51,334,3,7947,337
Ohio,2021,51,632,4,20228,636
Oklahoma,2021,51,69,0,866,69
Oregon,2021,51,24,8,4377,32
Pennsylvania,2021,51,151,1,1774,152
South Carolina,2021,51,89,0,1541,89
South Dakota,2021,51,81,0,1134,81
Tennessee,2021,51,29,0,159,29
Texas,2021,51,685,9,9472,694
Vermont,2021,51,16,0,407,16
Virginia,2021,51,42,0,632,42
Washington,2021,51,41,3,3361,44
West Virginia,2021,51,74,1,1758,75
Wisconsin,2021,51,1609,7,16954,1616
Wyoming,2021,51,3,0,12,3
Alabama,2021,52,6,0,2649,6
Arizona,2021,52,25,0,548,25
Arkansas,2021,52,10,0,393,10
California,2021,52,127,0,6909,127
Colorado,2021,52,72,0,3157,72
Connecticut,2021,52,129,1,3109,130
Florida,2021,52,57,2,1496,59
Georgia,2021,52,161,35,3882,196
Idaho,2021,52,9,0,270,9
Illinois,2021,52,6,0,488,6
Indiana,2021,52,56,0,998,56
Iowa,2021,52,141,1,2202,142
Kansas,2021,52,14,0,389,14
Kentucky,2021,52,102,2,8601,104
Louisiana,2021,52,5,1,409,6
Maine,2021,52,18,0,362,18
Maryland,2021,52,24,0,1598,24
Massachusetts,2021,52,189,2,3303,191
Michigan,2021,52,89,1,2113,90
Minnesota,2021,52,746,3,6411,749
Mississippi,2021,52,2,3,155,5
Missouri,2021,52,327,0,5570,327
Montana,2021,52,119,0,1642,119
Nebraska,2021,52,84,0,881,84
New Mexico,2021,52,301,1,5018,302
New York,2021,52,250,6,9437,256
Ohio,2021,52,338,9,17784,347
Oklahoma,2021,52,46,0,936,46
Oregon,2021,52,31,8,5300,39
Pennsylvania,2021,52,135,0,2238,135
South Carolina,2021,52,59,0,2383,59
South Dakota,2021,52,169,2,1839,171
Tennessee,2021,52,20,0,224,20
Texas,2021,52,460,13,12142,473
Vermont,2021,52,8,0,450,8
Virginia,2021,52,33,0,1009,33
Washington,2021,52,27,0,3707,27
West Virginia,2021,52,90,1,2491,91
Wisconsin,2021,52,1551,18,21392,1569
Wyoming,2021,52,2,0,15,2
Alabama,2022,1,1,0,435,1
Arizona,2022,1,36,0,664,36
Arkansas,2022,1,8,2,363,10
California,2022,1,129,1,13449,130
Colorado,2022,1,49,0,2969,49
Connecticut,2022,1,43,0,2378,43
Florida,2022,1,14,0,543,14
Georgia,2022,1,45,15,2879,60
Idaho,2022,1,6,2,466,8
Illinois,2022,1,3,0,410,3
Indiana,2022,1,30,0,965,30
Iowa,2022,1,122,0,2443,122
Kansas,2022,1,14,0,406,14
Kentucky,2022,1,56,4,8985,60
Louisiana,2022,1,4,0,317,4
Maine,2022,1,29,0,416,29
Maryland,2022,1,7,0,1068,7
Massachusetts,2022,1,72,1,2873,73
Michigan,2022,1,65,1,2106,66
Minnesota,2022,1,478,0,7647,478
Mississippi,2022,1,3,0,73,3
Missouri,2022,1,223,0,8919,223
Montana,2022,1,81,1,1736,82
Nebraska,2022,1,46,0,788,46
New Mexico,2022,1,265,2,6156,267
New York,2022,1,126,2,9711,128
Ohio,2022,1,169,6,14345,175
Oklahoma,2022,1,51,0,1176,51
Oregon,2022,1,24,10,5763,34
Pennsylvania,2022,1,60,0,1975,60
South Carolina,2022,1,25,1,2044,26
South Dakota,2022,1,146,0,1692,146
Tennessee,2022,1,3,0,177,3
Texas,2022,1,218,5,11943,223
Vermont,2022,1,11,0,577,11
Virginia,2022,1,20,1,1509,21
Washington,2022,1,14,0,4256,14
West Virginia,2022,1,40,0,2300,40
Wisconsin,2022,1,850,14,21094,864
Wyoming,2022,1,2,0,24,2
Alabama,2022,2,1,0,408,1
Arizona,2022,2,21,0,583,21
Arkansas,2022,2,4,1,370,5
California,2022,2,65,2,11073,67
Colorado,2022,2,23,1,2457,24
Connecticut,2022,2,20,1,1819,21
Florida,2022,2,3,0,382,3
Georgia,2022,2,40,5,2471,45
Idaho,2022,2,7,1,475,8
Illinois,2022,2,4,0,295,4
Indiana,2022,2,7,0,1013,7
Iowa,2022,2,97,0,2366,97
Kansas,2022,2,8,0,324,8
Kentucky,2022,2,43,3,8393,46
Louisiana,2022,2,7,0,292,7
Maine,2022,2,9,0,388,9
Maryland,2022,2,6,0,900,6
Massachusetts,2022,2,29,0,2444,29
Michigan,2022,2,31,0,1841,31
Minnesota,2022,2,290,0,5595,290
Mississippi,2022,2,1,2,45,3
Missouri,2022,2,144,0,7674,144
Montana,2022,2,39,2,1429,41
Nebraska,2022,2,21,0,458,21
New Mexico,2022,2,183,2,6210,185
New York,2022,2,50,0,8165,50
Ohio,2022,2,139,17,10008,156
Oklahoma,2022,2,38,0,1008,38
Oregon,2022,2,30,11,4880,41
Pennsylvania,2022,2,43,0,1434,43
South Carolina,2022,2,13,3,1766,16
South Dakota,2022,2,346,1,3227,347
Tennessee,2022,2,5,0,182,5
Texas,2022,2,230,6,11404,236
Vermont,2022,2,10,0,493,10
Virginia,2022,2,5,1,2019,6
Washington,2022,2,13,0,3429,13
West Virginia,2022,2,50,1,2898,51
Wisconsin,2022,2,518,12,16469,530
Wyoming,2022,2,2,0,25,2
Alabama,2022,3,1,0,380,1
Arizona,2022,3,13,0,566,13
Arkansas,2022,3,7,0,231,7
California,2022,3,51,0,8429,51
Colorado,2022,3,23,1,1938,24
Connecticut,2022,3,17,0,1354,17
Florida,2022,3,7,0,302,7
Georgia,2022,3,33,2,2046,35
Idaho,2022,3,8,1,461,9
Illinois,2022,3,2,0,233,2
Indiana,2022,3,5,0,779,5
Iowa,2022,3,77,2,2058,79
Kansas,2022,3,7,0,320,7
Kentucky,2022,3,43,12,7659,55
Louisiana,2022,3,8,1,235,9
Maine,2022,3,13,0,365,13
Maryland,2022,3,5,0,945,5
Massachusetts,2022,3,18,0,1741,18
Michigan,2022,3,20,0,1440,20
Minnesota,2022,3,315,0,7720,315
Mississippi,2022,3,0,1,52,1
Missouri,2022,3,135,0,6049,135
Montana,2022,3,49,0,1136,49
Nebraska,2022,3,22,0,436,22
New Mexico,2022,3,102,0,5388,102
New York,2022,3,31,2,6000,33
Ohio,2022,3,106,0,6121,106
Oklahoma,2022,3,24,0,888,24
Oregon,2022,3,13,22,4160,35
Pennsylvania,2022,3,13,1,816,14
South Carolina,2022,3,6,1,1555,7
South Dakota,2022,3,266,1,2789,267
Tennessee,2022,3,8,0,159,8
Texas,2022,3,205,15,8882,220
Vermont,2022,3,5,0,414,5
Virginia,2022,3,5,0,1678,5
Washington,2022,3,1,0,2549,1
West Virginia,2022,3,31,0,1907,31
Wisconsin,2022,3,489,10,14471,499
Wyoming,2022,3,2,0,29,2
Alabama,2022,4,1,0,335,1
Arizona,2022,4,2,0,420,2
Arkansas,2022,4,3,0,125,3
California,2022,4,44,1,6026,45
Colorado,2022,4,17,0,1814,17
Connecticut,2022,4,13,0,1129,13
Florida,2022,4,10,1,308,11
Georgia,2022,4,40,6,1440,46
Idaho,2022,4,13,2,283,15
Illinois,2022,4,1,0,209,1
Indiana,2022,4,10,0,697,10
Iowa,2022,4,77,1,1779,78
Kansas,2022,4,7,0,306,7
Kentucky,2022,4,24,0,6343,24
Louisiana,2022,4,3,0,184,3
Maine,2022,4,10,0,371,10
Maryland,2022,4,3,0,859,3
Massachusetts,2022,4,11,1,1414,12
Michigan,2022,4,7,0,977,7
Minnesota,2022,4,211,0,7285,211
Mississippi,2022,4,0,0,35,0
Missouri,2022,4,121,0,4629,121
Montana,2022,4,43,0,780,43
Nebraska,2022,4,16,0,372,16
New Mexico,2022,4,70,0,4387,70
New York,2022,4,21,0,5096,21
Ohio,2022,4,118,3,4994,121
Oklahoma,2022,4,23,0,846,23
Oregon,2022,4,19,16,4576,35
Pennsylvania,2022,4,21,0,791,21
South Carolina,2022,4,17,2,1456,19
South Dakota,2022,4,131,2,1512,133
Tennessee,2022,4,4,0,119,4
Texas,2022,4,185,2,6922,187
Vermont,2022,4,3,0,361,3
Virginia,2022,4,1,0,1623,1
Washington,2022,4,0,0,2080,0
West Virginia,2022,4,34,0,1978,34
Wisconsin,2022,4,384,9,10367,393
Wyoming,2022,4,2,0,12,2
Alabama,2022,5,0,0,305,0
Arizona,2022,5,7,0,412,7
Arkansas,2022,5,0,0,91,0
California,2022,5,32,1,5319,33
Colorado,2022,5,20,0,1698,20
Connecticut,2022,5,17,0,1055,17
Florida,2022,5,9,0,273,9
Georgia,2022,5,44,5,1679,49
Idaho,2022,5,2,0,284,2
Illinois,2022,5,1,0,166,1
Indiana,2022,5,8,0,480,8
Iowa,2022,5,92,1,1603,93
Kansas,2022,5,3,0,230,3
Kentucky,2022,5,23,0,4186,23
Louisiana,2022,5,5,0,163,5
Maine,2022,5,2,0,301,2
Maryland,2022,5,1,1,840,2
Massachusetts,2022,5,8,0,1170,8
Michigan,2022,5,17,0,954,17
Minnesota,2022,5,78,0,3374,78
Mississippi,2022,5,4,0,40,4
Missouri,2022,5,84,1,3075,85
Montana,2022,5,15,0,690,15
Nebraska,2022,5,33,0,494,33
New Mexico,2022,5,43,1,3324,44
New York,2022,5,31,1,4493,32
Ohio,2022,5,129,6,4637,135
Oklahoma,2022,5,24,0,474,24
Oregon,2022,5,13,5,3767,18
Pennsylvania,2022,5,15,0,739,15
South Carolina,2022,5,2,0,1233,2
South Dakota,2022,5,153,2,923,155
Tennessee,2022,5,4,0,95,4
Texas,2022,5,206,5,4923,211
Vermont,2022,5,13,0,321,13
Virginia,2022,5,6,1,1381,7
Washington,2022,5,2,0,1538,2
West Virginia,2022,5,39,1,1363,40
Wisconsin,2022,5,379,8,8959,387
Wyoming,2022,5,0,0,12,0
Alabama,2022,6,0,0,322,0
Arizona,2022,6,10,0,326,10
Arkansas,2022,6,1,0,120,1
California,2022,6,28,0,4349,28
Colorado,2022,6,17,0,3027,17
Connecticut,2022,6,12,0,970,12
Florida,2022,6,17,0,276,17
Georgia,2022,6,47,6,1270,53
Idaho,2022,6,2,0,261,2
Illinois,2022,6,6,1,205,7
Indiana,2022,6,15,0,415,15
Iowa,2022,6,132,1,1294,133
Kansas,2022,6,9,0,267,9
Kentucky,2022,6,21,0,3888,21
Louisiana,2022,6,9,0,195,9
Maine,2022,6,0,0,275,0
Maryland,2022,6,1,0,758,1
Massachusetts,2022,6,14,0,1217,14
Michigan,2022,6,12,0,1188,12
Minnesota,2022,6,100,0,2810,100
Mississippi,2022,6,2,3,40,5
Missouri,2022,6,79,0,3159,79
Montana,2022,6,30,0,600,30
Nebraska,2022,6,47,0,458,47
New Mexico,2022,6,35,2,3028,37
New York,2022,6,28,1,4704,29
Ohio,2022,6,116,3,4079,119
Oklahoma,2022,6,35,0,570,35
Oregon,2022,6,27,5,3556,32
Pennsylvania,2022,6,35,0,626,35
South Carolina,2022,6,12,4,1169,16
South Dakota,2022,6,172,0,782,172
Tennessee,2022,6,4,0,65,4
Texas,2022,6,321,3,5165,324
Vermont,2022,6,8,0,290,8
Virginia,2022,6,6,2,1302,8
Washington,2022,6,3,1,1138,4
West Virginia,2022,6,47,1,1227,48
Wisconsin,2022,6,391,13,7614,404
Alabama,2022,7,5,0,438,5
Arizona,2022,7,10,0,317,10
Arkansas,2022,7,24,0,334,24
California,2022,7,37,0,4180,37
Colorado,2022,7,27,0,1647,27
Connecticut,2022,7,14,0,960,14
Florida,2022,7,45,2,2244,47
Georgia,2022,7,58,6,1133,64
Idaho,2022,7,19,4,247,23
Illinois,2022,7,2,0,173,2
Indiana,2022,7,23,0,366,23
Iowa,2022,7,206,0,1447,206
Kansas,2022,7,5,0,228,5
Kentucky,2022,7,29,0,3395,29
Louisiana,2022,7,8,0,206,8
Maine,2022,7,4,0,203,4
Maryland,2022,7,7,1,727,8
Massachusetts,2022,7,7,0,1242,7
Michigan,2022,7,17,0,970,17
Minnesota,2022,7,100,0,2359,100
Mississippi,2022,7,3,1,59,4
Missouri,2022,7,117,2,2905,119
Montana,2022,7,49,0,630,49
Nebraska,2022,7,87,0,554,87
New Mexico,2022,7,40,0,2891,40
New York,2022,7,40,0,4544,40
Ohio,2022,7,120,4,3720,124
Oklahoma,2022,7,43,0,597,43
Oregon,2022,7,31,11,3459,42
Pennsylvania,2022,7,32,1,628,33
South Carolina,2022,7,24,0,985,24
South Dakota,2022,7,137,1,585,138
Tennessee,2022,7,4,0,47,4
Texas,2022,7,478,6,5392,484
Vermont,2022,7,10,0,283,10
Virginia,2022,7,15,0,1205,15
Washington,2022,7,4,1,1199,5
West Virginia,2022,7,43,1,1174,44
Wisconsin,2022,7,587,23,7443,610
Wyoming,2022,7,2,0,12,2
Alabama,2022,8,2,0,885,2
Arizona,2022,8,11,0,355,11
Arkansas,2022,8,30,1,336,31
California,2022,8,49,0,4076,49
Colorado,2022,8,38,0,1493,38
Connecticut,2022,8,20,0,923,20
Florida,2022,8,30,1,2167,31
Georgia,2022,8,50,3,1140,53
Idaho,2022,8,16,0,209,16
Illinois,2022,8,2,0,166,2
Indiana,2022,8,27,1,392,28
Iowa,2022,8,243,0,1500,243
Kansas,2022,8,8,0,244,8
Kentucky,2022,8,36,2,3300,38
Louisiana,2022,8,14,0,198,14
Maine,2022,8,1,0,200,1
Maryland,2022,8,5,0,802,5
Massachusetts,2022,8,1,0,1139,1
Michigan,2022,8,14,0,1010,14
Minnesota,2022,8,67,0,1761,67
Mississippi,2022,8,8,1,77,9
Missouri,2022,8,131,0,2660,131
Montana,2022,8,40,0,537,40
Nebraska,2022,8,88,0,521,88
New Mexico,2022,8,59,0,2861,59
New York,2022,8,46,0,4257,46
Ohio,2022,8,171,3,3833,174
Oklahoma,2022,8,26,0,569,26
Oregon,2022,8,40,4,3310,44
Pennsylvania,2022,8,34,0,643,34
South Carolina,2022,8,27,0,911,27
South Dakota,2022,8,53,0,257,53
Tennessee,2022,8,7,0,58,7
Texas,2022,8,645,4,5212,649
Vermont,2022,8,13,0,233,13
Virginia,2022,8,13,0,1217,13
Washington,2022,8,9,0,1251,9
West Virginia,2022,8,108,0,1216,108
Wisconsin,2022,8,616,12,7428,628
Wyoming,2022,8,1,0,11,1
Alabama,2022,9,5,0,368,5
Arizona,2022,9,10,0,310,10
Arkansas,2022,9,51,1,314,52
California,2022,9,84,0,4366,84
Colorado,2022,9,52,0,1566,52
Connecticut,2022,9,28,0,965,28
Florida,2022,9,34,0,1960,34
Georgia,2022,9,37,5,1063,42
Idaho,2022,9,34,2,270,36
Illinois,2022,9,12,0,203,12
Indiana,2022,9,26,0,430,26
Iowa,2022,9,253,0,1506,253
Kansas,2022,9,23,0,233,23
Kentucky,2022,9,50,0,3177,50
Louisiana,2022,9,5,0,168,5
Maine,2022,9,3,0,199,3
Maryland,2022,9,9,0,777,9
Massachusetts,2022,9,11,0,1314,11
Michigan,2022,9,19,0,940,19
Minnesota,2022,9,54,0,1223,54
Mississippi,2022,9,7,0,74,7
Missouri,2022,9,113,0,2729,113
Montana,2022,9,54,1,656,55
Nebraska,2022,9,135,0,549,135
New Mexico,2022,9,88,1,2860,89
New York,2022,9,69,0,4663,69
Ohio,2022,9,271,2,3324,273
Oklahoma,2022,9,45,0,713,45
Oregon,2022,9,73,2,3649,75
Pennsylvania,2022,9,32,0,584,32
South Carolina,2022,9,34,0,834,34
South Dakota,2022,9,10,0,130,10
Tennessee,2022,9,6,0,62,6
Texas,2022,9,1041,1,6094,1042
Vermont,2022,9,6,0,200,6
Virginia,2022,9,12,0,1194,12
Washington,2022,9,23,0,1174,23
West Virginia,2022,9,107,0,1251,107
Wisconsin,2022,9,669,28,7301,697
Alabama,2022,10,9,1,487,10
Arizona,2022,10,11,0,329,11
Arkansas,2022,10,49,3,505,52
California,2022,10,105,0,4332,105
Colorado,2022,10,61,0,1477,61
Connecticut,2022,10,42,0,1079,42
Florida,2022,10,26,1,2545,27
Georgia,2022,10,34,1,1050,35
Idaho,2022,10,30,0,197,30
Illinois,2022,10,19,0,257,19
Indiana,2022,10,39,0,418,39
Iowa,2022,10,269,2,1418,271
Kansas,2022,10,29,0,256,29
Kentucky,2022,10,43,4,3260,47
Louisiana,2022,10,13,0,186,13
Maine,2022,10,2,0,205,2
Maryland,2022,10,10,0,755,10
Massachusetts,2022,10,20,1,1342,21
Michigan,2022,10,25,0,1026,25
Minnesota,2022,10,36,0,1099,36
Mississippi,2022,10,13,0,95,13
Missouri,2022,10,114,1,2175,115
Montana,2022,10,49,0,579,49
Nebraska,2022,10,141,0,521,141
New Mexico,2022,10,136,2,2931,138
New York,2022,10,107,0,4774,107
Ohio,2022,10,278,2,3348,280
Oklahoma,2022,10,100,0,765,100
Oregon,2022,10,79,7,3470,86
Pennsylvania,2022,10,75,1,840,76
South Carolina,2022,10,19,1,842,20
South Dakota,2022,10,9,0,108,9
Tennessee,2022,10,2,0,45,2
Texas,2022,10,1238,10,6423,1248
Vermont,2022,10,4,0,181,4
Virginia,2022,10,28,3,1065,31
Washington,2022,10,21,3,1226,24
West Virginia,2022,10,105,0,1009,105
Wisconsin,2022,10,803,11,7526,814
Wyoming,2022,10,4,0,13,4
Alabama,2022,11,9,1,387,10
Arizona,2022,11,23,0,288,23
Arkansas,2022,11,198,5,582,203
California,2022,11,161,1,4682,162
Colorado,2022,11,74,0,1317,74
Connecticut,2022,11,69,0,1185,69
Florida,2022,11,54,1,2478,55
Georgia,2022,11,30,4,985,34
Idaho,2022,11,35,1,125,36
Illinois,2022,11,22,1,271,23
Indiana,2022,11,72,0,433,72
Iowa,2022,11,150,0,1199,150
Kansas,2022,11,15,0,315,15
Kentucky,2022,11,64,0,2696,64
Louisiana,2022,11,12,0,195,12
Maine,2022,11,3,0,206,3
Maryland,2022,11,17,0,522,17
Massachusetts,2022,11,35,1,1545,36
Michigan,2022,11,39,0,1143,39
Minnesota,2022,11,50,0,1189,50
Mississippi,2022,11,21,3,109,24
Missouri,2022,11,199,0,2704,199
Montana,2022,11,55,0,603,55
Nebraska,2022,11,77,0,327,77
New Mexico,2022,11,215,0,3106,215
New York,2022,11,204,0,5158,204
Ohio,2022,11,448,1,4006,449
Oklahoma,2022,11,93,0,799,93
Oregon,2022,11,97,11,3617,108
Pennsylvania,2022,11,97,0,802,97
South Carolina,2022,11,36,3,752,39
South Dakota,2022,11,6,1,95,7
Tennessee,2022,11,5,0,63,5
Texas,2022,11,1280,5,6207,1285
Vermont,2022,11,9,0,215,9
Virginia,2022,11,26,0,1147,26
Washington,2022,11,42,0,1353,42
West Virginia,2022,11,84,0,938,84
Wisconsin,2022,11,802,12,6831,814
Wyoming,2022,11,2,0,16,2
Alabama,2022,12,4,0,547,4
Arizona,2022,12,16,0,349,16
Arkansas,2022,12,133,2,421,135
California,2022,12,245,0,4861,245
Colorado,2022,12,75,0,1357,75
Connecticut,2022,12,59,0,1142,59
Florida,2022,12,42,3,2061,45
Georgia,2022,12,41,2,957,43
Idaho,2022,12,56,2,291,58
Illinois,2022,12,25,1,385,26
Indiana,2022,12,63,0,490,63
Iowa,2022,12,117,0,1167,117
Kansas,2022,12,6,0,229,6
Kentucky,2022,12,81,0,3387,81
Louisiana,2022,12,8,0,201,8
Maine,2022,12,13,0,266,13
Maryland,2022,12,8,0,504,8
Massachusetts,2022,12,60,0,1523,60
Michigan,2022,12,68,0,1191,68
Minnesota,2022,12,47,0,1252,47
Mississippi,2022,12,12,3,85,15
Missouri,2022,12,139,0,2580,139
Montana,2022,12,35,0,556,35
Nebraska,2022,12,108,0,488,108
New Mexico,2022,12,286,0,3104,286
New York,2022,12,394,0,5765,394
Ohio,2022,12,641,4,4331,645
Oklahoma,2022,12,91,0,749,91
Oregon,2022,12,109,12,3841,121
Pennsylvania,2022,12,87,0,843,87
South Carolina,2022,12,43,1,750,44
South Dakota,2022,12,3,0,80,3
Tennessee,2022,12,6,0,54,6
Texas,2022,12,1217,3,6912,1220
Vermont,2022,12,26,0,226,26
Virginia,2022,12,34,0,1171,34
Washington,2022,12,41,0,1378,41
West Virginia,2022,12,110,0,938,110
Wisconsin,2022,12,884,3,8282,887
Wyoming,2022,12,8,0,30,8
Alabama,2022,13,7,0,676,7
Arizona,2022,13,7,0,303,7
Arkansas,2022,13,113,8,467,121
California,2022,13,232,0,4852,232
Colorado,2022,13,130,0,1357,130
Connecticut,2022,13,76,0,1315,76
Florida,2022,13,51,1,2021,52
Georgia,2022,13,53,3,1002,56
Idaho,2022,13,49,1,211,50
Illinois,2022,13,64,0,457,64
Indiana,2022,13,37,0,529,37
Iowa,2022,13,70,0,1057,70
Kansas,2022,13,13,0,208,13
Kentucky,2022,13,109,0,2983,109
Louisiana,2022,13,10,0,183,10
Maine,2022,13,4,0,270,4
Maryland,2022,13,29,0,536,29
Massachusetts,2022,13,116,0,1709,116
Michigan,2022,13,81,0,1241,81
Minnesota,2022,13,58,0,1169,58
Mississippi,2022,13,8,1,99,9
Missouri,2022,13,143,0,2995,143
Montana,2022,13,33,0,520,33
Nebraska,2022,13,102,1,437,103
New Mexico,2022,13,386,1,3415,387
New York,2022,13,573,0,6460,573
Ohio,2022,13,649,76,4114,725
Oklahoma,2022,13,91,0,761,91
Oregon,2022,13,94,11,3686,105
Pennsylvania,2022,13,98,0,821,98
South Carolina,2022,13,59,0,788,59
South Dakota,2022,13,3,0,93,3
Tennessee,2022,13,11,0,57,11
Texas,2022,13,1122,4,6406,1126
Vermont,2022,13,27,0,258,27
Virginia,2022,13,20,1,1044,21
Washington,2022,13,49,0,1574,49
West Virginia,2022,13,36,0,836,36
Wisconsin,2022,13,686,6,7454,692
Alabama,2022,14,9,0,411,9
Arizona,2022,14,18,0,299,18
Arkansas,2022,14,86,7,533,93
California,2022,14,257,0,5203,257
Colorado,2022,14,111,0,1271,111
Connecticut,2022,14,116,0,1427,116
Florida,2022,14,34,0,2077,34
Georgia,2022,14,43,3,1067,46
Idaho,2022,14,28,1,183,29
Illinois,2022,14,80,0,544,80
Indiana,2022,14,42,0,561,42
Iowa,2022,14,83,0,1104,83
Kansas,2022,14,31,0,232,31
Kentucky,2022,14,142,0,2516,142
Louisiana,2022,14,25,0,228,25
Maine,2022,14,20,0,298,20
Maryland,2022,14,42,0,498,42
Massachusetts,2022,14,201,0,2036,201
Michigan,2022,14,73,0,1264,73
Minnesota,2022,14,63,0,1234,63
Mississippi,2022,14,24,1,115,25
Missouri,2022,14,131,0,2714,131
Montana,2022,14,35,1,576,36
Nebraska,2022,14,106,1,474,107
New Mexico,2022,14,480,1,3539,481
New York,2022,14,878,0,7289,878
Ohio,2022,14,691,2,4425,693
Oklahoma,2022,14,83,0,797,83
Oregon,2022,14,99,4,3607,103
Pennsylvania,2022,14,144,0,978,144
South Carolina,2022,14,79,0,884,79
South Dakota,2022,14,2,0,70,2
Tennessee,2022,14,5,0,72,5
Texas,2022,14,955,6,6281,961
Vermont,2022,14,82,0,465,82
Virginia,2022,14,20,0,1067,20
Washington,2022,14,43,0,1575,43
West Virginia,2022,14,95,0,862,95
Wisconsin,2022,14,1103,5,9410,1108
Wyoming,2022,14,5,0,14,5
Alabama,2022,15,10,0,246,10
Arizona,2022,15,13,0,302,13
Arkansas,2022,15,150,1,542,151
California,2022,15,278,1,4702,279
Colorado,2022,15,145,0,1436,145
Connecticut,2022,15,135,1,1557,136
Florida,2022,15,70,0,2231,70
Georgia,2022,15,50,0,986,50
Idaho,2022,15,27,0,145,27
Illinois,2022,15,70,2,577,72
Indiana,2022,15,31,0,521,31
Iowa,2022,15,63,0,986,63
Kansas,2022,15,11,0,185,11
Kentucky,2022,15,103,0,2460,103
Louisiana,2022,15,29,1,238,30
Maine,2022,15,32,0,333,32
Maryland,2022,15,26,0,569,26
Massachusetts,2022,15,262,0,2196,262
Michigan,2022,15,96,0,1367,96
Minnesota,2022,15,71,0,1318,71
Mississippi,2022,15,7,1,92,8
Missouri,2022,15,126,0,2692,126
Montana,2022,15,49,1,543,50
Nebraska,2022,15,105,0,481,105
New Mexico,2022,15,646,1,3814,647
New York,2022,15,865,0,7021,865
Ohio,2022,15,806,2,4537,808
Oklahoma,2022,15,69,0,555,69
Oregon,2022,15,178,7,3969,185
Pennsylvania,2022,15,147,0,1004,147
South Carolina,2022,15,114,1,889,115
South Dakota,2022,15,4,0,87,4
Tennessee,2022,15,16,0,80,16
Texas,2022,15,809,3,6112,812
Vermont,2022,15,69,0,493,69
Virginia,2022,15,25,0,1170,25
Washington,2022,15,57,0,1758,57
West Virginia,2022,15,75,0,946,75
Wisconsin,2022,15,919,3,7965,922
Alabama,2022,16,11,1,327,12
Arizona,2022,16,22,0,324,22
Arkansas,2022,16,95,3,557,98
California,2022,16,373,0,4834,373
Colorado,2022,16,158,0,1448,158
Connecticut,2022,16,136,0,1656,136
Florida,2022,16,87,0,2232,87
Georgia,2022,16,62,4,1030,66
Idaho,2022,16,35,2,185,37
Illinois,2022,16,75,9,594,84
Indiana,2022,16,24,0,393,24
Iowa,2022,16,43,0,960,43
Kansas,2022,16,11,0,274,11
Kentucky,2022,16,120,1,2509,121
Louisiana,2022,16,14,1,228,15
Maine,2022,16,35,0,381,35
Maryland,2022,16,13,0,642,13
Massachusetts,2022,16,239,0,2297,239
Michigan,2022,16,138,0,1440,138
Minnesota,2022,16,93,0,1354,93
Mississippi,2022,16,17,2,123,19
Missouri,2022,16,92,0,2023,92
Montana,2022,16,53,0,583,53
Nebraska,2022,16,83,0,461,83
New Mexico,2022,16,751,1,4329,752
New York,2022,16,622,0,7434,622
Ohio,2022,16,605,3,4688,608
Oklahoma,2022,16,31,0,338,31
Oregon,2022,16,259,11,4490,270
Pennsylvania,2022,16,106,0,931,106
South Carolina,2022,16,115,1,956,116
South Dakota,2022,16,0,0,85,0
Tennessee,2022,16,9,0,45,9
Texas,2022,16,503,1,5041,504
Vermont,2022,16,38,0,386,38
Virginia,2022,16,33,0,1192,33
Washington,2022,16,85,0,1982,85
West Virginia,2022,16,65,0,907,65
Wisconsin,2022,16,915,11,9778,926
Wyoming,2022,16,6,0,16,6
Alabama,2022,17,3,0,245,3
Arizona,2022,17,17,0,286,17
Arkansas,2022,17,79,4,508,83
California,2022,17,447,1,5437,448
Colorado,2022,17,196,0,1799,196
Connecticut,2022,17,141,1,1769,142
Florida,2022,17,122,0,2324,122
Georgia,2022,17,67,4,1025,71
Idaho,2022,17,24,0,195,24
Illinois,2022,17,75,2,697,77
Indiana,2022,17,20,0,428,20
Iowa,2022,17,36,0,1029,36
Kansas,2022,17,21,0,176,21
Kentucky,2022,17,182,3,2610,185
Louisiana,2022,17,8,0,237,8
Maine,2022,17,35,0,429,35
Maryland,2022,17,9,0,536,9
Massachusetts,2022,17,190,0,2316,190
Michigan,2022,17,154,0,1552,154
Minnesota,2022,17,116,0,1600,116
Mississippi,2022,17,8,2,92,10
Missouri,2022,17,125,0,2845,125
Montana,2022,17,31,0,629,31
Nebraska,2022,17,65,0,450,65
New Mexico,2022,17,725,0,4338,725
New York,2022,17,519,0,7058,519
Ohio,2022,17,610,2,5593,612
Oklahoma,2022,17,25,0,363,25
Oregon,2022,17,257,4,4608,261
Pennsylvania,2022,17,137,0,978,137
South Carolina,2022,17,117,4,1095,121
South Dakota,2022,17,3,0,130,3
Tennessee,2022,17,9,0,58,9
Texas,2022,17,375,3,5088,378
Vermont,2022,17,29,0,454,29
Virginia,2022,17,24,0,1332,24
Washington,2022,17,99,0,2100,99
West Virginia,2022,17,49,0,915,49
Wisconsin,2022,17,953,12,10702,965
Wyoming,2022,17,3,0,21,3
Alabama,2022,18,8,0,322,8
Arizona,2022,18,30,0,373,30
Arkansas,2022,18,79,1,425,80
California,2022,18,548,0,5751,548
Colorado,2022,18,222,0,1778,222
Connecticut,2022,18,238,2,2054,240
Florida,2022,18,160,0,2396,160
Georgia,2022,18,74,4,965,78
Idaho,2022,18,27,0,205,27
Illinois,2022,18,78,1,678,79
Indiana,2022,18,22,0,375,22
Iowa,2022,18,26,0,1134,26
Kansas,2022,18,9,0,252,9
Kentucky,2022,18,163,0,2731,163
Louisiana,2022,18,24,2,254,26
Maine,2022,18,52,0,445,52
Maryland,2022,18,18,0,540,18
Massachusetts,2022,18,262,0,2447,262
Michigan,2022,18,190,0,1677,190
Minnesota,2022,18,109,0,1194,109
Mississippi,2022,18,2,2,88,4
Missouri,2022,18,75,0,2843,75
Montana,2022,18,39,0,676,39
Nebraska,2022,18,42,0,398,42
New Mexico,2022,18,732,2,4329,734
New York,2022,18,580,0,7045,580
Ohio,2022,18,816,6,6451,822
Oklahoma,2022,18,17,0,344,17
Oregon,2022,18,279,4,4870,283
Pennsylvania,2022,18,145,0,1180,145
South Carolina,2022,18,130,2,1228,132
South Dakota,2022,18,1,0,128,1
Tennessee,2022,18,7,0,57,7
Texas,2022,18,243,8,4992,251
Vermont,2022,18,27,0,368,27
Virginia,2022,18,41,0,1323,41
Washington,2022,18,127,0,2507,127
West Virginia,2022,18,40,0,920,40
Wisconsin,2022,18,847,14,10847,861
Alabama,2022,19,6,0,282,6
Arizona,2022,19,46,0,318,46
Arkansas,2022,19,13,1,86,14
California,2022,19,699,0,6832,699
Colorado,2022,19,128,1,1633,129
Connecticut,2022,19,301,2,2384,303
Florida,2022,19,333,1,3453,334
Georgia,2022,19,74,0,1193,74
Idaho,2022,19,13,1,197,14
Illinois,2022,19,69,0,697,69
Indiana,2022,19,21,0,421,21
Iowa,2022,19,32,0,1136,32
Kansas,2022,19,5,0,201,5
Kentucky,2022,19,95,0,2770,95
Louisiana,2022,19,11,0,249,11
Maine,2022,19,120,1,531,121
Maryland,2022,19,11,0,689,11
Massachusetts,2022,19,270,0,2632,270
Michigan,2022,19,160,0,1570,160
Minnesota,2022,19,93,1,1779,94
Mississippi,2022,19,4,1,91,5
Missouri,2022,19,69,0,2747,69
Montana,2022,19,33,0,741,33
Nebraska,2022,19,23,0,447,23
New Mexico,2022,19,549,3,4298,552
New York,2022,19,454,0,6975,454
Ohio,2022,19,570,20,6836,590
Oklahoma,2022,19,7,0,338,7
Oregon,2022,19,295,6,5036,301
Pennsylvania,2022,19,81,0,1108,81
South Carolina,2022,19,109,1,1220,110
South Dakota,2022,19,1,0,138,1
Tennessee,2022,19,0,0,58,0
Texas,2022,19,270,1,5053,271
Vermont,2022,19,37,0,332,37
Virginia,2022,19,52,0,1375,52
Washington,2022,19,127,5,2615,132
West Virginia,2022,19,28,0,1058,28
Wisconsin,2022,19,732,16,11494,748
Wyoming,2022,19,3,0,15,3
Alabama,2022,20,6,0,248,6
Arizona,2022,20,58,0,373,58
Arkansas,2022,20,13,0,433,13
California,2022,20,978,1,7781,979
Colorado,2022,20,134,0,2432,134
Connecticut,2022,20,208,0,2245,208
Florida,2022,20,325,1,2658,326
Georgia,2022,20,46,0,1307,46
Idaho,2022,20,11,1,187,12
Illinois,2022,20,35,0,643,35
Indiana,2022,20,8,0,286,8
Iowa,2022,20,14,0,1081,14
Kansas,2022,20,0,0,202,0
Kentucky,2022,20,41,0,3006,41
Louisiana,2022,20,11,2,272,13
Maine,2022,20,48,0,437,48
Maryland,2022,20,19,0,584,19
Massachusetts,2022,20,162,0,2343,162
Michigan,2022,20,125,0,1573,125
Minnesota,2022,20,42,0,1436,42
Mississippi,2022,20,1,1,90,2
Missouri,2022,20,48,0,2515,48
Montana,2022,20,32,0,885,32
Nebraska,2022,20,8,0,522,8
New Mexico,2022,20,440,1,4426,441
New York,2022,20,373,0,6599,373
Ohio,2022,20,427,3,6898,430
Oklahoma,2022,20,4,0,353,4
Oregon,2022,20,313,5,5446,318
Pennsylvania,2022,20,84,0,1236,84
South Carolina,2022,20,114,1,1298,115
South Dakota,2022,20,0,0,111,0
Tennessee,2022,20,2,0,59,2
Texas,2022,20,212,4,5423,216
Vermont,2022,20,16,2,355,18
Virginia,2022,20,30,0,1359,30
Washington,2022,20,144,0,2810,144
West Virginia,2022,20,13,0,1107,13
Wisconsin,2022,20,355,2,10295,357
Wyoming,2022,20,0,0,11,0
Alabama,2022,21,15,0,298,15
Arizona,2022,21,45,0,341,45
Arkansas,2022,21,11,2,231,13
California,2022,21,1181,0,8767,1181
Colorado,2022,21,126,0,1276,126
Connecticut,2022,21,104,0,2096,104
Florida,2022,21,618,0,3596,618
Georgia,2022,21,157,1,1422,158
Idaho,2022,21,18,0,215,18
Illinois,2022,21,23,0,636,23
Indiana,2022,21,3,0,276,3
Iowa,2022,21,6,0,999,6
Kansas,2022,21,1,0,196,1
Kentucky,2022,21,73,0,2823,73
Louisiana,2022,21,7,0,242,7
Maine,2022,21,32,0,354,32
Maryland,2022,21,16,0,543,16
Massachusetts,2022,21,114,0,2189,114
Michigan,2022,21,65,0,1450,65
Minnesota,2022,21,56,0,1419,56
Mississippi,2022,21,0,3,79,3
Missouri,2022,21,39,0,2562,39
Montana,2022,21,35,0,920,35
Nebraska,2022,21,5,0,408,5
New Mexico,2022,21,319,6,4353,325
New York,2022,21,253,5,6143,258
Ohio,2022,21,270,3,6210,273
Oklahoma,2022,21,7,0,327,7
Oregon,2022,21,311,5,5733,316
Pennsylvania,2022,21,50,0,1112,50
South Carolina,2022,21,64,0,1276,64
South Dakota,2022,21,0,1,99,1
Tennessee,2022,21,0,0,24,0
Texas,2022,21,164,7,5590,171
Vermont,2022,21,11,0,324,11
Virginia,2022,21,23,0,1468,23
Washington,2022,21,174,0,3087,174
West Virginia,2022,21,7,0,1135,7
Wisconsin,2022,21,204,3,8941,207
Alabama,2022,22,16,1,277,17
Arizona,2022,22,31,0,346,31
California,2022,22,1182,0,8474,1182
Colorado,2022,22,81,0,1817,81
Connecticut,2022,22,81,0,1896,81
Florida,2022,22,642,1,3645,643
Georgia,2022,22,123,4,1446,127
Idaho,2022,22,7,0,199,7
Illinois,2022,22,13,0,446,13
Indiana,2022,22,1,0,289,1
Iowa,2022,22,1,0,954,1
Kansas,2022,22,1,0,182,1
Kentucky,2022,22,23,1,2637,24
Louisiana,2022,22,5,1,244,6
Maine,2022,22,8,0,289,8
Maryland,2022,22,8,0,692,8
Massachusetts,2022,22,55,0,2081,55
Michigan,2022,22,40,0,1406,40
Minnesota,2022,22,49,0,1475,49
Mississippi,2022,22,3,2,87,5
Missouri,2022,22,28,0,2528,28
Montana,2022,22,15,0,850,15
Nebraska,2022,22,13,0,401,13
New Mexico,2022,22,185,2,4165,187
New York,2022,22,157,0,5469,157
Ohio,2022,22,148,5,5011,153
Oklahoma,2022,22,2,0,318,2
Oregon,2022,22,221,13,5353,234
Pennsylvania,2022,22,34,0,1014,34
South Carolina,2022,22,50,2,1215,52
South Dakota,2022,22,0,0,99,0
Tennessee,2022,22,0,0,58,0
Texas,2022,22,144,6,5741,150
Vermont,2022,22,14,1,287,15
Virginia,2022,22,28,0,1147,28
Washington,2022,22,152,1,2891,153
West Virginia,2022,22,5,0,1027,5
Wisconsin,2022,22,111,5,8305,116
Alabama,2022,23,6,0,265,6
Arizona,2022,23,19,0,349,19
Arkansas,2022,23,5,0,346,5
California,2022,23,913,0,8212,913
Colorado,2022,23,46,0,1711,46
Connecticut,2022,23,40,3,1959,43
Florida,2022,23,415,0,3479,415
Georgia,2022,23,45,3,1288,48
Idaho,2022,23,3,1,196,4
Illinois,2022,23,6,2,505,8
Indiana,2022,23,0,0,248,0
Iowa,2022,23,3,0,958,3
Kansas,2022,23,0,0,188,0
Kentucky,2022,23,25,1,2745,26
Louisiana,2022,23,5,0,225,5
Maine,2022,23,3,0,319,3
Maryland,2022,23,7,0,562,7
Massachusetts,2022,23,28,0,2079,28
Michigan,2022,23,25,0,1440,25
Minnesota,2022,23,34,1,1354,35
Mississippi,2022,23,6,0,112,6
Missouri,2022,23,10,0,2504,10
Montana,2022,23,12,0,825,12
Nebraska,2022,23,2,0,365,2
New Mexico,2022,23,108,0,4206,108
New York,2022,23,65,1,5475,66
Ohio,2022,23,49,2,4620,51
Oklahoma,2022,23,2,0,312,2
Oregon,2022,23,105,3,4320,108
Pennsylvania,2022,23,18,0,972,18
South Carolina,2022,23,29,1,1145,30
South Dakota,2022,23,0,0,123,0
Tennessee,2022,23,1,1,63,2
Texas,2022,23,83,6,5590,89
Vermont,2022,23,8,0,287,8
Virginia,2022,23,19,0,1146,19
Washington,2022,23,130,1,2685,131
West Virginia,2022,23,0,0,991,0
Wisconsin,2022,23,104,6,7463,110
Wyoming,2022,23,0,0,11,0
Alabama,2022,24,5,0,299,5
Arizona,2022,24,10,0,292,10
Arkansas,2022,24,2,0,410,2
California,2022,24,514,0,6882,514
Colorado,2022,24,10,0,1510,10
Connecticut,2022,24,29,0,1682,29
Florida,2022,24,227,0,3195,227
Georgia,2022,24,38,0,1334,38
Idaho,2022,24,4,0,180,4
Illinois,2022,24,5,0,359,5
Indiana,2022,24,2,0,273,2
Iowa,2022,24,3,0,984,3
Kansas,2022,24,0,0,169,0
Kentucky,2022,24,19,5,2591,24
Louisiana,2022,24,4,0,235,4
Maine,2022,24,6,0,283,6
Maryland,2022,24,4,1,526,5
Massachusetts,2022,24,17,0,1993,17
Michigan,2022,24,15,0,1353,15
Minnesota,2022,24,21,0,1211,21
Mississippi,2022,24,2,2,127,4
Missouri,2022,24,8,0,2463,8
Montana,2022,24,14,0,756,14
Nebraska,2022,24,3,0,224,3
New Mexico,2022,24,57,0,4381,57
New York,2022,24,51,0,5036,51
Ohio,2022,24,34,0,4224,34
Oklahoma,2022,24,2,0,365,2
Oregon,2022,24,102,6,3783,108
Pennsylvania,2022,24,16,2,899,18
South Carolina,2022,24,28,4,1142,32
South Dakota,2022,24,0,0,119,0
Tennessee,2022,24,1,0,70,1
Texas,2022,24,74,5,5350,79
Vermont,2022,24,11,0,279,11
Virginia,2022,24,11,0,1091,11
Washington,2022,24,122,0,2754,122
West Virginia,2022,24,3,0,995,3
Wisconsin,2022,24,68,16,6536,84
Alabama,2022,25,1,0,271,1
Arizona,2022,25,3,0,273,3
Arkansas,2022,25,1,0,353,1
California,2022,25,406,0,6162,406
Colorado,2022,25,8,0,1533,8
Connecticut,2022,25,25,0,1620,25
Florida,2022,25,98,0,2267,98
Georgia,2022,25,22,1,1386,23
Illinois,2022,25,3,0,354,3
Indiana,2022,25,1,0,258,1
Iowa,2022,25,2,0,796,2
Kansas,2022,25,0,0,173,0
Kentucky,2022,25,12,1,2504,13
Louisiana,2022,25,3,0,184,3
Maryland,2022,25,6,0,569,6
Massachusetts,2022,25,14,1,1870,15
Michigan,2022,25,3,1,1250,4
Minnesota,2022,25,20,1,1095,21
Mississippi,2022,25,1,1,100,2
Missouri,2022,25,5,0,2657,5
Montana,2022,25,11,0,743,11
Nebraska,2022,25,2,0,300,2
New Mexico,2022,25,25,2,4326,27
New York,2022,25,29,0,4937,29
Ohio,2022,25,16,0,4075,16
Oklahoma,2022,25,0,0,365,0
Oregon,2022,25,79,6,4053,85
Pennsylvania,2022,25,6,0,827,6
South Carolina,2022,25,11,1,1071,12
South Dakota,2022,25,0,0,103,0
Tennessee,2022,25,1,1,61,2
Texas,2022,25,55,9,5795,64
Vermont,2022,25,1,0,236,1
Virginia,2022,25,16,0,1080,16
Washington,2022,25,85,0,2812,85
West Virginia,2022,25,2,1,980,3
Wisconsin,2022,25,59,11,5974,70
Alabama,2022,26,0,0,501,0
Arizona,2022,26,0,0,158,0
Arkansas,2022,26,2,0,406,2
California,2022,26,306,0,6308,306
Colorado,2022,26,4,0,1436,4
Connecticut,2022,26,10,1,1636,11
Florida,2022,26,86,0,2967,86
Georgia,2022,26,29,3,1404,32
Illinois,2022,26,2,0,299,2
Indiana,2022,26,0,0,211,0
Iowa,2022,26,2,0,784,2
Kansas,2022,26,0,0,158,0
Kentucky,2022,26,10,5,2417,15
Louisiana,2022,26,4,0,193,4
Maryland,2022,26,0,0,318,0
Massachusetts,2022,26,4,1,1950,5
Michigan,2022,26,3,0,1301,3
Minnesota,2022,26,8,1,863,9
Mississippi,2022,26,0,7,112,7
Missouri,2022,26,4,0,2600,4
Montana,2022,26,5,0,772,5
Nebraska,2022,26,2,0,383,2
New Mexico,2022,26,14,1,4242,15
New York,2022,26,22,0,4932,22
Ohio,2022,26,21,2,4168,23
Oklahoma,2022,26,0,0,360,0
Oregon,2022,26,50,0,3968,50
Pennsylvania,2022,26,4,0,724,4
South Carolina,2022,26,11,2,1068,13
South Dakota,2022,26,0,0,97,0
Tennessee,2022,26,0,0,13,0
Texas,2022,26,46,4,5436,50
Vermont,2022,26,1,1,233,2
Virginia,2022,26,5,0,1081,5
Washington,2022,26,44,0,1810,44
West Virginia,2022,26,1,0,1001,1
Wisconsin,2022,26,23,8,5161,31
Alabama,2022,27,4,0,349,4
Arizona,2022,27,0,0,268,0
Arkansas,2022,27,0,0,388,0
California,2022,27,229,0,6246,229
Colorado,2022,27,3,0,1523,3
Connecticut,2022,27,1,0,1560,1
Florida,2022,27,62,0,2211,62
Georgia,2022,27,15,4,1297,19
Illinois,2022,27,0,0,251,0
Indiana,2022,27,0,0,210,0
Iowa,2022,27,3,0,769,3
Kansas,2022,27,0,0,221,0
Kentucky,2022,27,7,2,2527,9
Louisiana,2022,27,4,0,195,4
Maryland,2022,27,0,0,527,0
Massachusetts,2022,27,2,0,1765,2
Michigan,2022,27,3,0,1222,3
Minnesota,2022,27,4,0,793,4
Mississippi,2022,27,1,3,110,4
Missouri,2022,27,4,0,2717,4
Montana,2022,27,2,0,676,2
Nebraska,2022,27,0,0,233,0
New Mexico,2022,27,3,1,4293,4
New York,2022,27,13,0,4891,13
Ohio,2022,27,9,0,3765,9
Oklahoma,2022,27,0,0,382,0
Oregon,2022,27,42,1,4316,43
Pennsylvania,2022,27,0,0,906,0
South Carolina,2022,27,13,1,1141,14
South Dakota,2022,27,0,0,113,0
Tennessee,2022,27,0,0,59,0
Texas,2022,27,40,13,5468,53
Vermont,2022,27,5,0,212,5
Virginia,2022,27,2,0,1011,2
Washington,2022,27,44,0,2704,44
West Virginia,2022,27,4,0,1045,4
Wisconsin,2022,27,10,1,4622,11
Alabama,2022,28,3,0,501,3
Arizona,2022,28,2,0,270,2
Arkansas,2022,28,1,0,402,1
California,2022,28,135,0,5792,135
Colorado,2022,28,0,0,1302,0
Connecticut,2022,28,4,0,1439,4
Florida,2022,28,41,0,2229,41
Georgia,2022,28,12,3,966,15
Illinois,2022,28,1,0,300,1
Indiana,2022,28,1,1,215,2
Iowa,2022,28,1,0,833,1
Kansas,2022,28,0,1,194,1
Kentucky,2022,28,3,5,2437,8
Louisiana,2022,28,0,2,197,2
Maryland,2022,28,2,0,639,2
Massachusetts,2022,28,7,2,1744,9
Michigan,2022,28,0,0,756,0
Minnesota,2022,28,8,1,936,9
Mississippi,2022,28,1,6,146,7
Missouri,2022,28,4,0,2844,4
Montana,2022,28,2,0,704,2
Nebraska,2022,28,2,0,446,2
New Mexico,2022,28,9,1,4399,10
New York,2022,28,12,1,4818,13
Ohio,2022,28,4,0,3492,4
Oklahoma,2022,28,0,0,410,0
Oregon,2022,28,41,0,3621,41
Pennsylvania,2022,28,1,1,725,2
South Carolina,2022,28,8,3,1279,11
South Dakota,2022,28,0,0,128,0
Tennessee,2022,28,0,0,28,0
Texas,2022,28,34,6,5143,40
Vermont,2022,28,0,0,215,0
Virginia,2022,28,5,0,1073,5
Washington,2022,28,41,1,2327,42
West Virginia,2022,28,0,2,1175,2
Wisconsin,2022,28,22,13,4532,35
Alabama,2022,29,1,0,366,1
Arizona,2022,29,1,0,231,1
Arkansas,2022,29,2,0,435,2
California,2022,29,121,1,5420,122
Colorado,2022,29,1,0,1436,1
Connecticut,2022,29,3,0,1427,3
Florida,2022,29,30,0,2854,30
Georgia,2022,29,18,4,1660,22
Illinois,2022,29,0,1,308,1
Indiana,2022,29,1,0,238,1
Iowa,2022,29,3,0,864,3
Kansas,2022,29,0,0,200,0
Kentucky,2022,29,3,3,2785,6
Louisiana,2022,29,0,0,169,0
Maryland,2022,29,2,0,606,2
Massachusetts,2022,29,1,1,1619,2
Michigan,2022,29,1,0,1330,1
Minnesota,2022,29,2,1,1069,3
Mississippi,2022,29,2,4,104,6
Missouri,2022,29,2,1,2859,3
Montana,2022,29,2,0,715,2
Nebraska,2022,29,2,0,480,2
New Mexico,2022,29,2,0,4364,2
New York,2022,29,5,0,4898,5
Ohio,2022,29,5,1,3326,6
Oklahoma,2022,29,0,0,426,0
Oregon,2022,29,16,1,3184,17
Pennsylvania,2022,29,2,0,749,2
South Carolina,2022,29,8,0,1301,8
South Dakota,2022,29,0,0,71,0
Tennessee,2022,29,0,0,38,0
Texas,2022,29,33,13,5093,46
Vermont,2022,29,1,0,201,1
Virginia,2022,29,4,0,1048,4
Washington,2022,29,12,0,2216,12
West Virginia,2022,29,0,0,1243,0
Wisconsin,2022,29,15,1,3997,16
Alabama,2022,30,0,1,334,1
Arizona,2022,30,1,0,245,1
Arkansas,2022,30,2,1,441,3
California,2022,30,90,2,5209,92
Colorado,2022,30,2,0,1247,2
Connecticut,2022,30,5,0,1441,5
Florida,2022,30,15,0,1343,15
Georgia,2022,30,1,0,958,1
Illinois,2022,30,2,1,314,3
Indiana,2022,30,1,0,209,1
Iowa,2022,30,0,0,770,0
Kansas,2022,30,2,0,204,2
Kentucky,2022,30,5,5,2909,10
Louisiana,2022,30,3,1,168,4
Maryland,2022,30,0,0,527,0
Massachusetts,2022,30,4,1,1602,5
Michigan,2022,30,0,0,1352,0
Minnesota,2022,30,5,1,904,6
Mississippi,2022,30,2,10,137,12
Missouri,2022,30,2,1,2669,3
Montana,2022,30,1,0,679,1
Nebraska,2022,30,0,0,411,0
New Mexico,2022,30,4,1,4102,5
New York,2022,30,7,0,4837,7
Ohio,2022,30,9,0,3579,9
Oklahoma,2022,30,1,0,367,1
Oregon,2022,30,17,0,3354,17
Pennsylvania,2022,30,2,0,789,2
South Carolina,2022,30,6,1,1284,7
South Dakota,2022,30,0,0,59,0
Tennessee,2022,30,0,0,42,0
Texas,2022,30,27,2,4643,29
Vermont,2022,30,0,0,199,0
Virginia,2022,30,6,0,999,6
Washington,2022,30,12,0,2229,12
West Virginia,2022,30,1,0,1123,1
Wisconsin,2022,30,12,2,3878,14
Alabama,2022,31,1,0,268,1
Arizona,2022,31,0,0,262,0
California,2022,31,73,0,4990,73
Colorado,2022,31,3,1,1237,4
Connecticut,2022,31,2,0,1423,2
Florida,2022,31,8,0,1002,8
Georgia,2022,31,5,3,1389,8
Idaho,2022,31,0,0,40,0
Illinois,2022,31,3,0,271,3
Indiana,2022,31,1,0,216,1
Iowa,2022,31,0,0,827,0
Kansas,2022,31,0,0,165,0
Kentucky,2022,31,2,5,2580,7
Louisiana,2022,31,0,0,160,0
Maryland,2022,31,0,0,533,0
Massachusetts,2022,31,2,0,1463,2
Michigan,2022,31,3,0,1278,3
Minnesota,2022,31,2,0,864,2
Mississippi,2022,31,1,4,93,5
Missouri,2022,31,3,0,2562,3
Montana,2022,31,0,0,545,0
Nebraska,2022,31,0,0,343,0
New Mexico,2022,31,8,0,4036,8
New York,2022,31,6,1,4779,7
Ohio,2022,31,7,0,3258,7
Oklahoma,2022,31,1,0,366,1
Oregon,2022,31,8,1,3297,9
Pennsylvania,2022,31,2,0,751,2
South Carolina,2022,31,6,2,1102,8
South Dakota,2022,31,0,1,69,1
Tennessee,2022,31,0,0,24,0
Texas,2022,31,24,10,4602,34
Vermont,2022,31,0,0,174,0
Virginia,2022,31,5,0,1041,5
Washington,2022,31,14,0,1504,14
West Virginia,2022,31,2,0,1154,2
Wisconsin,2022,31,9,0,3397,9
Alabama,2022,32,0,0,306,0
Arizona,2022,32,0,0,380,0
California,2022,32,63,1,4748,64
Colorado,2022,32,2,0,1202,2
Connecticut,2022,32,3,0,1422,3
Florida,2022,32,5,0,272,5
Georgia,2022,32,15,2,1596,17
Illinois,2022,32,0,1,254,1
Indiana,2022,32,1,0,215,1
Iowa,2022,32,1,0,819,1
Kansas,2022,32,0,0,174,0
Kentucky,2022,32,4,2,2396,6
Louisiana,2022,32,0,0,160,0
Maryland,2022,32,0,0,433,0
Massachusetts,2022,32,5,0,1438,5
Michigan,2022,32,0,0,687,0
Minnesota,2022,32,1,0,888,1
Mississippi,2022,32,0,5,87,5
Missouri,2022,32,1,0,2483,1
Montana,2022,32,0,0,540,0
Nebraska,2022,32,2,0,416,2
New Mexico,2022,32,1,0,4188,1
New York,2022,32,8,0,4526,8
Ohio,2022,32,5,0,3147,5
Oklahoma,2022,32,0,0,369,0
Oregon,2022,32,6,1,2988,7
Pennsylvania,2022,32,1,0,782,1
South Carolina,2022,32,4,2,1144,6
South Dakota,2022,32,0,0,44,0
Tennessee,2022,32,0,0,47,0
Texas,2022,32,23,10,4133,33
Vermont,2022,32,0,0,188,0
Virginia,2022,32,4,0,1031,4
Washington,2022,32,16,0,2119,16
West Virginia,2022,32,1,0,1104,1
Wisconsin,2022,32,5,2,3216,7
Alabama,2022,33,0,0,319,0
Arizona,2022,33,2,0,427,2
California,2022,33,58,0,4934,58
Colorado,2022,33,1,0,1225,1
Connecticut,2022,33,4,0,1313,4
Florida,2022,33,3,0,893,3
Georgia,2022,33,9,3,1021,12
Illinois,2022,33,0,0,261,0
Indiana,2022,33,0,0,200,0
Iowa,2022,33,5,0,762,5
Kansas,2022,33,0,0,198,0
Kentucky,2022,33,10,1,2621,11
Louisiana,2022,33,3,0,194,3
Maryland,2022,33,1,0,431,1
Massachusetts,2022,33,1,0,1621,1
Michigan,2022,33,0,0,1255,0
Minnesota,2022,33,5,1,907,6
Mississippi,2022,33,0,10,91,10
Missouri,2022,33,3,0,2298,3
Montana,2022,33,0,0,476,0
Nebraska,2022,33,1,0,466,1
New Mexico,2022,33,2,1,4834,3
New York,2022,33,13,0,4266,13
Ohio,2022,33,9,1,3076,10
Oklahoma,2022,33,0,0,396,0
Oregon,2022,33,7,0,2970,7
Pennsylvania,2022,33,1,0,655,1
South Carolina,2022,33,4,2,1082,6
South Dakota,2022,33,0,0,62,0
Tennessee,2022,33,1,1,65,2
Texas,2022,33,32,8,4589,40
Vermont,2022,33,0,0,206,0
Virginia,2022,33,1,0,1119,1
Washington,2022,33,9,1,2011,10
West Virginia,2022,33,0,0,1049,0
Wisconsin,2022,33,3,2,3102,5
Alabama,2022,34,2,0,376,2
Arizona,2022,34,0,0,320,0
California,2022,34,82,1,5337,83
Colorado,2022,34,1,0,1826,1
Connecticut,2022,34,5,0,1376,5
Florida,2022,34,4,1,671,5
Georgia,2022,34,30,0,1871,30
Illinois,2022,34,3,0,266,3
Indiana,2022,34,2,1,299,3
Iowa,2022,34,1,0,818,1
Kansas,2022,34,0,0,207,0
Kentucky,2022,34,5,3,3077,8
Louisiana,2022,34,7,1,233,8
Maryland,2022,34,1,0,567,1
Massachusetts,2022,34,3,0,1504,3
Michigan,2022,34,0,0,1322,0
Minnesota,2022,34,0,0,894,0
Mississippi,2022,34,3,13,130,16
Missouri,2022,34,0,0,2278,0
Montana,2022,34,0,0,543,0
Nebraska,2022,34,2,0,460,2
New Mexico,2022,34,5,0,5249,5
New York,2022,34,8,0,4178,8
Ohio,2022,34,5,4,3456,9
Oklahoma,2022,34,0,0,390,0
Oregon,2022,34,4,1,2650,5
Pennsylvania,2022,34,3,0,704,3
South Carolina,2022,34,3,2,1316,5
South Dakota,2022,34,0,0,52,0
Tennessee,2022,34,0,0,73,0
Texas,2022,34,49,6,5959,55
Vermont,2022,34,1,0,219,1
Virginia,2022,34,2,0,1105,2
Washington,2022,34,10,0,1186,10
West Virginia,2022,34,0,0,1088,0
Wisconsin,2022,34,3,3,3309,6
Alabama,2022,35,3,0,415,3
Arizona,2022,35,3,0,362,3
California,2022,35,75,1,5614,76
Colorado,2022,35,0,0,1424,0
Connecticut,2022,35,5,1,1296,6
Florida,2022,35,2,0,387,2
Georgia,2022,35,26,2,1719,28
Illinois,2022,35,2,0,398,2
Indiana,2022,35,1,0,275,1
Iowa,2022,35,1,0,876,1
Kansas,2022,35,0,0,164,0
Kentucky,2022,35,8,0,2923,8
Louisiana,2022,35,6,1,247,7
Maryland,2022,35,0,0,601,0
Massachusetts,2022,35,5,0,1529,5
Michigan,2022,35,0,1,1328,1
Minnesota,2022,35,1,0,970,1
Mississippi,2022,35,0,8,136,8
Missouri,2022,35,2,0,2584,2
Montana,2022,35,1,0,483,1
Nebraska,2022,35,0,0,558,0
New Mexico,2022,35,0,1,5177,1
New York,2022,35,13,0,4156,13
Ohio,2022,35,7,1,4185,8
Oklahoma,2022,35,0,0,427,0
Oregon,2022,35,3,2,2638,5
Pennsylvania,2022,35,2,0,741,2
South Carolina,2022,35,6,2,1372,8
South Dakota,2022,35,0,0,65,0
Tennessee,2022,35,1,0,53,1
Texas,2022,35,89,13,6877,102
Vermont,2022,35,1,0,231,1
Virginia,2022,35,4,0,1124,4
Washington,2022,35,11,0,1840,11
West Virginia,2022,35,0,0,1381,0
Wisconsin,2022,35,12,1,3188,13
Alabama,2022,36,10,0,320,10
Arizona,2022,36,1,0,332,1
California,2022,36,105,1,5324,106
Colorado,2022,36,3,1,1408,4
Connecticut,2022,36,4,0,1431,4
Florida,2022,36,2,1,414,3
Georgia,2022,36,45,0,1788,45
Illinois,2022,36,3,1,357,4
Indiana,2022,36,0,0,239,0
Iowa,2022,36,0,0,922,0
Kansas,2022,36,0,0,154,0
Kentucky,2022,36,6,0,2806,6
Louisiana,2022,36,18,1,292,19
Maryland,2022,36,3,0,584,3
Massachusetts,2022,36,7,0,1567,7
Michigan,2022,36,1,0,1171,1
Minnesota,2022,36,3,1,1063,4
Mississippi,2022,36,0,3,130,3
Missouri,2022,36,5,0,2769,5
Montana,2022,36,1,0,483,1
Nebraska,2022,36,0,0,349,0
New Mexico,2022,36,2,0,4313,2
New York,2022,36,13,0,4353,13
Ohio,2022,36,8,1,4177,9
Oklahoma,2022,36,0,0,421,0
Oregon,2022,36,3,0,2781,3
Pennsylvania,2022,36,4,0,860,4
South Carolina,2022,36,14,0,1237,14
South Dakota,2022,36,0,0,67,0
Tennessee,2022,36,1,0,62,1
Texas,2022,36,99,5,6798,104
Vermont,2022,36,0,0,236,0
Virginia,2022,36,2,0,1097,2
Washington,2022,36,13,1,1736,14
West Virginia,2022,36,0,0,1405,0
Wisconsin,2022,36,3,0,4086,3
Alabama,2022,37,9,0,408,9
Arizona,2022,37,1,0,310,1
Arkansas,2022,37,6,0,662,6
California,2022,37,108,1,5748,109
Colorado,2022,37,0,0,1346,0
Connecticut,2022,37,4,0,1551,4
Florida,2022,37,3,0,391,3
Georgia,2022,37,95,5,1690,100
Illinois,2022,37,0,0,328,0
Indiana,2022,37,0,0,280,0
Iowa,2022,37,1,0,897,1
Kansas,2022,37,0,0,163,0
Kentucky,2022,37,1,3,2715,4
Louisiana,2022,37,13,0,295,13
Maryland,2022,37,10,0,600,10
Massachusetts,2022,37,3,0,1787,3
Michigan,2022,37,0,0,1313,0
Minnesota,2022,37,1,0,1185,1
Mississippi,2022,37,1,5,91,6
Missouri,2022,37,3,0,2808,3
Montana,2022,37,0,1,424,1
Nebraska,2022,37,1,0,356,1
New Mexico,2022,37,5,1,4135,6
New York,2022,37,20,0,4951,20
Ohio,2022,37,13,1,4524,14
Oklahoma,2022,37,0,0,382,0
Oregon,2022,37,1,1,3078,2
Pennsylvania,2022,37,2,1,1018,3
South Carolina,2022,37,5,0,1390,5
South Dakota,2022,37,0,1,64,1
Tennessee,2022,37,0,1,46,1
Texas,2022,37,140,12,6977,152
Vermont,2022,37,0,0,290,0
Virginia,2022,37,0,0,1060,0
Washington,2022,37,10,1,2219,11
West Virginia,2022,37,0,0,1315,0
Wisconsin,2022,37,13,0,3184,13
Alabama,2022,38,8,0,316,8
Arizona,2022,38,0,0,271,0
Arkansas,2022,38,6,0,628,6
California,2022,38,133,2,6188,135
Colorado,2022,38,2,0,1601,2
Connecticut,2022,38,5,0,1633,5
Florida,2022,38,2,0,417,2
Georgia,2022,38,163,15,1646,178
Illinois,2022,38,1,0,355,1
Indiana,2022,38,1,0,343,1
Iowa,2022,38,0,0,899,0
Kansas,2022,38,0,0,175,0
Kentucky,2022,38,9,0,2633,9
Louisiana,2022,38,21,3,262,24
Maryland,2022,38,3,0,606,3
Massachusetts,2022,38,13,0,1891,13
Michigan,2022,38,0,0,1259,0
Minnesota,2022,38,6,1,1377,7
Mississippi,2022,38,2,12,114,14
Missouri,2022,38,2,1,2530,3
Montana,2022,38,0,0,511,0
Nebraska,2022,38,1,0,389,1
New Mexico,2022,38,8,0,4170,8
New York,2022,38,20,0,5574,20
Ohio,2022,38,38,3,4609,41
Oklahoma,2022,38,0,0,399,0
Oregon,2022,38,7,0,3424,7
Pennsylvania,2022,38,1,0,1191,1
South Carolina,2022,38,29,1,1365,30
South Dakota,2022,38,0,0,75,0
Tennessee,2022,38,1,0,59,1
Texas,2022,38,204,11,6976,215
Vermont,2022,38,0,0,273,0
Virginia,2022,38,5,0,1133,5
Washington,2022,38,10,1,2387,11
West Virginia,2022,38,10,0,1359,10
Wisconsin,2022,38,27,11,5690,38
Alabama,2022,39,18,0,367,18
Arizona,2022,39,0,0,304,0
Arkansas,2022,39,25,1,661,26
California,2022,39,218,0,7345,218
Colorado,2022,39,0,0,1365,0
Connecticut,2022,39,7,0,1678,7
Florida,2022,39,2,0,296,2
Georgia,2022,39,295,19,1730,314
Illinois,2022,39,0,0,401,0
Indiana,2022,39,0,0,294,0
Iowa,2022,39,1,0,517,1
Kansas,2022,39,0,0,195,0
Kentucky,2022,39,1,0,985,1
Louisiana,2022,39,32,2,253,34
Maryland,2022,39,7,0,658,7
Massachusetts,2022,39,10,0,1992,10
Michigan,2022,39,0,0,852,0
Minnesota,2022,39,11,1,1420,12
Mississippi,2022,39,2,6,116,8
Missouri,2022,39,4,1,2616,5
Montana,2022,39,1,0,525,1
Nebraska,2022,39,1,0,434,1
New Mexico,2022,39,12,1,4046,13
New York,2022,39,16,2,5776,18
Ohio,2022,39,32,4,4398,36
Oklahoma,2022,39,3,0,371,3
Oregon,2022,39,24,3,5364,27
Pennsylvania,2022,39,9,0,1205,9
South Carolina,2022,39,46,3,1245,49
South Dakota,2022,39,0,0,83,0
Tennessee,2022,39,0,0,78,0
Texas,2022,39,332,13,7436,345
Vermont,2022,39,0,0,330,0
Virginia,2022,39,8,0,1228,8
Washington,2022,39,22,1,2525,23
West Virginia,2022,39,16,0,1114,16
Wisconsin,2022,39,34,20,4764,54
Wyoming,2022,39,1,0,11,1
Alabama,2022,40,39,0,283,39
Arizona,2022,40,0,0,385,0
Arkansas,2022,40,34,1,568,35
California,2022,40,290,4,10135,294
Colorado,2022,40,2,0,1416,2
Connecticut,2022,40,14,0,1784,14
Florida,2022,40,3,0,339,3
Georgia,2022,40,480,24,2319,504
Idaho,2022,40,0,1,16,1
Illinois,2022,40,5,0,494,5
Indiana,2022,40,3,0,426,3
Iowa,2022,40,4,4,1698,8
Kansas,2022,40,0,0,173,0
Kentucky,2022,40,7,1,1020,8
Louisiana,2022,40,41,3,278,44
Maryland,2022,40,6,0,711,6
Massachusetts,2022,40,15,0,2362,15
Michigan,2022,40,1,0,725,1
Minnesota,2022,40,17,3,1621,20
Mississippi,2022,40,3,12,117,15
Missouri,2022,40,11,0,2614,11
Montana,2022,40,0,0,523,0
Nebraska,2022,40,13,7,1969,20
New Mexico,2022,40,15,0,4055,15
New York,2022,40,22,1,6126,23
North Carolina,2022,40,26,1,1687,27
Ohio,2022,40,62,8,4881,70
Oklahoma,2022,40,4,0,346,4
Oregon,2022,40,20,2,4216,22
Pennsylvania,2022,40,5,0,881,5
South Carolina,2022,40,61,0,1704,61
South Dakota,2022,40,1,0,78,1
Tennessee,2022,40,0,0,84,0
Texas,2022,40,586,18,7546,604
Vermont,2022,40,1,0,356,1
Virginia,2022,40,8,1,1510,9
Washington,2022,40,23,0,2070,23
West Virginia,2022,40,48,0,1438,48
Wisconsin,2022,40,39,11,5829,50
Alabama,2022,41,90,0,392,90
Arizona,2022,41,2,0,388,2
Arkansas,2022,41,64,0,633,64
California,2022,41,431,2,11556,433
Colorado,2022,41,8,1,1347,9
Connecticut,2022,41,16,0,1982,16
Florida,2022,41,7,1,355,8
Georgia,2022,41,391,20,1686,411
Idaho,2022,41,0,1,17,1
Illinois,2022,41,11,0,574,11
Indiana,2022,41,3,0,417,3
Iowa,2022,41,3,0,1596,3
Kansas,2022,41,0,0,118,0
Kentucky,2022,41,28,1,1131,29
Louisiana,2022,41,51,1,325,52
Maryland,2022,41,10,0,752,10
Massachusetts,2022,41,16,2,2388,18
Michigan,2022,41,1,0,806,1
Minnesota,2022,41,22,1,1606,23
Mississippi,2022,41,11,6,126,17
Missouri,2022,41,23,0,2836,23
Montana,2022,41,3,1,463,4
Nebraska,2022,41,12,3,2020,15
New Mexico,2022,41,12,1,7789,13
New York,2022,41,48,1,6531,49
North Carolina,2022,41,60,0,1950,60
Ohio,2022,41,147,6,5438,153
Oklahoma,2022,41,8,0,414,8
Oregon,2022,41,22,1,4481,23
Pennsylvania,2022,41,12,0,1011,12
South Carolina,2022,41,118,0,1845,118
South Dakota,2022,41,0,0,75,0
Tennessee,2022,41,3,2,113,5
Texas,2022,41,1003,19,8315,1022
Vermont,2022,41,3,0,126,3
Virginia,2022,41,28,0,1624,28
Washington,2022,41,17,3,2240,20
West Virginia,2022,41,101,0,1606,101
Wisconsin,2022,41,79,11,7368,90
Alabama,2022,42,139,0,491,139
Arizona,2022,42,1,0,258,1
Arkansas,2022,42,129,4,757,133
California,2022,42,642,7,13448,649
Colorado,2022,42,21,2,1266,23
Connecticut,2022,42,34,1,2053,35
Florida,2022,42,8,3,353,11
Georgia,2022,42,705,12,3000,717
Idaho,2022,42,0,1,173,1
Illinois,2022,42,21,0,712,21
Indiana,2022,42,7,0,455,7
Iowa,2022,42,12,6,1707,18
Kansas,2022,42,4,0,240,4
Kentucky,2022,42,54,1,1265,55
Louisiana,2022,42,74,3,337,77
Maryland,2022,42,24,0,819,24
Massachusetts,2022,42,25,1,2635,26
Michigan,2022,42,3,0,854,3
Minnesota,2022,42,109,0,1745,109
Mississippi,2022,42,45,3,202,48
Missouri,2022,42,60,2,3049,62
Montana,2022,42,7,0,539,7
Nebraska,2022,42,25,2,2168,27
New Mexico,2022,42,14,2,3527,16
New York,2022,42,94,1,7009,95
North Carolina,2022,42,171,0,2208,171
Ohio,2022,42,300,2,6501,302
Oklahoma,2022,42,16,0,433,16
Oregon,2022,42,20,3,4768,23
Pennsylvania,2022,42,29,0,1142,29
South Carolina,2022,42,249,1,1965,250
South Dakota,2022,42,0,0,98,0
Tennessee,2022,42,5,2,98,7
Texas,2022,42,1466,22,9533,1488
Vermont,2022,42,2,0,332,2
Virginia,2022,42,64,0,1747,64
Washington,2022,42,79,3,3252,82
West Virginia,2022,42,171,0,1857,171
Wisconsin,2022,42,126,16,8363,142
Wyoming,2022,42,1,0,13,1
Alabama,2022,43,291,0,827,291
Arizona,2022,43,0,0,381,0
Arkansas,2022,43,307,3,914,310
California,2022,43,1016,6,17583,1022
Colorado,2022,43,36,0,1565,36
Connecticut,2022,43,81,2,2436,83
Florida,2022,43,13,4,502,17
Georgia,2022,43,618,11,3148,629
Idaho,2022,43,2,0,224,2
Illinois,2022,43,38,1,828,39
Indiana,2022,43,34,0,516,34
Iowa,2022,43,27,8,1751,35
Kansas,2022,43,4,0,253,4
Kentucky,2022,43,136,1,1483,137
Louisiana,2022,43,121,1,387,122
Maryland,2022,43,93,0,869,93
Massachusetts,2022,43,39,2,2835,41
Michigan,2022,43,5,0,880,5
Minnesota,2022,43,227,0,2110,227
Mississippi,2022,43,58,20,279,78
Missouri,2022,43,166,1,3329,167
Montana,2022,43,9,0,520,9
Nebraska,2022,43,73,4,1956,77
New Mexico,2022,43,56,3,5485,59
New York,2022,43,294,1,7678,295
North Carolina,2022,43,420,0,3301,420
Ohio,2022,43,631,4,7102,635
Oklahoma,2022,43,18,0,444,18
Oregon,2022,43,81,5,4874,86
Pennsylvania,2022,43,101,0,1455,101
South Carolina,2022,43,527,0,2474,527
South Dakota,2022,43,1,0,89,1
Tennessee,2022,43,6,2,108,8
Texas,2022,43,2535,17,11116,2552
Vermont,2022,43,3,0,405,3
Virginia,2022,43,208,1,2087,209
Washington,2022,43,167,5,3882,172
West Virginia,2022,43,404,0,2130,404
Wisconsin,2022,43,356,8,10241,364
Wyoming,2022,43,4,0,22,4
Alabama,2022,44,222,0,831,222
Arizona,2022,44,7,0,430,7
Arkansas,2022,44,347,1,1027,348
California,2022,44,2103,8,19545,2111
Colorado,2022,44,114,1,1993,115
Connecticut,2022,44,185,0,2608,185
Florida,2022,44,30,2,575,32
Georgia,2022,44,1121,10,4689,1131
Idaho,2022,44,13,0,217,13
Illinois,2022,44,119,0,1024,119
Indiana,2022,44,58,0,556,58
Iowa,2022,44,107,13,2751,120
Kansas,2022,44,8,0,303,8
Kentucky,2022,44,440,3,1898,443
Louisiana,2022,44,112,3,438,115
Maryland,2022,44,202,0,1052,202
Massachusetts,2022,44,102,2,3176,104
Michigan,2022,44,10,0,908,10
Minnesota,2022,44,695,1,2525,696
Mississippi,2022,44,93,27,361,120
Missouri,2022,44,294,1,3430,295
Montana,2022,44,48,2,678,50
Nebraska,2022,44,211,1,2626,212
New Mexico,2022,44,178,3,6132,181
New York,2022,44,568,3,8504,571
North Carolina,2022,44,709,1,3901,710
Ohio,2022,44,1176,17,8177,1193
Oklahoma,2022,44,56,0,507,56
Oregon,2022,44,238,5,5778,243
Pennsylvania,2022,44,200,1,1689,201
South Carolina,2022,44,724,1,2847,725
South Dakota,2022,44,2,0,88,2
Tennessee,2022,44,30,1,148,31
Texas,2022,44,3948,17,13841,3965
Vermont,2022,44,6,0,474,6
Virginia,2022,44,460,1,2565,461
Washington,2022,44,416,3,4962,419
West Virginia,2022,44,531,0,2375,531
Wisconsin,2022,44,753,14,12742,767
Wyoming,2022,44,15,0,47,15
Alabama,2022,45,148,0,682,148
Arizona,2022,45,34,0,564,34
Arkansas,2022,45,367,2,1003,369
California,2022,45,3714,12,25013,3726
Colorado,2022,45,171,1,2270,172
Connecticut,2022,45,303,0,2816,303
Florida,2022,45,55,0,551,55
Georgia,2022,45,746,26,3984,772
Idaho,2022,45,38,1,330,39
Illinois,2022,45,223,0,1181,223
Indiana,2022,45,61,0,556,61
Iowa,2022,45,223,8,3102,231
Kansas,2022,45,27,0,333,27
Kentucky,2022,45,357,3,1774,360
Louisiana,2022,45,58,0,329,58
Maryland,2022,45,217,0,1096,217
Massachusetts,2022,45,135,2,3317,137
Michigan,2022,45,10,0,930,10
Minnesota,2022,45,1089,2,2917,1091
Mississippi,2022,45,80,35,328,115
Missouri,2022,45,399,0,3775,399
Montana,2022,45,161,0,817,161
Nebraska,2022,45,284,4,2525,288
New Mexico,2022,45,299,5,6724,304
New York,2022,45,1022,5,9557,1027
North Carolina,2022,45,680,1,3750,681
Ohio,2022,45,1466,14,8473,1480
Oklahoma,2022,45,64,0,436,64
Oregon,2022,45,600,9,6715,609
Pennsylvania,2022,45,272,0,1652,272
South Carolina,2022,45,549,0,2525,549
South Dakota,2022,45,5,0,101,5
Tennessee,2022,45,45,1,190,46
Texas,2022,45,4094,18,14738,4112
Vermont,2022,45,23,0,505,23
Virginia,2022,45,541,1,2611,542
Washington,2022,45,973,3,6381,976
West Virginia,2022,45,451,0,2132,451
Wisconsin,2022,45,1094,29,13395,1123
Wyoming,2022,45,21,0,51,21
Alabama,2022,46,89,1,484,90
Arizona,2022,46,43,0,593,43
Arkansas,2022,46,265,5,892,270
California,2022,46,5244,11,29439,5255
Colorado,2022,46,446,0,2972,446
Connecticut,2022,46,458,0,2888,458
Florida,2022,46,53,1,532,54
Georgia,2022,46,394,12,2919,406
Idaho,2022,46,74,0,441,74
Illinois,2022,46,348,2,1307,350
Indiana,2022,46,89,0,622,89
Iowa,2022,46,422,9,3434,431
Kansas,2022,46,28,0,369,28
Kentucky,2022,46,321,0,1563,321
Louisiana,2022,46,45,3,323,48
Maryland,2022,46,210,1,1068,211
Massachusetts,2022,46,317,2,4115,319
Michigan,2022,46,31,0,854,31
Minnesota,2022,46,1225,2,2920,1227
Mississippi,2022,46,106,38,376,144
Missouri,2022,46,657,2,3945,659
Montana,2022,46,210,2,999,212
Nebraska,2022,46,673,7,3333,680
New Mexico,2022,46,693,2,7360,695
New York,2022,46,1456,1,9692,1457
North Carolina,2022,46,602,1,3436,603
Ohio,2022,46,2419,11,10152,2430
Oklahoma,2022,46,112,0,562,112
Oregon,2022,46,1275,4,8210,1279
Pennsylvania,2022,46,401,2,1699,403
South Carolina,2022,46,324,0,2288,324
South Dakota,2022,46,1,0,94,1
Tennessee,2022,46,40,3,177,43
Texas,2022,46,3868,19,14672,3887
Vermont,2022,46,26,1,501,27
Virginia,2022,46,541,2,2477,543
Washington,2022,46,1887,2,7118,1889
West Virginia,2022,46,379,0,1999,379
Wisconsin,2022,46,2536,43,15395,2579
Wyoming,2022,46,30,0,90,30
Alabama,2022,47,82,0,394,82
Arizona,2022,47,66,1,617,67
Arkansas,2022,47,278,1,876,279
California,2022,47,5935,6,26633,5941
Colorado,2022,47,567,1,3014,568
Connecticut,2022,47,1205,0,3627,1205
Florida,2022,47,46,2,507,48
Georgia,2022,47,337,7,2719,344
Idaho,2022,47,176,2,664,178
Illinois,2022,47,423,4,1246,427
Indiana,2022,47,198,1,756,199
Iowa,2022,47,796,7,3886,803
Kansas,2022,47,124,0,488,124
Kentucky,2022,47,452,2,1696,454
Louisiana,2022,47,39,3,330,42
Maryland,2022,47,230,1,1076,231
Massachusetts,2022,47,629,2,4237,631
Michigan,2022,47,62,0,884,62
Minnesota,2022,47,1061,3,2308,1064
Mississippi,2022,47,117,48,477,165
Missouri,2022,47,1429,1,4654,1430
Montana,2022,47,324,1,1203,325
Nebraska,2022,47,889,5,2766,894
New Mexico,2022,47,1433,4,7408,1437
New York,2022,47,2478,2,9797,2480
North Carolina,2022,47,946,0,4224,946
Ohio,2022,47,2875,13,8853,2888
Oklahoma,2022,47,214,0,637,214
Oregon,2022,47,2825,13,9688,2838
Pennsylvania,2022,47,777,2,2050,779
South Carolina,2022,47,353,0,2115,353
South Dakota,2022,47,5,0,95,5
Tennessee,2022,47,132,2,340,134
Texas,2022,47,3775,20,12839,3795
Vermont,2022,47,96,2,647,98
Virginia,2022,47,627,3,2250,630
Washington,2022,47,2319,2,6415,2321
West Virginia,2022,47,418,0,1865,418
Wisconsin,2022,47,5055,13,18261,5068
Wyoming,2022,47,7,0,31,7
Alabama,2022,48,61,0,503,61
Arizona,2022,48,102,1,627,103
Arkansas,2022,48,248,1,892,249
California,2022,48,7513,12,33676,7525
Colorado,2022,48,693,1,3007,694
Connecticut,2022,48,1716,2,4684,1718
Florida,2022,48,53,0,552,53
Georgia,2022,48,148,11,1902,159
Idaho,2022,48,219,4,709,223
Illinois,2022,48,478,1,1644,479
Indiana,2022,48,221,0,910,221
Iowa,2022,48,1316,11,5437,1327
Kansas,2022,48,154,0,418,154
Kentucky,2022,48,443,0,1760,443
Louisiana,2022,48,26,3,367,29
Maryland,2022,48,237,0,1333,237
Massachusetts,2022,48,1126,2,5676,1128
Michigan,2022,48,97,0,963,97
Minnesota,2022,48,1196,2,3674,1198
Mississippi,2022,48,70,31,344,101
Missouri,2022,48,1679,3,5739,1682
Montana,2022,48,396,1,1438,397
Nebraska,2022,48,1036,7,3427,1043
New Mexico,2022,48,2168,2,8833,2170
New York,2022,48,3274,1,12228,3275
North Carolina,2022,48,894,1,4661,895
Ohio,2022,48,4131,6,12625,4137
Oklahoma,2022,48,202,0,698,202
Oregon,2022,48,3283,9,11834,3292
Pennsylvania,2022,48,934,1,2339,935
South Carolina,2022,48,319,0,2385,319
South Dakota,2022,48,13,0,95,13
Tennessee,2022,48,104,5,372,109
Texas,2022,48,2793,28,13345,2821
Vermont,2022,48,168,1,807,169
Virginia,2022,48,594,1,2804,595
Washington,2022,48,2630,1,8296,2631
West Virginia,2022,48,472,0,2263,472
Wisconsin,2022,48,6558,17,22142,6575
Wyoming,2022,48,15,0,45,15
Alabama,2022,49,26,1,414,27
Arizona,2022,49,91,0,566,91
Arkansas,2022,49,211,3,804,214
California,2022,49,6520,10,29845,6530
Colorado,2022,49,770,5,2992,775
Connecticut,2022,49,1310,0,4139,1310
Florida,2022,49,73,1,638,74
Georgia,2022,49,94,5,1702,99
Idaho,2022,49,225,5,736,230
Illinois,2022,49,468,8,1681,476
Indiana,2022,49,184,1,773,185
Iowa,2022,49,1864,6,5668,1870
Kansas,2022,49,138,0,720,138
Kentucky,2022,49,279,0,1583,279
Louisiana,2022,49,30,3,326,33
Maryland,2022,49,161,1,1035,162
Massachusetts,2022,49,1385,3,5464,1388
Michigan,2022,49,150,0,985,150
Minnesota,2022,49,689,4,2986,693
Mississippi,2022,49,37,32,299,69
Missouri,2022,49,1550,0,5377,1550
Montana,2022,49,362,0,1400,362
Nebraska,2022,49,1546,6,4185,1552
New Mexico,2022,49,3115,10,9165,3125
New York,2022,49,3103,5,11621,3108
North Carolina,2022,49,662,0,4271,662
Ohio,2022,49,3686,10,11217,3696
Oklahoma,2022,49,233,1,753,234
Oregon,2022,49,3163,5,10467,3168
Pennsylvania,2022,49,858,2,2305,860
South Carolina,2022,49,210,0,2404,210
South Dakota,2022,49,20,0,107,20
Tennessee,2022,49,43,0,237,43
Texas,2022,49,2536,39,12854,2575
Vermont,2022,49,246,0,729,246
Virginia,2022,49,439,1,2446,440
Washington,2022,49,2020,7,7569,2027
West Virginia,2022,49,290,0,1938,290
Wisconsin,2022,49,7913,25,23758,7938
Wyoming,2022,49,5,0,24,5
Alabama,2022,50,13,0,500,13
Arizona,2022,50,84,0,541,84
Arkansas,2022,50,144,9,791,153
California,2022,50,5080,7,26737,5087
Colorado,2022,50,752,3,3059,755
Connecticut,2022,50,917,1,3618,918
Florida,2022,50,92,2,693,94
Georgia,2022,50,63,11,1478,74
Idaho,2022,50,229,7,773,236
Illinois,2022,50,307,3,1354,310
Indiana,2022,50,148,0,660,148
Iowa,2022,50,2276,10,6136,2286
Kansas,2022,50,139,0,433,139
Kentucky,2022,50,160,0,1348,160
Louisiana,2022,50,16,0,307,16
Maryland,2022,50,117,1,976,118
Massachusetts,2022,50,1420,9,5596,1429
Michigan,2022,50,248,0,1178,248
Minnesota,2022,50,380,2,2250,382
Mississippi,2022,50,18,24,250,42
Missouri,2022,50,892,0,3167,892
Montana,2022,50,416,1,1540,417
Nebraska,2022,50,1773,15,4451,1788
New Mexico,2022,50,3056,14,8671,3070
New York,2022,50,2735,2,11231,2737
North Carolina,2022,50,440,1,4216,441
Ohio,2022,50,3716,14,12228,3730
Oklahoma,2022,50,174,0,674,174
Oregon,2022,50,2212,3,8261,2215
Pennsylvania,2022,50,660,1,2227,661
South Carolina,2022,50,43,0,2260,43
South Dakota,2022,50,21,0,95,21
Tennessee,2022,50,22,2,146,24
Texas,2022,50,1645,42,11143,1687
Vermont,2022,50,348,5,987,353
Virginia,2022,50,239,0,2257,239
Washington,2022,50,1425,1,6767,1426
West Virginia,2022,50,259,0,1997,259
Wisconsin,2022,50,8638,23,25503,8661
Wyoming,2022,50,2,0,20,2
Alabama,2022,51,10,0,474,10
Arizona,2022,51,62,0,494,62
Arkansas,2022,51,69,3,608,72
California,2022,51,4274,6,24696,4280
Colorado,2022,51,549,4,2489,553
Connecticut,2022,51,694,4,3673,698
Florida,2022,51,95,1,636,96
Georgia,2022,51,75,7,1603,82
Idaho,2022,51,204,2,656,206
Illinois,2022,51,157,1,925,158
Indiana,2022,51,116,0,609,116
Iowa,2022,51,1586,4,4427,1590
Kansas,2022,51,88,0,399,88
Kentucky,2022,51,109,0,1227,109
Louisiana,2022,51,17,0,229,17
Maryland,2022,51,64,0,906,64
Massachusetts,2022,51,1333,10,5331,1343
Michigan,2022,51,238,0,1114,238
Minnesota,2022,51,264,1,2151,265
Mississippi,2022,51,6,17,209,23
Missouri,2022,51,776,0,3928,776
Montana,2022,51,306,3,1375,309
Nebraska,2022,51,1197,4,3433,1201
New Mexico,2022,51,2436,6,7629,2442
New York,2022,51,2062,3,9918,2065
North Carolina,2022,51,304,1,3667,305
Ohio,2022,51,2346,4,8789,2350
Oklahoma,2022,51,127,0,590,127
Oregon,2022,51,1889,4,8476,1893
Pennsylvania,2022,51,424,0,1750,424
South Carolina,2022,51,123,0,2222,123
South Dakota,2022,51,14,0,76,14
Tennessee,2022,51,23,5,135,28
Texas,2022,51,1273,24,10638,1297
Vermont,2022,51,207,0,726,207
Virginia,2022,51,149,1,1925,150
Washington,2022,51,909,2,5772,911
West Virginia,2022,51,140,0,1690,140
Wisconsin,2022,51,5886,23,19444,5909
Wyoming,2022,51,6,0,21,6
Alabama,2022,52,20,0,495,20
Arizona,2022,52,62,0,482,62
Arkansas,2022,52,56,3,676,59
California,2022,52,2654,13,20851,2667
Colorado,2022,52,466,5,2513,471
Connecticut,2022,52,417,6,3223,423
Florida,2022,52,73,5,670,78
Georgia,2022,52,54,10,1719,64
Idaho,2022,52,207,0,712,207
Illinois,2022,52,102,0,895,102
Indiana,2022,52,77,0,588,77
Iowa,2022,52,986,7,3782,993
Kansas,2022,52,70,0,374,70
Kentucky,2022,52,55,0,1194,55
Louisiana,2022,52,11,0,230,11
Maryland,2022,52,47,0,746,47
Massachusetts,2022,52,865,4,4879,869
Michigan,2022,52,192,0,1086,192
Minnesota,2022,52,129,2,1895,131
Mississippi,2022,52,11,30,296,41
Missouri,2022,52,620,2,4049,622
Montana,2022,52,233,1,1273,234
Nebraska,2022,52,647,9,2774,656
New Mexico,2022,52,1526,8,6936,1534
New York,2022,52,1243,4,8442,1247
North Carolina,2022,52,324,1,4183,325
Ohio,2022,52,1269,7,7032,1276
Oklahoma,2022,52,115,0,643,115
Oregon,2022,52,1148,2,7612,1150
Pennsylvania,2022,52,284,0,1546,284
South Carolina,2022,52,114,0,2352,114
South Dakota,2022,52,8,0,77,8
Tennessee,2022,52,18,0,156,18
Texas,2022,52,1024,27,10647,1051
Vermont,2022,52,182,0,903,182
Virginia,2022,52,119,0,2080,119
Washington,2022,52,577,5,5897,582
West Virginia,2022,52,202,1,1874,203
Wisconsin,2022,52,3645,15,16554,3660
Wyoming,2022,52,7,0,17,7
Alabama,2023,1,15,0,420,15
Arizona,2023,1,32,0,450,32
Arkansas,2023,1,21,2,478,23
California,2023,1,1151,7,16490,1158
Colorado,2023,1,235,4,2020,239
Connecticut,2023,1,198,3,2980,201
Florida,2023,1,66,5,733,71
Georgia,2023,1,48,17,1486,65
Idaho,2023,1,76,1,526,77
Illinois,2023,1,45,0,1047,45
Indiana,2023,1,31,0,553,31
Iowa,2023,1,443,7,2850,450
Kansas,2023,1,20,0,330,20
Kentucky,2023,1,40,0,1232,40
Louisiana,2023,1,10,0,244,10
Maryland,2023,1,45,0,986,45
Massachusetts,2023,1,482,16,4426,498
Michigan,2023,1,103,0,1011,103
Minnesota,2023,1,59,1,1285,60
Mississippi,2023,1,4,6,249,10
Missouri,2023,1,330,0,3549,330
Montana,2023,1,155,0,1034,155
Nebraska,2023,1,313,4,2203,317
New Mexico,2023,1,717,7,6048,724
New York,2023,1,713,6,8469,719
North Carolina,2023,1,181,1,3917,182
Ohio,2023,1,559,4,5840,563
Oklahoma,2023,1,64,0,530,64
Oregon,2023,1,371,1,6086,372
Pennsylvania,2023,1,155,0,1692,155
South Carolina,2023,1,75,4,2257,79
South Dakota,2023,1,1,0,36,1
Tennessee,2023,1,7,2,154,9
Texas,2023,1,646,31,10181,677
Vermont,2023,1,84,1,711,85
Virginia,2023,1,74,0,2151,74
Washington,2023,1,276,3,5331,279
West Virginia,2023,1,90,0,1815,90
Wisconsin,2023,1,1970,15,14784,1985
Wyoming,2023,1,3,0,21,3
Alabama,2023,2,9,0,438,9
Arizona,2023,2,17,0,326,17
Arkansas,2023,2,20,3,512,23
California,2023,2,506,9,14774,515
Colorado,2023,2,121,2,1717,123
Connecticut,2023,2,86,4,2693,90
Florida,2023,2,51,3,622,54
Georgia,2023,2,63,14,1802,77
Idaho,2023,2,42,1,406,43
Illinois,2023,2,25,0,742,25
Indiana,2023,2,9,0,437,9
Iowa,2023,2,261,9,2794,270
Kansas,2023,2,17,0,304,17
Kentucky,2023,2,9,2,1124,11
Louisiana,2023,2,7,0,225,7
Maryland,2023,2,24,0,815,24
Massachusetts,2023,2,207,20,4076,227
Michigan,2023,2,42,0,861,42
Minnesota,2023,2,35,2,1161,37
Mississippi,2023,2,8,3,220,11
Missouri,2023,2,119,2,3114,121
Montana,2023,2,80,0,806,80
Nebraska,2023,2,187,11,2095,198
New Mexico,2023,2,237,4,5182,241
New York,2023,2,270,11,7869,281
North Carolina,2023,2,93,0,3143,93
Ohio,2023,2,243,9,5816,252
Oklahoma,2023,2,34,0,478,34
Oregon,2023,2,191,2,5818,193
Pennsylvania,2023,2,54,1,1410,55
South Carolina,2023,2,36,0,2043,36
South Dakota,2023,2,5,0,63,5
Tennessee,2023,2,3,2,100,5
Texas,2023,2,414,22,8606,436
Vermont,2023,2,29,0,463,29
Virginia,2023,2,24,3,1981,27
Washington,2023,2,122,2,5182,124
West Virginia,2023,2,27,0,1465,27
Wisconsin,2023,2,927,9,12182,936
Wyoming,2023,2,2,0,10,2
Alabama,2023,3,11,1,407,12
Arizona,2023,3,8,0,236,8
Arkansas,2023,3,15,3,454,18
California,2023,3,234,13,12585,247
Colorado,2023,3,80,4,1598,84
Connecticut,2023,3,46,3,2355,49
Florida,2023,3,27,2,529,29
Georgia,2023,3,31,1,1029,32
Idaho,2023,3,27,1,358,28
Illinois,2023,3,8,1,668,9
Indiana,2023,3,4,0,441,4
Iowa,2023,3,138,11,2380,149
Kansas,2023,3,10,0,299,10
Kentucky,2023,3,11,0,1132,11
Louisiana,2023,3,8,0,198,8
Maryland,2023,3,15,1,815,16
Massachusetts,2023,3,128,27,3706,155
Michigan,2023,3,27,0,749,27
Minnesota,2023,3,37,5,1717,42
Mississippi,2023,3,3,10,193,13
Missouri,2023,3,94,1,3075,95
Montana,2023,3,57,3,794,60
Nebraska,2023,3,110,3,1888,113
New Mexico,2023,3,123,4,4834,127
New York,2023,3,143,10,6930,153
North Carolina,2023,3,88,2,2991,90
Ohio,2023,3,156,5,4647,161
Oklahoma,2023,3,23,0,492,23
Oregon,2023,3,88,0,5075,88
Pennsylvania,2023,3,34,0,1488,34
South Carolina,2023,3,33,2,1858,35
South Dakota,2023,3,1,0,53,1
Tennessee,2023,3,0,1,97,1
Texas,2023,3,282,22,15704,304
Vermont,2023,3,28,0,425,28
Virginia,2023,3,25,0,1777,25
Washington,2023,3,72,4,4645,76
West Virginia,2023,3,21,0,1403,21
Wisconsin,2023,3,585,18,11458,603
Wyoming,2023,3,4,0,11,4
Alabama,2023,4,12,0,476,12
Arizona,2023,4,3,0,260,3
Arkansas,2023,4,14,1,486,15
California,2023,4,177,14,13356,191
Colorado,2023,4,55,2,1510,57
Connecticut,2023,4,15,5,2220,20
Florida,2023,4,21,4,521,25
Georgia,2023,4,29,12,1661,41
Idaho,2023,4,7,1,329,8
Illinois,2023,4,9,2,693,11
Indiana,2023,4,4,0,416,4
Iowa,2023,4,86,10,2362,96
Kansas,2023,4,11,0,305,11
Kentucky,2023,4,4,0,1183,4
Louisiana,2023,4,4,0,205,4
Maryland,2023,4,11,0,844,11
Massachusetts,2023,4,88,12,3868,100
Michigan,2023,4,19,1,761,20
Minnesota,2023,4,24,8,1793,32
Mississippi,2023,4,2,3,174,5
Missouri,2023,4,39,1,3001,40
Montana,2023,4,33,0,711,33
Nebraska,2023,4,77,8,1802,85
New Mexico,2023,4,57,5,5096,62
New York,2023,4,70,22,7138,92
North Carolina,2023,4,55,1,2981,56
Ohio,2023,4,91,9,4636,100
Oklahoma,2023,4,15,0,434,15
Oregon,2023,4,56,1,4120,57
Pennsylvania,2023,4,26,0,1465,26
South Carolina,2023,4,34,5,1900,39
South Dakota,2023,4,0,0,70,0
Tennessee,2023,4,1,1,91,2
Texas,2023,4,240,22,8678,262
Vermont,2023,4,10,2,566,12
Virginia,2023,4,17,0,1875,17
Washington,2023,4,32,0,4500,32
West Virginia,2023,4,31,0,1341,31
Wisconsin,2023,4,334,15,10890,349
Wyoming,2023,4,0,0,10,0
Alabama,2023,5,4,0,452,4
Arizona,2023,5,3,0,214,3
Arkansas,2023,5,20,3,421,23
California,2023,5,141,18,13516,159
Colorado,2023,5,35,5,1534,40
Connecticut,2023,5,12,5,2195,17
Florida,2023,5,26,3,566,29
Georgia,2023,5,49,17,1507,66
Idaho,2023,5,11,0,363,11
Illinois,2023,5,3,1,728,4
Indiana,2023,5,2,0,425,2
Iowa,2023,5,51,11,2308,62
Kansas,2023,5,5,0,288,5
Kentucky,2023,5,2,3,1180,5
Louisiana,2023,5,5,0,207,5
Maryland,2023,5,8,0,682,8
Massachusetts,2023,5,54,7,3530,61
Michigan,2023,5,17,0,681,17
Minnesota,2023,5,19,4,1728,23
Mississippi,2023,5,2,6,195,8
Missouri,2023,5,24,2,2554,26
Montana,2023,5,14,1,681,15
Nebraska,2023,5,40,7,1718,47
New Mexico,2023,5,36,7,5214,43
New York,2023,5,44,18,7085,62
North Carolina,2023,5,59,0,2905,59
Ohio,2023,5,66,11,4760,77
Oklahoma,2023,5,11,0,979,11
Oregon,2023,5,38,0,4223,38
Pennsylvania,2023,5,9,0,1433,9
South Carolina,2023,5,17,2,1883,19
South Dakota,2023,5,2,0,66,2
Tennessee,2023,5,0,1,86,1
Texas,2023,5,181,49,7253,230
Vermont,2023,5,4,0,392,4
Virginia,2023,5,20,2,1897,22
Washington,2023,5,24,0,4668,24
West Virginia,2023,5,29,1,1385,30
Wisconsin,2023,5,215,8,10165,223
Alabama,2023,6,7,0,420,7
Arizona,2023,6,5,0,276,5
Arkansas,2023,6,9,1,404,10
California,2023,6,130,16,13819,146
Colorado,2023,6,26,4,1605,30
Connecticut,2023,6,15,2,2134,17
Florida,2023,6,16,2,512,18
Georgia,2023,6,30,18,1938,48
Idaho,2023,6,7,0,363,7
Illinois,2023,6,4,2,799,6
Indiana,2023,6,2,0,470,2
Iowa,2023,6,28,17,2352,45
Kansas,2023,6,3,0,285,3
Kentucky,2023,6,6,4,1321,10
Louisiana,2023,6,2,0,206,2
Maryland,2023,6,4,0,758,4
Massachusetts,2023,6,38,11,3746,49
Michigan,2023,6,22,0,818,22
Minnesota,2023,6,9,7,1729,16
Mississippi,2023,6,1,7,191,8
Missouri,2023,6,7,1,2733,8
Montana,2023,6,8,2,723,10
Nebraska,2023,6,35,8,1852,43
New Mexico,2023,6,20,12,5485,32
New York,2023,6,43,36,7464,79
North Carolina,2023,6,50,2,3091,52
Ohio,2023,6,67,5,5225,72
Oklahoma,2023,6,5,0,415,5
Oregon,2023,6,31,3,5162,34
Pennsylvania,2023,6,6,2,1373,8
South Carolina,2023,6,14,4,1831,18
South Dakota,2023,6,5,0,59,5
Tennessee,2023,6,0,0,90,0
Texas,2023,6,123,52,7646,175
Vermont,2023,6,7,1,384,8
Virginia,2023,6,17,2,1981,19
Washington,2023,6,29,2,4793,31
West Virginia,2023,6,21,1,1537,22
Wisconsin,2023,6,188,32,9739,220
Wyoming,2023,6,2,0,13,2
Alabama,2023,7,6,1,391,7
Arizona,2023,7,4,0,284,4
Arkansas,2023,7,11,2,413,13
California,2023,7,80,13,13344,93
Colorado,2023,7,18,10,1602,28
Connecticut,2023,7,5,5,2132,10
Florida,2023,7,11,2,532,13
Georgia,2023,7,19,20,1702,39
Idaho,2023,7,2,0,352,2
Illinois,2023,7,5,2,731,7
Indiana,2023,7,3,0,398,3
Iowa,2023,7,23,17,2187,40
Kansas,2023,7,1,0,243,1
Kentucky,2023,7,5,11,1186,16
Louisiana,2023,7,0,0,192,0
Maryland,2023,7,7,0,762,7
Massachusetts,2023,7,31,25,3753,56
Michigan,2023,7,8,0,767,8
Minnesota,2023,7,8,8,1818,16
Mississippi,2023,7,0,6,183,6
Missouri,2023,7,12,1,2773,13
Montana,2023,7,12,0,718,12
Nebraska,2023,7,28,11,1868,39
New Mexico,2023,7,11,13,5333,24
New York,2023,7,36,25,7362,61
North Carolina,2023,7,17,5,2980,22
Ohio,2023,7,58,4,4968,62
Oklahoma,2023,7,1,0,410,1
Oregon,2023,7,22,6,4825,28
Pennsylvania,2023,7,14,1,1423,15
South Carolina,2023,7,20,6,1770,26
South Dakota,2023,7,0,2,62,2
Tennessee,2023,7,0,1,108,1
Texas,2023,7,116,30,6937,146
Vermont,2023,7,9,0,491,9
Virginia,2023,7,19,1,1776,20
Washington,2023,7,12,3,4539,15
West Virginia,2023,7,11,1,1428,12
Wisconsin,2023,7,92,23,8490,115
Wyoming,2023,7,0,0,11,0
Alabama,2023,8,2,0,435,2
Arizona,2023,8,2,1,307,3
Arkansas,2023,8,7,2,501,9
California,2023,8,74,21,12897,95
Colorado,2023,8,19,3,1610,22
Connecticut,2023,8,9,3,2012,12
Florida,2023,8,6,2,488,8
Georgia,2023,8,25,13,1542,38
Idaho,2023,8,4,0,303,4
Illinois,2023,8,5,4,753,9
Indiana,2023,8,2,0,354,2
Iowa,2023,8,12,13,2229,25
Kansas,2023,8,1,0,306,1
Kentucky,2023,8,3,7,1227,10
Louisiana,2023,8,5,0,198,5
Maryland,2023,8,1,0,640,1
Massachusetts,2023,8,32,19,3342,51
Michigan,2023,8,3,0,740,3
Minnesota,2023,8,4,2,1613,6
Mississippi,2023,8,0,9,169,9
Missouri,2023,8,8,2,2734,10
Montana,2023,8,7,0,713,7
Nebraska,2023,8,25,8,1903,33
New Mexico,2023,8,29,13,5433,42
New York,2023,8,39,22,6635,61
North Carolina,2023,8,23,1,2678,24
Ohio,2023,8,45,3,4680,48
Oklahoma,2023,8,0,0,324,0
Oregon,2023,8,11,4,3825,15
Pennsylvania,2023,8,6,2,1417,8
South Carolina,2023,8,15,4,1718,19
South Dakota,2023,8,0,0,62,0
Tennessee,2023,8,0,0,107,0
Texas,2023,8,101,33,7341,134
Vermont,2023,8,18,0,465,18
Virginia,2023,8,9,0,1595,9
Washington,2023,8,17,2,4417,19
West Virginia,2023,8,6,0,1431,6
Wisconsin,2023,8,81,15,8534,96
Alabama,2023,9,1,0,305,1
Arizona,2023,9,4,0,266,4
Arkansas,2023,9,12,3,429,15
California,2023,9,65,28,12793,93
Colorado,2023,9,14,5,1553,19
Connecticut,2023,9,5,4,1855,9
Florida,2023,9,9,1,460,10
Georgia,2023,9,0,4,885,4
Idaho,2023,9,4,1,373,5
Illinois,2023,9,6,4,838,10
Indiana,2023,9,5,0,351,5
Iowa,2023,9,15,23,2137,38
Kansas,2023,9,1,1,328,2
Kentucky,2023,9,0,6,1143,6
Louisiana,2023,9,0,0,190,0
Maryland,2023,9,4,0,582,4
Massachusetts,2023,9,17,10,3438,27
Michigan,2023,9,6,0,768,6
Minnesota,2023,9,5,12,1562,17
Mississippi,2023,9,0,5,155,5
Missouri,2023,9,2,2,2664,4
Montana,2023,9,2,2,702,4
Nebraska,2023,9,20,3,2030,23
New Mexico,2023,9,47,14,5422,61
New York,2023,9,30,23,6656,53
North Carolina,2023,9,22,3,2518,25
Ohio,2023,9,38,9,4590,47
Oklahoma,2023,9,0,1,392,1
Oregon,2023,9,9,1,3692,10
Pennsylvania,2023,9,2,3,1211,5
South Carolina,2023,9,8,4,1651,12
South Dakota,2023,9,0,0,71,0
Tennessee,2023,9,0,0,65,0
Texas,2023,9,91,29,6832,120
Vermont,2023,9,17,0,410,17
Virginia,2023,9,12,0,1723,12
Washington,2023,9,19,1,4509,20
West Virginia,2023,9,1,3,1380,4
Wisconsin,2023,9,79,16,8667,95
Alabama,2023,10,1,0,264,1
Arizona,2023,10,0,0,281,0
Arkansas,2023,10,7,7,393,14
California,2023,10,71,34,11164,105
Colorado,2023,10,9,8,1485,17
Connecticut,2023,10,12,9,1860,21
Florida,2023,10,7,2,461,9
Georgia,2023,10,4,2,844,6
Idaho,2023,10,11,2,340,13
Illinois,2023,10,3,4,829,7
Indiana,2023,10,1,0,319,1
Iowa,2023,10,9,28,1932,37
Kansas,2023,10,2,1,299,3
Kentucky,2023,10,0,3,969,3
Louisiana,2023,10,1,1,161,2
Maryland,2023,10,3,0,540,3
Massachusetts,2023,10,12,15,3513,27
Michigan,2023,10,6,0,757,6
Minnesota,2023,10,6,17,1526,23
Mississippi,2023,10,1,8,151,9
Missouri,2023,10,12,2,2838,14
Montana,2023,10,4,1,675,5
Nebraska,2023,10,18,11,1853,29
New Mexico,2023,10,40,15,5079,55
New York,2023,10,39,32,6490,71
North Carolina,2023,10,5,8,2377,13
Ohio,2023,10,42,9,4849,51
Oklahoma,2023,10,0,0,403,0
Oregon,2023,10,22,4,4297,26
Pennsylvania,2023,10,4,3,1255,7
South Carolina,2023,10,9,1,1569,10
South Dakota,2023,10,3,0,66,3
Tennessee,2023,10,0,0,77,0
Texas,2023,10,90,36,6629,126
Vermont,2023,10,7,1,406,8
Virginia,2023,10,10,0,1626,10
Washington,2023,10,17,1,4452,18
West Virginia,2023,10,2,1,1322,3
Wisconsin,2023,10,55,19,7183,74
Wyoming,2023,10,0,0,11,0
Alabama,2023,11,1,0,246,1
Arizona,2023,11,1,0,319,1
Arkansas,2023,11,15,8,431,23
California,2023,11,46,24,11802,70
Colorado,2023,11,10,10,1424,20
Connecticut,2023,11,7,6,1780,13
Florida,2023,11,6,2,441,8
Georgia,2023,11,18,22,1452,40
Idaho,2023,11,9,2,288,11
Illinois,2023,11,3,1,315,4
Indiana,2023,11,0,1,315,1
Iowa,2023,11,8,32,2170,40
Kansas,2023,11,0,0,249,0
Kentucky,2023,11,1,1,885,2
Louisiana,2023,11,6,1,209,7
Maryland,2023,11,1,0,548,1
Massachusetts,2023,11,15,14,3407,29
Michigan,2023,11,4,0,793,4
Minnesota,2023,11,3,13,1475,16
Mississippi,2023,11,0,3,129,3
Missouri,2023,11,9,1,2649,10
Montana,2023,11,1,1,635,2
Nebraska,2023,11,15,2,1777,17
New Mexico,2023,11,23,14,4793,37
New York,2023,11,37,30,6179,67
North Carolina,2023,11,6,2,2321,8
Ohio,2023,11,44,7,4164,51
Oklahoma,2023,11,1,0,382,1
Oregon,2023,11,17,3,4400,20
Pennsylvania,2023,11,7,1,959,8
South Carolina,2023,11,9,0,1549,9
South Dakota,2023,11,2,0,58,2
Tennessee,2023,11,0,0,82,0
Texas,2023,11,54,28,5760,82
Vermont,2023,11,6,0,347,6
Virginia,2023,11,8,2,1674,10
Washington,2023,11,11,4,4555,15
West Virginia,2023,11,2,1,1340,3
Wisconsin,2023,11,52,11,7215,63
Wyoming,2023,11,0,0,10,0
Alabama,2023,12,4,1,336,5
Arizona,2023,12,0,1,230,1
Arkansas,2023,12,16,1,359,17
California,2023,12,42,29,11048,71
Colorado,2023,12,7,7,1451,14
Connecticut,2023,12,7,7,1724,14
Florida,2023,12,3,1,430,4
Georgia,2023,12,22,34,1515,56
Idaho,2023,12,2,0,315,2
Illinois,2023,12,1,1,343,2
Indiana,2023,12,0,0,297,0
Iowa,2023,12,18,25,1824,43
Kansas,2023,12,0,1,235,1
Kentucky,2023,12,0,4,927,4
Louisiana,2023,12,3,1,203,4
Maryland,2023,12,7,0,585,7
Massachusetts,2023,12,15,15,3537,30
Michigan,2023,12,1,0,906,1
Minnesota,2023,12,4,20,1613,24
Mississippi,2023,12,0,4,118,4
Missouri,2023,12,8,4,2588,12
Montana,2023,12,6,3,600,9
Nebraska,2023,12,18,6,1685,24
New Mexico,2023,12,10,7,4226,17
New York,2023,12,45,27,6539,72
North Carolina,2023,12,8,0,2288,8
Ohio,2023,12,42,13,3943,55
Oklahoma,2023,12,0,0,345,0
Oregon,2023,12,9,2,3123,11
Pennsylvania,2023,12,4,1,751,5
South Carolina,2023,12,8,0,1348,8
South Dakota,2023,12,4,0,75,4
Tennessee,2023,12,0,0,66,0
Texas,2023,12,61,35,6032,96
Vermont,2023,12,2,0,327,2
Virginia,2023,12,10,1,1641,11
Washington,2023,12,12,5,4675,17
West Virginia,2023,12,5,1,1344,6
Wisconsin,2023,12,51,20,7869,71
Alabama,2023,13,5,1,307,6
Arizona,2023,13,1,0,208,1
Arkansas,2023,13,9,2,315,11
California,2023,13,44,24,10586,68
Colorado,2023,13,8,6,1161,14
Connecticut,2023,13,5,11,1704,16
Florida,2023,13,7,3,424,10
Georgia,2023,13,4,8,838,12
Idaho,2023,13,1,1,263,2
Illinois,2023,13,0,2,262,2
Indiana,2023,13,2,1,288,3
Iowa,2023,13,11,18,1584,29
Kansas,2023,13,1,0,130,1
Kentucky,2023,13,0,2,686,2
Louisiana,2023,13,1,0,198,1
Maryland,2023,13,7,1,486,8
Massachusetts,2023,13,11,29,3528,40
Michigan,2023,13,3,2,794,5
Minnesota,2023,13,5,34,1703,39
Mississippi,2023,13,2,7,127,9
Missouri,2023,13,7,2,2520,9
Montana,2023,13,4,2,624,6
Nebraska,2023,13,19,4,1490,23
New Mexico,2023,13,15,11,3959,26
New York,2023,13,35,52,5900,87
North Carolina,2023,13,10,1,2098,11
Ohio,2023,13,26,14,3975,40
Oklahoma,2023,13,1,0,372,1
Oregon,2023,13,14,5,3103,19
Pennsylvania,2023,13,1,6,635,7
South Carolina,2023,13,6,2,1112,8
South Dakota,2023,13,2,0,64,2
Tennessee,2023,13,0,0,57,0
Texas,2023,13,46,23,5907,69
Vermont,2023,13,3,0,303,3
Virginia,2023,13,4,3,1567,7
Washington,2023,13,7,5,4427,12
West Virginia,2023,13,0,1,1207,1
Wisconsin,2023,13,29,38,7285,67
Alabama,2023,14,1,0,233,1
Arizona,2023,14,6,1,247,7
Arkansas,2023,14,9,1,283,10
California,2023,14,40,23,10129,63
Colorado,2023,14,8,13,1248,21
Connecticut,2023,14,4,14,1687,18
Florida,2023,14,6,2,441,8
Georgia,2023,14,13,17,1279,30
Idaho,2023,14,3,0,293,3
Illinois,2023,14,0,4,236,4
Indiana,2023,14,1,0,282,1
Iowa,2023,14,8,10,1456,18
Kansas,2023,14,0,0,195,0
Kentucky,2023,14,3,2,580,5
Louisiana,2023,14,1,1,180,2
Maryland,2023,14,6,0,470,6
Massachusetts,2023,14,8,25,3385,33
Michigan,2023,14,0,2,734,2
Minnesota,2023,14,9,32,1550,41
Mississippi,2023,14,1,14,146,15
Missouri,2023,14,1,5,2256,6
Montana,2023,14,11,2,602,13
Nebraska,2023,14,20,11,1369,31
New Mexico,2023,14,2,8,3564,10
New York,2023,14,40,48,5878,88
North Carolina,2023,14,9,2,1871,11
Ohio,2023,14,22,9,3593,31
Oklahoma,2023,14,0,0,421,0
Oregon,2023,14,4,1,2680,5
Pennsylvania,2023,14,5,3,636,8
South Carolina,2023,14,12,0,1117,12
South Dakota,2023,14,6,0,78,6
Tennessee,2023,14,0,0,54,0
Texas,2023,14,35,40,5514,75
Vermont,2023,14,2,1,257,3
Virginia,2023,14,5,1,1450,6
Washington,2023,14,3,10,3950,13
West Virginia,2023,14,3,1,1060,4
Wisconsin,2023,14,67,38,6817,105
Alabama,2023,15,1,0,252,1
Arizona,2023,15,2,1,205,3
Arkansas,2023,15,11,4,316,15
California,2023,15,18,16,3537,34
Colorado,2023,15,4,13,1252,17
Connecticut,2023,15,2,8,1598,10
Florida,2023,15,5,1,412,6
Georgia,2023,15,16,30,1167,46
Idaho,2023,15,4,0,259,4
Illinois,2023,15,1,3,255,4
Indiana,2023,15,0,0,225,0
Iowa,2023,15,8,13,1321,21
Kansas,2023,15,0,0,246,0
Kentucky,2023,15,0,3,508,3
Louisiana,2023,15,1,0,52,1
Maryland,2023,15,8,2,495,10
Massachusetts,2023,15,12,19,3232,31
Michigan,2023,15,1,5,686,6
Minnesota,2023,15,4,38,1408,42
Mississippi,2023,15,1,6,140,7
Missouri,2023,15,0,3,2229,3
Montana,2023,15,11,1,561,12
Nebraska,2023,15,16,0,1267,16
New Mexico,2023,15,3,7,3402,10
New York,2023,15,22,53,5788,75
North Carolina,2023,15,5,2,2003,7
Ohio,2023,15,16,9,2894,25
Oklahoma,2023,15,0,0,345,0
Oregon,2023,15,2,4,2568,6
Pennsylvania,2023,15,4,2,563,6
South Carolina,2023,15,4,2,955,6
South Dakota,2023,15,3,1,84,4
Tennessee,2023,15,0,2,56,2
Texas,2023,15,24,45,5659,69
Vermont,2023,15,2,0,264,2
Virginia,2023,15,1,0,391,1
Washington,2023,15,10,6,3874,16
West Virginia,2023,15,1,1,1114,2
Wisconsin,2023,15,51,20,5593,71
Alabama,2023,16,0,0,269,0
Arizona,2023,16,2,0,227,2
Arkansas,2023,16,2,2,308,4
California,2023,16,17,8,3388,25
Colorado,2023,16,3,7,1138,10
Connecticut,2023,16,3,5,1452,8
Florida,2023,16,4,5,410,9
Georgia,2023,16,3,12,723,15
Idaho,2023,16,0,0,239,0
Illinois,2023,16,0,1,238,1
Indiana,2023,16,0,0,242,0
Iowa,2023,16,6,13,1192,19
Kansas,2023,16,0,0,190,0
Kentucky,2023,16,0,3,433,3
Louisiana,2023,16,0,1,43,1
Maryland,2023,16,5,2,379,7
Massachusetts,2023,16,5,12,2748,17
Michigan,2023,16,0,5,657,5
Minnesota,2023,16,7,23,1258,30
Mississippi,2023,16,0,11,136,11
Missouri,2023,16,2,2,1481,4
Montana,2023,16,5,0,546,5
Nebraska,2023,16,12,6,1024,18
New Mexico,2023,16,5,8,3234,13
New York,2023,16,18,37,5315,55
North Carolina,2023,16,5,4,1817,9
Ohio,2023,16,20,5,2524,25
Oklahoma,2023,16,0,0,348,0
Oregon,2023,16,0,3,2736,3
Pennsylvania,2023,16,0,1,520,1
South Carolina,2023,16,4,2,915,6
South Dakota,2023,16,0,1,84,1
Tennessee,2023,16,0,3,52,3
Texas,2023,16,30,41,5928,71
Vermont,2023,16,2,0,222,2
Virginia,2023,16,9,2,1176,11
Washington,2023,16,5,12,3486,17
West Virginia,2023,16,0,1,1039,1
Wisconsin,2023,16,27,13,4825,40
Alabama,2023,17,0,0,293,0
Arizona,2023,17,0,3,189,3
Arkansas,2023,17,1,1,287,2
California,2023,17,19,11,3325,30
Colorado,2023,17,3,13,1139,16
Connecticut,2023,17,4,5,1388,9
Florida,2023,17,6,13,413,19
Georgia,2023,17,4,25,1192,29
Illinois,2023,17,0,4,234,4
Indiana,2023,17,1,2,246,3
Iowa,2023,17,3,13,1139,16
Kansas,2023,17,0,0,146,0
Kentucky,2023,17,1,0,520,1
Louisiana,2023,17,0,1,31,1
Maryland,2023,17,2,0,369,2
Massachusetts,2023,17,3,9,2511,12
Michigan,2023,17,2,11,579,13
Minnesota,2023,17,15,24,1329,39
Mississippi,2023,17,1,5,128,6
Missouri,2023,17,1,2,958,3
Montana,2023,17,1,1,494,2
Nebraska,2023,17,6,4,1061,10
New Mexico,2023,17,11,14,3090,25
New York,2023,17,22,45,4769,67
North Carolina,2023,17,2,1,1660,3
Ohio,2023,17,29,10,2637,39
Oklahoma,2023,17,1,1,388,2
Oregon,2023,17,0,6,2506,6
Pennsylvania,2023,17,0,0,378,0
South Carolina,2023,17,6,4,961,10
South Dakota,2023,17,2,0,80,2
Tennessee,2023,17,0,4,58,4
Texas,2023,17,23,26,5413,49
Vermont,2023,17,2,0,175,2
Virginia,2023,17,6,1,1022,7
Washington,2023,17,6,4,3515,10
West Virginia,2023,17,1,1,1004,2
Wisconsin,2023,17,25,12,4532,37
Alabama,2023,18,1,0,302,1
Arizona,2023,18,3,7,232,10
Arkansas,2023,18,0,1,281,1
California,2023,18,11,13,3224,24
Colorado,2023,18,4,9,1069,13
Connecticut,2023,18,3,8,1124,11
Florida,2023,18,5,13,416,18
Georgia,2023,18,1,7,653,8
Idaho,2023,18,0,2,13,2
Illinois,2023,18,0,4,266,4
Indiana,2023,18,0,1,229,1
Iowa,2023,18,4,13,1015,17
Kansas,2023,18,0,1,173,1
Kentucky,2023,18,0,2,551,2
Louisiana,2023,18,0,0,41,0
Maryland,2023,18,1,0,439,1
Massachusetts,2023,18,5,17,2461,22
Michigan,2023,18,1,13,551,14
Minnesota,2023,18,22,23,1241,45
Mississippi,2023,18,0,10,124,10
Missouri,2023,18,3,2,1866,5
Montana,2023,18,3,4,474,7
Nebraska,2023,18,6,6,895,12
New Mexico,2023,18,7,13,2998,20
New York,2023,18,19,37,4745,56
North Carolina,2023,18,4,4,1730,8
Ohio,2023,18,18,4,2550,22
Oklahoma,2023,18,0,0,349,0
Oregon,2023,18,6,3,2526,9
Pennsylvania,2023,18,0,2,572,2
South Carolina,2023,18,5,8,950,13
South Dakota,2023,18,0,0,88,0
Tennessee,2023,18,1,2,72,3
Texas,2023,18,17,39,5300,56
Vermont,2023,18,1,0,185,1
Virginia,2023,18,5,1,1048,6
Washington,2023,18,6,3,3322,9
West Virginia,2023,18,0,2,965,2
Wisconsin,2023,18,28,10,4481,38
Wyoming,2023,18,0,0,12,0
Alabama,2023,19,0,0,288,0
Arizona,2023,19,1,13,216,14
Arkansas,2023,19,2,2,310,4
California,2023,19,16,9,3231,25
Colorado,2023,19,2,10,962,12
Connecticut,2023,19,2,9,1141,11
Florida,2023,19,3,19,426,22
Georgia,2023,19,11,48,6113,59
Illinois,2023,19,3,3,243,6
Indiana,2023,19,3,0,225,3
Iowa,2023,19,4,15,967,19
Kansas,2023,19,0,0,112,0
Kentucky,2023,19,1,4,571,5
Louisiana,2023,19,0,2,42,2
Maryland,2023,19,2,0,388,2
Massachusetts,2023,19,3,14,2520,17
Michigan,2023,19,0,6,503,6
Minnesota,2023,19,13,13,1229,26
Mississippi,2023,19,0,2,124,2
Missouri,2023,19,2,2,1691,4
Montana,2023,19,0,0,404,0
Nebraska,2023,19,3,2,908,5
New Mexico,2023,19,4,16,2902,20
New York,2023,19,20,55,4490,75
North Carolina,2023,19,3,3,1700,6
Ohio,2023,19,16,8,2340,24
Oklahoma,2023,19,0,0,337,0
Oregon,2023,19,2,1,2287,3
Pennsylvania,2023,19,1,2,428,3
South Carolina,2023,19,4,12,969,16
South Dakota,2023,19,0,0,78,0
Tennessee,2023,19,0,6,63,6
Texas,2023,19,23,40,4383,63
Vermont,2023,19,0,0,191,0
Virginia,2023,19,7,1,977,8
Washington,2023,19,11,2,3013,13
West Virginia,2023,19,0,0,904,0
Wisconsin,2023,19,29,14,3802,43
Alabama,2023,20,0,2,231,2
Arizona,2023,20,3,12,225,15
Arkansas,2023,20,0,0,272,0
California,2023,20,21,18,3126,39
Colorado,2023,20,3,13,881,16
Connecticut,2023,20,2,4,902,6
Florida,2023,20,9,15,404,24
Georgia,2023,20,9,53,1223,62
Illinois,2023,20,0,3,187,3
Indiana,2023,20,2,1,244,3
Iowa,2023,20,7,10,984,17
Kansas,2023,20,0,0,182,0
Kentucky,2023,20,0,3,450,3
Louisiana,2023,20,0,0,37,0
Maryland,2023,20,2,1,317,3
Massachusetts,2023,20,8,13,2407,21
Michigan,2023,20,1,7,582,8
Minnesota,2023,20,1,9,1186,10
Mississippi,2023,20,0,5,102,5
Missouri,2023,20,0,5,1685,5
Montana,2023,20,1,2,408,3
Nebraska,2023,20,1,6,792,7
New Mexico,2023,20,8,8,2616,16
New York,2023,20,28,48,4315,76
North Carolina,2023,20,2,5,1654,7
Ohio,2023,20,15,16,2452,31
Oklahoma,2023,20,0,0,306,0
Oregon,2023,20,4,2,2208,6
Pennsylvania,2023,20,0,0,347,0
South Carolina,2023,20,4,8,873,12
South Dakota,2023,20,0,1,82,1
Tennessee,2023,20,0,0,95,0
Texas,2023,20,24,57,4558,81
Vermont,2023,20,0,0,160,0
Virginia,2023,20,0,0,908,0
Washington,2023,20,18,4,2871,22
West Virginia,2023,20,2,2,847,4
Wisconsin,2023,20,11,12,3621,23
Alabama,2023,21,1,1,263,2
Arizona,2023,21,2,13,223,15
Arkansas,2023,21,0,1,255,1
California,2023,21,24,13,3096,37
Colorado,2023,21,5,7,852,12
Connecticut,2023,21,4,3,948,7
Florida,2023,21,3,16,382,19
Georgia,2023,21,14,18,568,32
Illinois,2023,21,1,4,214,5
Indiana,2023,21,0,0,205,0
Iowa,2023,21,1,6,802,7
Kansas,2023,21,0,0,330,0
Kentucky,2023,21,1,2,420,3
Louisiana,2023,21,0,1,31,1
Maryland,2023,21,0,0,355,0
Massachusetts,2023,21,11,15,2253,26
Michigan,2023,21,1,8,539,9
Minnesota,2023,21,6,7,1062,13
Mississippi,2023,21,0,5,89,5
Missouri,2023,21,2,4,1628,6
Montana,2023,21,3,1,339,4
Nebraska,2023,21,1,4,655,5
New Mexico,2023,21,8,5,2535,13
New York,2023,21,27,48,3988,75
North Carolina,2023,21,5,8,1592,13
Ohio,2023,21,13,10,2156,23
Oregon,2023,21,3,2,1997,5
Pennsylvania,2023,21,0,0,359,0
South Carolina,2023,21,9,7,882,16
South Dakota,2023,21,2,0,78,2
Tennessee,2023,21,0,2,61,2
Texas,2023,21,26,51,4341,77
Vermont,2023,21,2,0,163,2
Virginia,2023,21,2,2,831,4
Washington,2023,21,23,0,2612,23
West Virginia,2023,21,3,3,814,6
Wisconsin,2023,21,14,11,3364,25
Alabama,2023,22,0,1,243,1
Arizona,2023,22,1,12,206,13
Arkansas,2023,22,1,2,225,3
California,2023,22,28,12,2935,40
Colorado,2023,22,6,6,875,12
Connecticut,2023,22,0,4,806,4
Florida,2023,22,5,16,349,21
Georgia,2023,22,12,68,1205,80
Illinois,2023,22,1,2,167,3
Indiana,2023,22,1,1,185,2
Iowa,2023,22,3,4,677,7
Kansas,2023,22,0,0,331,0
Kentucky,2023,22,3,0,354,3
Louisiana,2023,22,0,0,42,0
Maryland,2023,22,3,0,276,3
Massachusetts,2023,22,8,11,2151,19
Michigan,2023,22,1,3,506,4
Minnesota,2023,22,4,6,1060,10
Mississippi,2023,22,0,8,119,8
Missouri,2023,22,3,3,1517,6
Montana,2023,22,0,0,292,0
Nebraska,2023,22,2,1,645,3
New Mexico,2023,22,3,6,2275,9
New York,2023,22,35,41,3631,76
North Carolina,2023,22,5,6,1544,11
Ohio,2023,22,15,5,1845,20
Oregon,2023,22,7,4,2066,11
Pennsylvania,2023,22,0,0,269,0
South Carolina,2023,22,4,12,913,16
South Dakota,2023,22,0,0,53,0
Tennessee,2023,22,0,3,70,3
Texas,2023,22,29,32,4044,61
Vermont,2023,22,2,0,188,2
Virginia,2023,22,1,1,830,2
Washington,2023,22,27,0,2736,27
West Virginia,2023,22,0,1,756,1
Wisconsin,2023,22,15,7,3048,22
Alabama,2023,23,0,3,274,3
Arizona,2023,23,0,11,167,11
Arkansas,2023,23,1,0,225,1
California,2023,23,25,10,2857,35
Colorado,2023,23,3,1,844,4
Connecticut,2023,23,7,5,835,12
Florida,2023,23,3,10,293,13
Georgia,2023,23,4,31,1133,35
Illinois,2023,23,0,0,164,0
Indiana,2023,23,0,1,219,1
Iowa,2023,23,3,6,635,9
Kansas,2023,23,0,0,159,0
Kentucky,2023,23,1,2,344,3
Louisiana,2023,23,0,1,45,1
Maryland,2023,23,1,0,252,1
Massachusetts,2023,23,10,8,2149,18
Michigan,2023,23,1,10,488,11
Minnesota,2023,23,1,5,879,6
Mississippi,2023,23,2,1,96,3
Missouri,2023,23,4,0,1411,4
Montana,2023,23,0,0,248,0
Nebraska,2023,23,2,2,549,4
New Mexico,2023,23,5,2,2023,7
New York,2023,23,19,18,3571,37
North Carolina,2023,23,4,3,1363,7
Ohio,2023,23,10,5,1683,15
Oregon,2023,23,15,2,1949,17
Pennsylvania,2023,23,1,3,220,4
South Carolina,2023,23,4,4,911,8
South Dakota,2023,23,0,0,51,0
Tennessee,2023,23,0,0,12,0
Texas,2023,23,21,23,3721,44
Vermont,2023,23,0,0,174,0
Virginia,2023,23,2,3,815,5
Washington,2023,23,37,2,2343,39
West Virginia,2023,23,0,0,763,0
Wisconsin,2023,23,15,12,2738,27
Alabama,2023,24,0,0,229,0
Arizona,2023,24,2,5,163,7
Arkansas,2023,24,1,0,165,1
California,2023,24,21,8,2712,29
Colorado,2023,24,7,2,729,9
Connecticut,2023,24,3,5,776,8
Florida,2023,24,4,12,292,16
Georgia,2023,24,2,24,902,26
Illinois,2023,24,0,2,126,2
Indiana,2023,24,0,1,183,1
Iowa,2023,24,4,4,557,8
Kansas,2023,24,1,1,146,2
Kentucky,2023,24,0,5,316,5
Louisiana,2023,24,1,1,46,2
Maryland,2023,24,1,0,193,1
Massachusetts,2023,24,4,4,2213,8
Michigan,2023,24,2,5,515,7
Minnesota,2023,24,4,1,894,5
Mississippi,2023,24,0,3,109,3
Missouri,2023,24,4,2,1248,6
Montana,2023,24,1,1,258,2
Nebraska,2023,24,8,1,544,9
New Mexico,2023,24,9,8,1895,17
New York,2023,24,14,16,3329,30
North Carolina,2023,24,7,1,1418,8
Ohio,2023,24,7,3,1619,10
Oregon,2023,24,8,3,1793,11
Pennsylvania,2023,24,0,3,162,3
South Carolina,2023,24,3,6,789,9
South Dakota,2023,24,1,0,69,1
Texas,2023,24,19,17,3417,36
Vermont,2023,24,1,0,153,1
Virginia,2023,24,2,0,758,2
Washington,2023,24,24,3,1941,27
West Virginia,2023,24,1,1,688,2
Wisconsin,2023,24,18,22,2493,40
Alabama,2023,25,0,0,175,0
Arizona,2023,25,2,10,178,12
Arkansas,2023,25,0,0,167,0
California,2023,25,21,13,2570,34
Colorado,2023,25,2,2,710,4
Connecticut,2023,25,1,2,708,3
Florida,2023,25,0,1,227,1
Georgia,2023,25,2,10,869,12
Illinois,2023,25,1,0,109,1
Indiana,2023,25,0,0,185,0
Iowa,2023,25,4,4,500,8
Kansas,2023,25,2,0,111,2
Kentucky,2023,25,1,1,288,2
Louisiana,2023,25,1,0,26,1
Maryland,2023,25,1,0,164,1
Massachusetts,2023,25,5,4,1789,9
Michigan,2023,25,0,7,479,7
Minnesota,2023,25,1,0,905,1
Mississippi,2023,25,0,3,74,3
Missouri,2023,25,0,3,1251,3
Montana,2023,25,1,0,254,1
Nebraska,2023,25,6,3,464,9
New Mexico,2023,25,12,5,1791,17
New York,2023,25,6,6,2535,12
North Carolina,2023,25,5,2,1189,7
Ohio,2023,25,11,3,1433,14
Oregon,2023,25,10,0,1602,10
Pennsylvania,2023,25,2,0,174,2
South Carolina,2023,25,4,3,783,7
South Dakota,2023,25,0,0,58,0
Texas,2023,25,24,18,3240,42
Vermont,2023,25,0,0,147,0
Virginia,2023,25,1,0,731,1
Washington,2023,25,24,2,1944,26
West Virginia,2023,25,1,1,667,2
Wisconsin,2023,25,18,5,2441,23
Alabama,2023,26,0,0,213,0
Arizona,2023,26,0,6,137,6
Arkansas,2023,26,0,0,164,0
California,2023,26,39,12,2374,51
Colorado,2023,26,6,1,651,7
Connecticut,2023,26,2,2,713,4
Florida,2023,26,2,5,268,7
Georgia,2023,26,0,1,483,1
Illinois,2023,26,2,0,131,2
Indiana,2023,26,0,0,168,0
Iowa,2023,26,1,8,480,9
Kansas,2023,26,0,0,97,0
Kentucky,2023,26,0,0,316,0
Louisiana,2023,26,1,0,25,1
Maryland,2023,26,0,1,183,1
Massachusetts,2023,26,9,2,1381,11
Michigan,2023,26,1,1,446,2
Minnesota,2023,26,2,2,818,4
Mississippi,2023,26,2,4,94,6
Missouri,2023,26,2,3,1180,5
Montana,2023,26,4,1,267,5
Nebraska,2023,26,5,0,353,5
New Mexico,2023,26,1,2,1667,3
New York,2023,26,11,6,2924,17
North Carolina,2023,26,1,5,1164,6
Ohio,2023,26,19,0,1510,19
Oregon,2023,26,4,0,912,4
Pennsylvania,2023,26,0,0,135,0
South Carolina,2023,26,1,3,745,4
South Dakota,2023,26,0,1,64,1
Tennessee,2023,26,0,0,10,0
Texas,2023,26,19,17,2990,36
Vermont,2023,26,1,1,140,2
Virginia,2023,26,2,2,784,4
Washington,2023,26,46,3,1792,49
West Virginia,2023,26,0,1,622,1
Wisconsin,2023,26,8,3,2123,11
Alabama,2023,27,1,0,197,1
Arizona,2023,27,0,2,120,2
Arkansas,2023,27,0,0,158,0
California,2023,27,38,13,2117,51
Colorado,2023,27,2,0,600,2
Connecticut,2023,27,3,3,652,6
Florida,2023,27,2,3,231,5
Georgia,2023,27,1,0,524,1
Idaho,2023,27,1,0,130,1
Illinois,2023,27,0,0,331,0
Indiana,2023,27,0,1,147,1
Iowa,2023,27,0,1,420,1
Kansas,2023,27,0,0,123,0
Kentucky,2023,27,0,0,286,0
Louisiana,2023,27,0,2,31,2
Maryland,2023,27,1,0,143,1
Massachusetts,2023,27,9,4,1009,13
Michigan,2023,27,0,0,396,0
Minnesota,2023,27,3,1,722,4
Mississippi,2023,27,1,5,85,6
Missouri,2023,27,5,0,1164,5
Montana,2023,27,0,1,248,1
Nebraska,2023,27,3,0,424,3
New Mexico,2023,27,3,0,1594,3
New York,2023,27,11,3,2627,14
North Carolina,2023,27,5,5,1272,10
Ohio,2023,27,103,1,1349,104
Oklahoma,2023,27,2,1,317,3
Oregon,2023,27,5,1,1581,6
Pennsylvania,2023,27,0,1,183,1
South Carolina,2023,27,0,4,648,4
South Dakota,2023,27,0,0,61,0
Tennessee,2023,27,0,0,10,0
Texas,2023,27,16,20,2810,36
Vermont,2023,27,1,1,143,2
Virginia,2023,27,1,3,685,4
Washington,2023,27,16,1,1693,17
West Virginia,2023,27,0,0,599,0
Wisconsin,2023,27,8,2,1820,10
Alabama,2023,28,1,0,226,1
Arizona,2023,28,1,3,125,4
Arkansas,2023,28,0,1,151,1
California,2023,28,26,13,2230,39
Colorado,2023,28,6,3,628,9
Connecticut,2023,28,6,2,700,8
Florida,2023,28,1,5,234,6
Georgia,2023,28,2,3,466,5
Idaho,2023,28,1,0,138,1
Illinois,2023,28,0,1,371,1
Indiana,2023,28,0,0,143,0
Iowa,2023,28,1,7,511,8
Kansas,2023,28,0,0,150,0
Kentucky,2023,28,2,2,297,4
Louisiana,2023,28,0,0,31,0
Maryland,2023,28,2,0,173,2
Massachusetts,2023,28,11,2,1046,13
Michigan,2023,28,1,0,388,1
Minnesota,2023,28,0,0,726,0
Mississippi,2023,28,1,6,69,7
Missouri,2023,28,2,1,1159,3
Montana,2023,28,1,2,249,3
Nebraska,2023,28,6,2,426,8
New Mexico,2023,28,3,3,1484,6
New York,2023,28,17,3,2716,20
North Carolina,2023,28,17,4,1335,21
Ohio,2023,28,7,1,1342,8
Oklahoma,2023,28,0,1,312,1
Oregon,2023,28,4,2,1432,6
Pennsylvania,2023,28,0,0,165,0
South Carolina,2023,28,0,4,658,4
South Dakota,2023,28,0,0,64,0
Texas,2023,28,27,21,2731,48
Vermont,2023,28,0,0,137,0
Virginia,2023,28,4,3,712,7
Washington,2023,28,7,1,1616,8
West Virginia,2023,28,0,0,679,0
Wisconsin,2023,28,12,5,1889,17
Alabama,2023,29,1,0,230,1
Arizona,2023,29,0,0,110,0
Arkansas,2023,29,0,0,155,0
California,2023,29,36,11,2033,47
Colorado,2023,29,5,0,638,5
Connecticut,2023,29,3,2,657,5
Florida,2023,29,2,3,290,5
Georgia,2023,29,2,1,508,3
Idaho,2023,29,0,0,157,0
Illinois,2023,29,1,1,360,2
Indiana,2023,29,1,0,143,1
Iowa,2023,29,0,6,496,6
Kansas,2023,29,0,1,162,1
Kentucky,2023,29,2,0,282,2
Louisiana,2023,29,1,1,31,2
Maryland,2023,29,1,0,181,1
Massachusetts,2023,29,4,2,857,6
Michigan,2023,29,0,1,399,1
Minnesota,2023,29,3,0,691,3
Mississippi,2023,29,1,2,84,3
Missouri,2023,29,4,3,1010,7
Montana,2023,29,0,0,231,0
Nebraska,2023,29,1,1,491,2
New Mexico,2023,29,3,3,1540,6
New York,2023,29,7,3,2599,10
North Carolina,2023,29,11,4,1277,15
Ohio,2023,29,10,2,1606,12
Oklahoma,2023,29,2,0,320,2
Oregon,2023,29,9,3,1557,12
Pennsylvania,2023,29,0,0,140,0
South Carolina,2023,29,2,4,740,6
South Dakota,2023,29,0,0,56,0
Tennessee,2023,29,0,0,15,0
Texas,2023,29,34,21,3146,55
Vermont,2023,29,2,0,151,2
Virginia,2023,29,2,0,675,2
Washington,2023,29,13,0,1619,13
West Virginia,2023,29,2,0,635,2
Wisconsin,2023,29,12,5,1923,17
Alabama,2023,30,0,1,234,1
Arizona,2023,30,2,1,122,3
Arkansas,2023,30,1,1,170,2
California,2023,30,41,9,2212,50
Colorado,2023,30,1,3,662,4
Connecticut,2023,30,6,0,709,6
Florida,2023,30,1,3,274,4
Georgia,2023,30,5,4,920,9
Idaho,2023,30,2,0,136,2
Illinois,2023,30,2,1,315,3
Indiana,2023,30,1,1,166,2
Iowa,2023,30,2,7,509,9
Kansas,2023,30,0,0,178,0
Kentucky,2023,30,0,0,342,0
Louisiana,2023,30,0,0,33,0
Maryland,2023,30,0,1,176,1
Massachusetts,2023,30,1,3,955,4
Michigan,2023,30,1,0,394,1
Minnesota,2023,30,0,0,708,0
Mississippi,2023,30,0,2,92,2
Missouri,2023,30,3,2,873,5
Montana,2023,30,0,0,238,0
Nebraska,2023,30,2,1,337,3
New Mexico,2023,30,5,2,1476,7
New York,2023,30,4,4,2253,8
North Carolina,2023,30,7,1,1441,8
Ohio,2023,30,6,5,1585,11
Oklahoma,2023,30,0,0,373,0
Oregon,2023,30,4,5,1503,9
Pennsylvania,2023,30,2,0,124,2
South Carolina,2023,30,2,2,787,4
South Dakota,2023,30,0,0,55,0
Tennessee,2023,30,0,0,10,0
Texas,2023,30,26,16,3218,42
Vermont,2023,30,2,0,143,2
Virginia,2023,30,3,1,676,4
Washington,2023,30,10,0,1626,10
West Virginia,2023,30,3,1,599,4
Wisconsin,2023,30,10,2,1993,12
Alabama,2023,31,3,1,234,4
Arizona,2023,31,2,2,120,4
Arkansas,2023,31,1,2,220,3
California,2023,31,36,9,2399,45
Colorado,2023,31,2,0,678,2
Connecticut,2023,31,2,1,784,3
Florida,2023,31,1,4,287,5
Georgia,2023,31,2,8,1087,10
Idaho,2023,31,0,0,157,0
Illinois,2023,31,2,1,314,3
Indiana,2023,31,0,0,165,0
Iowa,2023,31,2,11,609,13
Kansas,2023,31,1,0,180,1
Kentucky,2023,31,0,0,378,0
Louisiana,2023,31,2,2,43,4
Maryland,2023,31,0,1,182,1
Massachusetts,2023,31,3,4,982,7
Michigan,2023,31,0,0,369,0
Minnesota,2023,31,7,1,718,8
Mississippi,2023,31,1,3,109,4
Missouri,2023,31,0,0,951,0
Montana,2023,31,1,1,230,2
Nebraska,2023,31,1,0,531,1
New York,2023,31,14,4,2661,18
North Carolina,2023,31,5,2,1490,7
Ohio,2023,31,5,2,1743,7
Oklahoma,2023,31,0,2,376,2
Oregon,2023,31,11,4,1726,15
Pennsylvania,2023,31,0,0,146,0
South Carolina,2023,31,2,3,777,5
South Dakota,2023,31,0,0,51,0
Texas,2023,31,31,24,3911,55
Vermont,2023,31,0,0,164,0
Virginia,2023,31,8,1,780,9
Washington,2023,31,9,0,1533,9
West Virginia,2023,31,1,0,718,1
Wisconsin,2023,31,21,0,2277,21
Alabama,2023,32,2,0,273,2
Arizona,2023,32,1,2,134,3
Arkansas,2023,32,0,0,215,0
California,2023,32,41,6,2645,47
Colorado,2023,32,3,2,722,5
Connecticut,2023,32,4,0,961,4
Florida,2023,32,2,3,305,5
Georgia,2023,32,0,4,783,4
Idaho,2023,32,2,0,120,2
Illinois,2023,32,1,0,352,1
Indiana,2023,32,0,0,161,0
Iowa,2023,32,1,8,669,9
Kansas,2023,32,0,0,185,0
Kentucky,2023,32,0,1,420,1
Louisiana,2023,32,0,0,38,0
Maryland,2023,32,2,0,189,2
Massachusetts,2023,32,2,1,1085,3
Michigan,2023,32,0,0,413,0
Minnesota,2023,32,0,0,775,0
Mississippi,2023,32,0,7,134,7
Missouri,2023,32,1,0,981,1
Montana,2023,32,2,1,228,3
Nebraska,2023,32,4,1,594,5
New Mexico,2023,32,5,3,1587,8
New York,2023,32,17,3,2996,20
North Carolina,2023,32,6,3,1430,9
Ohio,2023,32,6,3,1759,9
Oklahoma,2023,32,0,0,372,0
Oregon,2023,32,12,9,1788,21
Pennsylvania,2023,32,1,1,169,2
South Carolina,2023,32,0,2,932,2
South Dakota,2023,32,0,0,52,0
Tennessee,2023,32,0,0,14,0
Texas,2023,32,25,19,4268,44
Vermont,2023,32,1,0,171,1
Virginia,2023,32,1,0,780,1
Washington,2023,32,10,2,1751,12
West Virginia,2023,32,2,1,756,3
Wisconsin,2023,32,14,1,2521,15
Alabama,2023,33,2,1,346,3
Arizona,2023,33,0,0,169,0
Arkansas,2023,33,1,6,305,7
California,2023,33,32,6,2390,38
Colorado,2023,33,5,2,859,7
Connecticut,2023,33,7,1,908,8
Florida,2023,33,2,2,293,4
Georgia,2023,33,1,2,981,3
Idaho,2023,33,0,0,146,0
Illinois,2023,33,3,5,310,8
Indiana,2023,33,1,1,221,2
Iowa,2023,33,2,27,840,29
Kansas,2023,33,0,0,228,0
Kentucky,2023,33,2,0,505,2
Louisiana,2023,33,1,0,42,1
Maryland,2023,33,2,0,232,2
Massachusetts,2023,33,6,5,1234,11
Michigan,2023,33,1,0,402,1
Minnesota,2023,33,3,1,892,4
Mississippi,2023,33,2,12,159,14
Missouri,2023,33,2,0,1115,2
Montana,2023,33,0,0,256,0
Nebraska,2023,33,6,1,689,7
New Mexico,2023,33,3,12,1995,15
New York,2023,33,10,1,3531,11
North Carolina,2023,33,3,1,1524,4
Ohio,2023,33,12,5,2165,17
Oklahoma,2023,33,1,1,491,2
Oregon,2023,33,10,1,1875,11
Pennsylvania,2023,33,1,0,121,1
South Carolina,2023,33,1,2,1012,3
South Dakota,2023,33,1,0,64,1
Tennessee,2023,33,0,0,27,0
Texas,2023,33,31,25,5332,56
Vermont,2023,33,0,0,158,0
Virginia,2023,33,0,0,872,0
Washington,2023,33,9,1,1767,10
West Virginia,2023,33,6,0,791,6
Wisconsin,2023,33,11,2,2688,13
Alabama,2023,34,0,0,420,0
Arizona,2023,34,0,0,187,0
Arkansas,2023,34,2,3,442,5
California,2023,34,31,2,3153,33
Colorado,2023,34,3,0,996,3
Connecticut,2023,34,9,0,1038,9
Florida,2023,34,5,4,364,9
Georgia,2023,34,11,12,2106,23
Idaho,2023,34,0,0,146,0
Illinois,2023,34,0,0,331,0
Indiana,2023,34,0,0,220,0
Iowa,2023,34,3,10,806,13
Kansas,2023,34,3,0,290,3
Kentucky,2023,34,2,2,663,4
Louisiana,2023,34,0,0,54,0
Maryland,2023,34,1,0,258,1
Massachusetts,2023,34,5,3,1156,8
Michigan,2023,34,1,0,481,1
Minnesota,2023,34,2,0,946,2
Mississippi,2023,34,1,12,228,13
Missouri,2023,34,1,0,573,1
Montana,2023,34,1,0,266,1
Nebraska,2023,34,8,3,866,11
New Mexico,2023,34,0,1,2307,1
New York,2023,34,9,3,3407,12
North Carolina,2023,34,9,0,1674,9
Ohio,2023,34,14,6,2917,20
Oklahoma,2023,34,1,0,619,1
Oregon,2023,34,9,0,2085,9
Pennsylvania,2023,34,0,0,124,0
South Carolina,2023,34,4,3,1218,7
South Dakota,2023,34,0,0,69,0
Tennessee,2023,34,0,0,21,0
Texas,2023,34,45,34,7261,79
Vermont,2023,34,0,0,197,0
Virginia,2023,34,3,0,1044,3
Washington,2023,34,11,1,1834,12
West Virginia,2023,34,2,0,987,2
Wisconsin,2023,34,11,2,2931,13
Alabama,2023,35,1,0,402,1
Arizona,2023,35,1,0,192,1
Arkansas,2023,35,0,0,520,0
California,2023,35,37,4,3788,41
Colorado,2023,35,2,0,1072,2
Connecticut,2023,35,3,1,1063,4
Florida,2023,35,4,5,362,9
Georgia,2023,35,3,4,1155,7
Idaho,2023,35,0,0,181,0
Illinois,2023,35,2,0,357,2
Indiana,2023,35,0,1,238,1
Iowa,2023,35,1,1,1083,2
Kansas,2023,35,2,0,317,2
Kentucky,2023,35,4,0,830,4
Louisiana,2023,35,0,0,41,0
Maryland,2023,35,0,0,323,0
Massachusetts,2023,35,7,5,1362,12
Michigan,2023,35,1,0,483,1
Minnesota,2023,35,3,1,1036,4
Mississippi,2023,35,0,2,198,2
Missouri,2023,35,1,1,748,2
Montana,2023,35,2,0,293,2
Nebraska,2023,35,6,5,1126,11
New Mexico,2023,35,7,2,2358,9
New York,2023,35,18,5,3965,23
North Carolina,2023,35,4,0,2045,4
Ohio,2023,35,14,3,3626,17
Oklahoma,2023,35,1,0,721,1
Oregon,2023,35,2,3,2192,5
Pennsylvania,2023,35,3,0,183,3
South Carolina,2023,35,14,4,1281,18
South Dakota,2023,35,0,0,70,0
Tennessee,2023,35,0,0,17,0
Texas,2023,35,52,31,8546,83
Vermont,2023,35,0,0,163,0
Virginia,2023,35,1,0,1207,1
Washington,2023,35,13,2,2005,15
West Virginia,2023,35,0,0,1319,0
Wisconsin,2023,35,12,1,3331,13
Alabama,2023,36,3,0,384,3
Arizona,2023,36,0,0,152,0
Arkansas,2023,36,0,1,543,1
California,2023,36,27,8,3499,35
Colorado,2023,36,5,3,1175,8
Connecticut,2023,36,5,0,1415,5
Florida,2023,36,4,1,340,5
Georgia,2023,36,6,2,1033,8
Idaho,2023,36,0,0,190,0
Illinois,2023,36,0,0,422,0
Indiana,2023,36,0,0,274,0
Iowa,2023,36,3,6,1335,9
Kansas,2023,36,0,0,314,0
Kentucky,2023,36,3,0,798,3
Louisiana,2023,36,2,0,49,2
Maryland,2023,36,2,0,359,2
Massachusetts,2023,36,3,3,1494,6
Michigan,2023,36,0,0,508,0
Minnesota,2023,36,5,0,1135,5
Mississippi,2023,36,0,4,165,4
Missouri,2023,36,0,0,838,0
Montana,2023,36,0,0,406,0
Nebraska,2023,36,2,4,1073,6
New Mexico,2023,36,7,1,2285,8
New York,2023,36,17,1,3988,18
North Carolina,2023,36,2,0,2478,2
Ohio,2023,36,11,1,4316,12
Oklahoma,2023,36,0,0,766,0
Oregon,2023,36,8,1,2480,9
Pennsylvania,2023,36,1,0,240,1
South Carolina,2023,36,19,3,1301,22
South Dakota,2023,36,0,0,72,0
Tennessee,2023,36,0,0,20,0
Texas,2023,36,34,48,7726,82
Vermont,2023,36,2,0,235,2
Virginia,2023,36,5,0,1243,5
Washington,2023,36,23,1,1958,24
West Virginia,2023,36,1,0,1378,1
Wisconsin,2023,36,12,3,3900,15
Alabama,2023,37,1,0,269,1
Arizona,2023,37,2,0,162,2
Arkansas,2023,37,0,2,423,2
California,2023,37,29,4,3626,33
Colorado,2023,37,3,0,1132,3
Connecticut,2023,37,4,1,1379,5
Florida,2023,37,3,3,344,6
Georgia,2023,37,7,9,1021,16
Idaho,2023,37,1,0,203,1
Illinois,2023,37,2,0,505,2
Indiana,2023,37,0,0,258,0
Iowa,2023,37,3,6,1474,9
Kansas,2023,37,2,0,315,2
Kentucky,2023,37,1,0,852,1
Louisiana,2023,37,3,0,66,3
Maryland,2023,37,0,0,323,0
Massachusetts,2023,37,1,6,1543,7
Michigan,2023,37,1,0,586,1
Minnesota,2023,37,7,0,1415,7
Mississippi,2023,37,0,8,164,8
Missouri,2023,37,1,2,835,3
Montana,2023,37,2,0,427,2
Nebraska,2023,37,0,4,1146,4
New Mexico,2023,37,14,3,2272,17
New York,2023,37,16,1,4582,17
North Carolina,2023,37,5,3,2572,8
Ohio,2023,37,24,2,4510,26
Oklahoma,2023,37,2,0,686,2
Oregon,2023,37,13,1,2846,14
Pennsylvania,2023,37,0,0,253,0
South Carolina,2023,37,13,4,1275,17
South Dakota,2023,37,0,0,60,0
Tennessee,2023,37,0,0,14,0
Texas,2023,37,33,31,6825,64
Vermont,2023,37,0,0,218,0
Virginia,2023,37,5,0,1338,5
Washington,2023,37,33,2,2379,35
West Virginia,2023,37,1,0,1371,1
Wisconsin,2023,37,19,12,5185,31
Alabama,2023,38,1,0,192,1
Arizona,2023,38,1,0,174,1
Arkansas,2023,38,2,0,398,2
California,2023,38,28,4,3667,32
Colorado,2023,38,5,2,1282,7
Connecticut,2023,38,3,1,1543,4
Florida,2023,38,5,6,361,11
Georgia,2023,38,14,24,1872,38
Idaho,2023,38,0,0,151,0
Illinois,2023,38,1,0,511,1
Indiana,2023,38,0,2,265,2
Iowa,2023,38,4,4,1445,8
Kansas,2023,38,1,0,322,1
Kentucky,2023,38,3,1,802,4
Louisiana,2023,38,0,0,62,0
Maryland,2023,38,1,1,373,2
Massachusetts,2023,38,3,14,1832,17
Michigan,2023,38,1,0,663,1
Minnesota,2023,38,3,1,1609,4
Mississippi,2023,38,2,1,135,3
Missouri,2023,38,1,0,857,1
Montana,2023,38,6,1,431,7
Nebraska,2023,38,2,3,1069,5
New Mexico,2023,38,10,0,2474,10
New York,2023,38,20,6,5784,26
North Carolina,2023,38,14,2,2602,16
Ohio,2023,38,27,6,4955,33
Oklahoma,2023,38,1,0,660,1
Oregon,2023,38,17,1,3039,18
Pennsylvania,2023,38,0,0,249,0
South Carolina,2023,38,17,11,1274,28
South Dakota,2023,38,0,0,80,0
Tennessee,2023,38,0,0,15,0
Texas,2023,38,20,48,4997,68
Vermont,2023,38,3,1,283,4
Virginia,2023,38,5,1,1327,6
Washington,2023,38,25,3,2847,28
West Virginia,2023,38,6,0,1325,6
Wisconsin,2023,38,30,13,6140,43
Alabama,2023,39,0,3,277,3
Arizona,2023,39,3,1,140,4
Arkansas,2023,39,0,1,442,1
California,2023,39,20,5,3752,25
Colorado,2023,39,9,2,1309,11
Connecticut,2023,39,4,0,1535,4
Florida,2023,39,3,2,232,5
Georgia,2023,39,12,9,1017,21
Idaho,2023,39,0,0,249,0
Illinois,2023,39,2,5,495,7
Indiana,2023,39,0,4,252,4
Iowa,2023,39,5,0,1181,5
Kansas,2023,39,1,0,330,1
Kentucky,2023,39,7,0,710,7
Louisiana,2023,39,2,1,66,3
Maryland,2023,39,1,0,316,1
Massachusetts,2023,39,9,12,1601,21
Michigan,2023,39,2,0,695,2
Minnesota,2023,39,0,2,1414,2
Mississippi,2023,39,2,8,170,10
Missouri,2023,39,1,0,842,1
Montana,2023,39,4,3,474,7
Nebraska,2023,39,1,1,989,2
New Mexico,2023,39,10,0,2654,10
New York,2023,39,14,5,5825,19
North Carolina,2023,39,13,2,2566,15
Ohio,2023,39,28,7,4371,35
Oklahoma,2023,39,1,0,656,1
Oregon,2023,39,12,1,3249,13
Pennsylvania,2023,39,1,0,330,1
South Carolina,2023,39,10,7,1325,17
South Dakota,2023,39,0,0,86,0
Tennessee,2023,39,0,0,10,0
Texas,2023,39,63,57,6745,120
Vermont,2023,39,4,0,304,4
Virginia,2023,39,4,1,1345,5
Washington,2023,39,23,1,3327,24
West Virginia,2023,39,6,3,1314,9
Wisconsin,2023,39,24,16,6133,40
Alabama,2023,40,7,2,359,9
Arizona,2023,40,2,0,183,2
Arkansas,2023,40,5,3,407,8
California,2023,40,26,5,3333,31
Colorado,2023,40,12,3,1323,15
Connecticut,2023,40,1,1,1650,2
Florida,2023,40,5,15,334,20
Georgia,2023,40,20,27,1867,47
Idaho,2023,40,0,0,266,0
Illinois,2023,40,1,7,88,8
Indiana,2023,40,0,3,290,3
Iowa,2023,40,4,0,1250,4
Kansas,2023,40,0,0,307,0
Kentucky,2023,40,2,1,660,3
Louisiana,2023,40,2,0,57,2
Maine,2023,40,1,0,863,1
Maryland,2023,40,0,0,354,0
Massachusetts,2023,40,12,3,2019,15
Michigan,2023,40,0,0,651,0
Minnesota,2023,40,6,1,1562,7
Mississippi,2023,40,1,8,137,9
Missouri,2023,40,3,0,1785,3
Montana,2023,40,5,2,496,7
Nebraska,2023,40,12,3,1166,15
New Mexico,2023,40,10,3,2640,13
New York,2023,40,21,7,5876,28
North Carolina,2023,40,14,3,2744,17
North Dakota,2023,40,1,0,223,1
Ohio,2023,40,25,9,6073,34
Oklahoma,2023,40,0,2,685,2
Oregon,2023,40,8,4,1824,12
Pennsylvania,2023,40,2,0,344,2
South Carolina,2023,40,18,20,1329,38
South Dakota,2023,40,0,0,57,0
Tennessee,2023,40,1,2,77,3
Texas,2023,40,54,55,6587,109
Vermont,2023,40,3,0,365,3
Virginia,2023,40,14,3,1276,17
Washington,2023,40,33,1,3034,34
West Virginia,2023,40,5,2,1302,7
Wisconsin,2023,40,21,10,5415,31
Alabama,2023,41,5,2,365,7
Arizona,2023,41,3,0,163,3
Arkansas,2023,41,3,0,405,3
California,2023,41,37,6,3577,43
Colorado,2023,41,23,8,1419,31
Connecticut,2023,41,6,2,1553,8
Florida,2023,41,15,14,393,29
Georgia,2023,41,21,22,1903,43
Idaho,2023,41,1,1,255,2
Illinois,2023,41,3,2,102,5
Indiana,2023,41,0,1,303,1
Iowa,2023,41,3,0,1301,3
Kansas,2023,41,3,0,348,3
Kentucky,2023,41,4,0,645,4
Louisiana,2023,41,4,1,50,5
Maine,2023,41,1,0,926,1
Maryland,2023,41,2,2,360,4
Massachusetts,2023,41,9,11,1854,20
Michigan,2023,41,1,0,647,1
Minnesota,2023,41,7,1,1382,8
Mississippi,2023,41,1,15,189,16
Missouri,2023,41,9,2,1810,11
Montana,2023,41,3,4,513,7
Nebraska,2023,41,12,2,1290,14
New Mexico,2023,41,9,3,2754,12
New York,2023,41,26,7,5414,33
North Carolina,2023,41,30,4,2818,34
North Dakota,2023,41,3,0,255,3
Ohio,2023,41,35,12,5943,47
Oklahoma,2023,41,3,3,776,6
Oregon,2023,41,10,3,1854,13
Pennsylvania,2023,41,0,0,291,0
South Carolina,2023,41,15,9,1355,24
South Dakota,2023,41,0,0,96,0
Tennessee,2023,41,0,2,103,2
Texas,2023,41,105,76,6625,181
Vermont,2023,41,1,0,371,1
Virginia,2023,41,7,0,1261,7
Washington,2023,41,36,1,3195,37
West Virginia,2023,41,0,0,1069,0
Wisconsin,2023,41,35,13,6121,48
Alabama,2023,42,9,5,360,14
Arizona,2023,42,2,0,169,2
Arkansas,2023,42,2,4,389,6
California,2023,42,54,10,3731,64
Colorado,2023,42,21,3,1383,24
Connecticut,2023,42,7,2,1503,9
Florida,2023,42,7,30,344,37
Georgia,2023,42,33,31,1772,64
Idaho,2023,42,1,4,265,5
Illinois,2023,42,2,1,85,3
Indiana,2023,42,0,2,242,2
Iowa,2023,42,5,0,1390,5
Kansas,2023,42,5,0,361,5
Kentucky,2023,42,5,0,640,5
Louisiana,2023,42,0,2,56,2
Maine,2023,42,4,0,886,4
Maryland,2023,42,2,0,363,2
Massachusetts,2023,42,5,6,1994,11
Michigan,2023,42,0,0,656,0
Minnesota,2023,42,8,3,1624,11
Mississippi,2023,42,3,2,195,5
Missouri,2023,42,8,0,1860,8
Montana,2023,42,1,1,458,2
Nebraska,2023,42,13,3,1321,16
New Mexico,2023,42,11,8,2982,19
New York,2023,42,35,8,5586,43
North Carolina,2023,42,21,12,2392,33
North Dakota,2023,42,1,0,253,1
Ohio,2023,42,36,5,6244,41
Oklahoma,2023,42,4,2,766,6
Oregon,2023,42,11,5,1793,16
Pennsylvania,2023,42,3,1,352,4
South Carolina,2023,42,21,13,1302,34
South Dakota,2023,42,0,0,62,0
Tennessee,2023,42,0,2,94,2
Texas,2023,42,126,71,6980,197
Vermont,2023,42,3,0,335,3
Virginia,2023,42,16,2,1330,18
Washington,2023,42,43,9,3163,52
West Virginia,2023,42,0,0,1037,0
Wisconsin,2023,42,39,11,6461,50
Wyoming,2023,42,0,0,17,0
Alabama,2023,43,7,6,399,13
Arizona,2023,43,4,2,154,6
Arkansas,2023,43,3,3,415,6
California,2023,43,70,8,3684,78
Colorado,2023,43,33,9,1331,42
Connecticut,2023,43,22,2,1605,24
Florida,2023,43,11,24,358,35
Georgia,2023,43,51,44,2030,95
Idaho,2023,43,4,2,238,6
Illinois,2023,43,4,3,117,7
Indiana,2023,43,1,0,258,1
Iowa,2023,43,10,5,1387,15
Kansas,2023,43,3,1,375,4
Kentucky,2023,43,7,0,705,7
Louisiana,2023,43,2,3,75,5
Maine,2023,43,7,0,821,7
Maryland,2023,43,6,0,423,6
Massachusetts,2023,43,14,11,2021,25
Michigan,2023,43,2,1,666,3
Minnesota,2023,43,7,0,1693,7
Mississippi,2023,43,1,4,159,5
Missouri,2023,43,3,3,1849,6
Montana,2023,43,0,1,387,1
Nebraska,2023,43,3,5,1357,8
New Mexico,2023,43,10,6,3077,16
New York,2023,43,38,4,5667,42
North Carolina,2023,43,28,9,2890,37
North Dakota,2023,43,0,0,246,0
Ohio,2023,43,41,9,6426,50
Oklahoma,2023,43,7,0,864,7
Oregon,2023,43,11,3,1681,14
Pennsylvania,2023,43,2,0,453,2
South Carolina,2023,43,16,13,1274,29
South Dakota,2023,43,0,0,90,0
Tennessee,2023,43,1,0,75,1
Texas,2023,43,161,124,7410,285
Vermont,2023,43,4,0,347,4
Virginia,2023,43,34,1,1354,35
Washington,2023,43,39,4,3249,43
West Virginia,2023,43,1,0,1065,1
Wisconsin,2023,43,43,11,6937,54
Wyoming,2023,43,0,0,11,0
Alabama,2023,44,28,23,440,51
Arizona,2023,44,5,1,188,6
Arkansas,2023,44,3,8,469,11
California,2023,44,298,31,9227,329
Colorado,2023,44,60,14,1351,74
Connecticut,2023,44,31,6,1660,37
Florida,2023,44,21,32,557,53
Georgia,2023,44,76,48,2072,124
Idaho,2023,44,7,0,263,7
Illinois,2023,44,1,3,127,4
Indiana,2023,44,1,2,304,3
Iowa,2023,44,10,8,1398,18
Kansas,2023,44,1,1,449,2
Kentucky,2023,44,15,3,825,18
Louisiana,2023,44,4,3,80,7
Maine,2023,44,9,0,835,9
Maryland,2023,44,0,1,419,1
Massachusetts,2023,44,31,15,2149,46
Michigan,2023,44,5,1,608,6
Minnesota,2023,44,20,2,1780,22
Mississippi,2023,44,0,1,164,1
Missouri,2023,44,13,4,1927,17
Montana,2023,44,6,2,411,8
Nebraska,2023,44,14,4,1508,18
New Mexico,2023,44,31,3,3398,34
New York,2023,44,53,8,5634,61
North Carolina,2023,44,42,10,3157,52
North Dakota,2023,44,2,0,231,2
Ohio,2023,44,18,6,6373,24
Oklahoma,2023,44,2,1,876,3
Oregon,2023,44,9,6,1793,15
Pennsylvania,2023,44,3,0,439,3
South Carolina,2023,44,21,28,1393,49
South Dakota,2023,44,0,0,85,0
Tennessee,2023,44,1,1,73,2
Texas,2023,44,214,209,7792,423
Vermont,2023,44,7,0,365,7
Virginia,2023,44,49,1,1396,50
Washington,2023,44,62,6,3227,68
West Virginia,2023,44,1,0,1085,1
Wisconsin,2023,44,92,10,6673,102
Wyoming,2023,44,0,0,11,0
Alabama,2023,45,38,62,549,100
Arizona,2023,45,5,0,202,5
Arkansas,2023,45,6,14,552,20
California,2023,45,684,64,15497,748
Colorado,2023,45,97,34,1557,131
Connecticut,2023,45,33,4,1881,37
Florida,2023,45,16,31,442,47
Georgia,2023,45,138,77,2479,215
Idaho,2023,45,7,5,330,12
Illinois,2023,45,5,2,148,7
Indiana,2023,45,1,1,301,2
Iowa,2023,45,25,12,1567,37
Kansas,2023,45,1,2,459,3
Kentucky,2023,45,17,5,798,22
Louisiana,2023,45,15,7,105,22
Maine,2023,45,9,1,904,10
Maryland,2023,45,5,2,448,7
Massachusetts,2023,45,45,34,2372,79
Michigan,2023,45,3,0,672,3
Minnesota,2023,45,16,3,2003,19
Mississippi,2023,45,8,10,197,18
Missouri,2023,45,26,4,2128,30
Montana,2023,45,16,8,481,24
Nebraska,2023,45,29,11,2065,40
New Mexico,2023,45,28,12,3680,40
New York,2023,45,102,18,6030,120
North Carolina,2023,45,108,50,3491,158
North Dakota,2023,45,4,0,296,4
Ohio,2023,45,77,18,7107,95
Oklahoma,2023,45,10,0,1021,10
Oregon,2023,45,26,15,2049,41
Pennsylvania,2023,45,7,0,688,7
South Carolina,2023,45,54,74,1700,128
South Dakota,2023,45,1,0,103,1
Tennessee,2023,45,0,8,133,8
Texas,2023,45,400,381,9288,781
Vermont,2023,45,23,0,395,23
Virginia,2023,45,58,4,1478,62
Washington,2023,45,69,5,3348,74
West Virginia,2023,45,4,2,1187,6
Wisconsin,2023,45,193,21,8182,214
Wyoming,2023,45,0,0,16,0
Alabama,2023,46,33,88,637,121
Arizona,2023,46,8,0,209,8
Arkansas,2023,46,3,11,689,14
California,2023,46,1018,70,17883,1088
Colorado,2023,46,183,60,1851,243
Connecticut,2023,46,56,5,2049,61
Florida,2023,46,12,38,416,50
Georgia,2023,46,76,33,1605,109
Idaho,2023,46,8,7,326,15
Illinois,2023,46,6,3,158,9
Indiana,2023,46,1,1,303,2
Iowa,2023,46,25,11,1684,36
Kansas,2023,46,17,0,552,17
Kentucky,2023,46,19,14,901,33
Louisiana,2023,46,15,15,141,30
Maine,2023,46,16,2,1039,18
Maryland,2023,46,10,2,522,12
Massachusetts,2023,46,55,35,2507,90
Michigan,2023,46,5,0,667,5
Minnesota,2023,46,28,7,2056,35
Mississippi,2023,46,10,14,247,24
Missouri,2023,46,24,7,2240,31
Montana,2023,46,39,27,572,66
Nebraska,2023,46,26,14,1892,40
New Mexico,2023,46,83,16,3730,99
New York,2023,46,143,24,6397,167
North Carolina,2023,46,126,36,3811,162
North Dakota,2023,46,4,4,346,8
Ohio,2023,46,121,35,7963,156
Oklahoma,2023,46,28,1,1181,29
Oregon,2023,46,27,8,1971,35
Pennsylvania,2023,46,8,1,842,9
South Carolina,2023,46,66,103,1702,169
South Dakota,2023,46,0,0,88,0
Tennessee,2023,46,0,4,120,4
Texas,2023,46,544,442,10171,986
Vermont,2023,46,28,0,460,28
Virginia,2023,46,78,4,1554,82
Washington,2023,46,109,27,4477,136
West Virginia,2023,46,4,0,1097,4
Wisconsin,2023,46,384,23,8941,407
Wyoming,2023,46,2,1,28,3
Alabama,2023,47,34,82,550,116
Arizona,2023,47,14,5,175,19
Arkansas,2023,47,5,8,553,13
California,2023,47,1046,62,16214,1108
Colorado,2023,47,216,47,1855,263
Connecticut,2023,47,84,2,2168,86
Florida,2023,47,11,34,427,45
Georgia,2023,47,206,91,2175,297
Idaho,2023,47,15,5,341,20
Illinois,2023,47,13,5,192,18
Indiana,2023,47,4,4,297,8
Iowa,2023,47,42,23,1737,65
Kansas,2023,47,14,1,527,15
Kentucky,2023,47,8,14,776,22
Louisiana,2023,47,8,21,85,29
Maine,2023,47,24,0,1037,24
Maryland,2023,47,15,1,455,16
Massachusetts,2023,47,78,26,2312,104
Michigan,2023,47,8,1,707,9
Minnesota,2023,47,31,5,2028,36
Mississippi,2023,47,11,12,287,23
Missouri,2023,47,34,13,2181,47
Montana,2023,47,85,27,619,112
Nebraska,2023,47,27,10,1908,37
New Mexico,2023,47,97,27,3520,124
New York,2023,47,218,17,5977,235
North Carolina,2023,47,150,60,3596,210
North Dakota,2023,47,7,2,348,9
Ohio,2023,47,246,43,7496,289
Oklahoma,2023,47,21,3,1128,24
Oregon,2023,47,36,13,1784,49
Pennsylvania,2023,47,22,3,907,25
South Carolina,2023,47,73,126,1684,199
South Dakota,2023,47,0,0,88,0
Tennessee,2023,47,2,4,123,6
Texas,2023,47,505,416,9020,921
Vermont,2023,47,24,0,454,24
Virginia,2023,47,62,3,1378,65
Washington,2023,47,188,50,4649,238
West Virginia,2023,47,6,1,1279,7
Wisconsin,2023,47,440,25,8920,465
Wyoming,2023,47,2,0,18,2
Alabama,2023,48,37,91,618,128
Arizona,2023,48,13,0,193,13
Arkansas,2023,48,10,20,653,30
California,2023,48,1728,110,21643,1838
Colorado,2023,48,234,60,2177,294
Connecticut,2023,48,110,0,2373,110
Florida,2023,48,11,37,468,48
Georgia,2023,48,222,81,2689,303
Idaho,2023,48,15,13,450,28
Illinois,2023,48,8,6,227,14
Indiana,2023,48,11,5,392,16
Iowa,2023,48,99,34,2257,133
Kansas,2023,48,22,1,763,23
Kentucky,2023,48,20,19,1097,39
Louisiana,2023,48,6,21,97,27
Maine,2023,48,45,2,1315,47
Maryland,2023,48,33,4,584,37
Massachusetts,2023,48,109,49,2696,158
Michigan,2023,48,20,0,795,20
Minnesota,2023,48,56,10,2385,66
Mississippi,2023,48,7,20,217,27
Missouri,2023,48,45,26,2759,71
Montana,2023,48,102,27,744,129
Nebraska,2023,48,56,11,2479,67
New Mexico,2023,48,284,30,4243,314
New York,2023,48,417,33,7749,450
North Carolina,2023,48,304,80,4559,384
North Dakota,2023,48,16,3,447,19
Ohio,2023,48,347,75,9405,422
Oklahoma,2023,48,26,5,1233,31
Oregon,2023,48,75,12,2159,87
Pennsylvania,2023,48,49,5,1000,54
South Carolina,2023,48,119,135,1850,254
South Dakota,2023,48,0,0,101,0
Tennessee,2023,48,2,4,148,6
Texas,2023,48,643,475,10405,1118
Vermont,2023,48,24,0,440,24
Virginia,2023,48,101,5,1795,106
Washington,2023,48,239,65,5805,304
West Virginia,2023,48,15,5,1588,20
Wisconsin,2023,48,665,53,11938,718
Wyoming,2023,48,7,1,60,8
Alabama,2023,49,67,140,735,207
Arizona,2023,49,18,4,240,22
Arkansas,2023,49,16,26,610,42
California,2023,49,2574,142,22863,2716
Colorado,2023,49,287,96,2213,383
Connecticut,2023,49,142,10,2457,152
Florida,2023,49,19,24,468,43
Georgia,2023,49,379,165,3574,544
Idaho,2023,49,11,9,393,20
Illinois,2023,49,13,7,191,20
Indiana,2023,49,13,5,413,18
Iowa,2023,49,173,39,2526,212
Kansas,2023,49,34,0,664,34
Kentucky,2023,49,43,38,1064,81
Louisiana,2023,49,11,17,106,28
Maine,2023,49,57,3,1309,60
Maryland,2023,49,57,6,609,63
Massachusetts,2023,49,204,54,2960,258
Michigan,2023,49,19,1,853,20
Minnesota,2023,49,114,12,2492,126
Mississippi,2023,49,21,15,254,36
Missouri,2023,49,93,63,3352,156
Montana,2023,49,141,34,783,175
Nebraska,2023,49,84,40,2687,124
New Mexico,2023,49,579,42,5031,621
New York,2023,49,673,51,7881,724
North Carolina,2023,49,412,101,4682,513
North Dakota,2023,49,34,12,485,46
Ohio,2023,49,464,93,9828,557
Oklahoma,2023,49,21,10,1218,31
Oregon,2023,49,125,10,2205,135
Pennsylvania,2023,49,107,6,1075,113
South Carolina,2023,49,61,27,1998,88
South Dakota,2023,49,1,1,108,2
Tennessee,2023,49,7,8,151,15
Texas,2023,49,1069,661,11162,1730
Vermont,2023,49,28,0,486,28
Virginia,2023,49,141,5,1725,146
Washington,2023,49,328,97,5666,425
West Virginia,2023,49,9,11,1408,20
Wisconsin,2023,49,1096,70,12317,1166
Wyoming,2023,49,5,1,33,6
Alabama,2023,50,85,137,741,222
Arizona,2023,50,14,2,229,16
Arkansas,2023,50,16,60,595,76
California,2023,50,3690,215,26124,3905
Colorado,2023,50,321,156,2060,477
Connecticut,2023,50,185,15,2494,200
Florida,2023,50,21,34,455,55
Georgia,2023,50,723,238,4699,961
Idaho,2023,50,33,5,410,38
Illinois,2023,50,22,8,218,30
Indiana,2023,50,17,8,457,25
Iowa,2023,50,246,63,2853,309
Kansas,2023,50,41,1,774,42
Kentucky,2023,50,68,62,1166,130
Louisiana,2023,50,15,22,122,37
Maine,2023,50,83,4,1397,87
Maryland,2023,50,120,2,632,122
Massachusetts,2023,50,346,46,3091,392
Michigan,2023,50,29,2,855,31
Minnesota,2023,50,208,16,2666,224
Mississippi,2023,50,28,31,355,59
Missouri,2023,50,148,180,3983,328
Montana,2023,50,290,42,1008,332
Nebraska,2023,50,139,67,2919,206
New Mexico,2023,50,1020,133,5350,1153
New York,2023,50,1133,88,9330,1221
North Carolina,2023,50,690,177,5396,867
North Dakota,2023,50,61,17,518,78
Ohio,2023,50,821,155,10725,976
Oklahoma,2023,50,45,23,1265,68
Oregon,2023,50,172,12,2368,184
Pennsylvania,2023,50,192,13,1218,205
South Carolina,2023,50,95,49,2291,144
South Dakota,2023,50,1,0,88,1
Tennessee,2023,50,15,20,187,35
Texas,2023,50,1337,880,10628,2217
Vermont,2023,50,35,0,502,35
Virginia,2023,50,204,12,1867,216
Washington,2023,50,378,105,5857,483
West Virginia,2023,50,22,19,1654,41
Wisconsin,2023,50,1588,148,14207,1736
Wyoming,2023,50,10,0,46,10
Alabama,2023,51,95,153,766,248
Arizona,2023,51,39,5,290,44
Arkansas,2023,51,42,107,703,149
California,2023,51,5378,313,30961,5691
Colorado,2023,51,327,228,2393,555
Connecticut,2023,51,324,27,2902,351
Florida,2023,51,43,11,457,54
Georgia,2023,51,440,205,4385,645
Idaho,2023,51,77,20,599,97
Illinois,2023,51,24,12,226,36
Indiana,2023,51,30,25,544,55
Iowa,2023,51,352,97,3124,449
Kansas,2023,51,78,2,861,80
Kentucky,2023,51,67,65,977,132
Louisiana,2023,51,28,49,191,77
Maine,2023,51,186,2,1709,188
Maryland,2023,51,192,8,845,200
Massachusetts,2023,51,486,52,3272,538
Michigan,2023,51,77,4,946,81
Minnesota,2023,51,237,15,2692,252
Mississippi,2023,51,42,46,425,88
Missouri,2023,51,201,235,4275,436
Montana,2023,51,194,53,686,247
Nebraska,2023,51,245,78,3044,323
New Mexico,2023,51,1525,207,6339,1732
New York,2023,51,1706,87,9991,1793
North Carolina,2023,51,993,331,6262,1324
North Dakota,2023,51,136,17,635,153
Ohio,2023,51,1343,263,11544,1606
Oklahoma,2023,51,74,32,1445,106
Oregon,2023,51,330,30,2737,360
Pennsylvania,2023,51,293,24,1348,317
South Carolina,2023,51,331,261,2585,592
South Dakota,2023,51,1,2,89,3
Tennessee,2023,51,22,20,215,42
Texas,2023,51,2375,1168,13572,3543
Vermont,2023,51,29,1,462,30
Virginia,2023,51,299,21,2035,320
Washington,2023,51,492,121,6046,613
West Virginia,2023,51,49,45,1743,94
Wisconsin,2023,51,2369,177,15945,2546
Wyoming,2023,51,13,0,32,13
Alabama,2023,52,83,111,753,194
Arizona,2023,52,43,11,283,54
Arkansas,2023,52,85,67,658,152
California,2023,52,4208,288,27490,4496
Colorado,2023,52,370,279,2363,649
Connecticut,2023,52,453,13,3158,466
Florida,2023,52,40,12,534,52
Georgia,2023,52,860,448,5714,1308
Idaho,2023,52,92,17,634,109
Illinois,2023,52,25,16,273,41
Indiana,2023,52,36,32,521,68
Iowa,2023,52,383,109,3194,492
Kansas,2023,52,77,3,734,80
Kentucky,2023,52,83,72,1026,155
Louisiana,2023,52,26,47,190,73
Maine,2023,52,237,2,1917,239
Maryland,2023,52,224,10,939,234
Massachusetts,2023,52,641,51,3499,692
Michigan,2023,52,113,6,1080,119
Minnesota,2023,52,273,20,2499,293
Mississippi,2023,52,38,45,410,83
Missouri,2023,52,267,232,4445,499
Montana,2023,52,206,51,670,257
Nebraska,2023,52,250,115,2794,365
New Mexico,2023,52,1374,194,6094,1568
New York,2023,52,1853,121,10061,1974
North Carolina,2023,52,952,388,6466,1340
North Dakota,2023,52,97,24,568,121
Ohio,2023,52,1916,407,12312,2323
Oklahoma,2023,52,79,39,1369,118
Oregon,2023,52,311,42,2984,353
Pennsylvania,2023,52,391,33,1565,424
South Carolina,2023,52,555,240,2783,795
South Dakota,2023,52,1,1,87,2
Tennessee,2023,52,33,30,325,63
Texas,2023,52,1882,1012,11962,2894
Vermont,2023,52,88,8,735,96
Virginia,2023,52,362,23,2106,385
Washington,2023,52,431,64,4906,495
West Virginia,2023,52,97,72,1988,169
Wisconsin,2023,52,2472,171,15503,2643
Wyoming,2023,52,9,0,34,9
Alabama,2024,1,79,65,692,144
Arizona,2024,1,21,0,254,21
Arkansas,2024,1,87,86,620,173
California,2024,1,3132,255,26327,3387
Colorado,2024,1,337,220,2549,557
Connecticut,2024,1,285,19,3120,304
Florida,2024,1,53,24,587,77
Georgia,2024,1,220,142,4441,362
Idaho,2024,1,83,19,598,102
Illinois,2024,1,21,8,229,29
Indiana,2024,1,30,16,526,46
Iowa,2024,1,313,81,2516,394
Kansas,2024,1,65,2,756,67
Kentucky,2024,1,68,76,1117,144
Louisiana,2024,1,25,17,169,42
Maine,2024,1,199,7,1892,206
Maryland,2024,1,135,13,818,148
Massachusetts,2024,1,466,48,3481,514
Michigan,2024,1,70,5,1044,75
Minnesota,2024,1,214,15,2557,229
Mississippi,2024,1,43,32,443,75
Missouri,2024,1,205,147,4016,352
Montana,2024,1,184,34,622,218
Nebraska,2024,1,242,111,2550,353
New York,2024,1,1129,83,9327,1212
North Carolina,2024,1,541,267,5350,808
North Dakota,2024,1,76,10,565,86
Ohio,2024,1,1024,357,10369,1381
Oklahoma,2024,1,93,57,1183,150
Oregon,2024,1,280,34,2768,314
Pennsylvania,2024,1,233,32,1393,265
South Carolina,2024,1,312,148,2383,460
South Dakota,2024,1,5,1,124,6
Tennessee,2024,1,18,20,241,38
Texas,2024,1,1661,824,10723,2485
Vermont,2024,1,75,4,757,79
Virginia,2024,1,201,30,1995,231
Washington,2024,1,517,87,6170,604
West Virginia,2024,1,30,20,646,50
Wisconsin,2024,1,1916,185,15573,2101
Wyoming,2024,1,4,1,28,5
Alabama,2024,2,29,37,503,66
Arizona,2024,2,82,24,529,106
Arkansas,2024,2,257,108,868,365
California,2024,2,2361,241,24329,2602
Colorado,2024,2,308,180,2386,488
Connecticut,2024,2,256,15,2723,271
Florida,2024,2,47,8,545,55
Georgia,2024,2,380,292,3540,672
Idaho,2024,2,44,14,456,58
Illinois,2024,2,80,15,693,95
Indiana,2024,2,21,17,463,38
Iowa,2024,2,302,66,2170,368
Kansas,2024,2,88,7,680,95
Kentucky,2024,2,97,95,1077,192
Louisiana,2024,2,9,12,101,21
Maine,2024,2,190,6,1600,196
Maryland,2024,2,75,18,650,93
Massachusetts,2024,2,411,53,3201,464
Michigan,2024,2,70,5,851,75
Minnesota,2024,2,227,31,2529,258
Mississippi,2024,2,35,15,359,50
Missouri,2024,2,231,181,3554,412
Montana,2024,2,153,38,572,191
Nebraska,2024,2,217,97,2097,314
New Mexico,2024,2,648,166,4782,814
New York,2024,2,1041,97,9122,1138
North Carolina,2024,2,348,163,4593,511
North Dakota,2024,2,69,13,492,82
Ohio,2024,2,1124,396,10597,1520
Oklahoma,2024,2,114,63,1167,177
Oregon,2024,2,247,25,2562,272
Pennsylvania,2024,2,194,17,1150,211
South Carolina,2024,2,162,75,1953,237
South Dakota,2024,2,2,3,77,5
Tennessee,2024,2,13,13,217,26
Texas,2024,2,1549,712,10284,2261
Vermont,2024,2,74,0,617,74
Virginia,2024,2,183,36,1836,219
Washington,2024,2,404,73,5644,477
West Virginia,2024,2,34,26,585,60
Wisconsin,2024,2,1693,177,12602,1870
Wyoming,2024,2,11,1,38,12
Alabama,2024,3,52,23,542,75
Arizona,2024,3,97,53,671,150
Arkansas,2024,3,191,84,598,275
California,2024,3,2335,309,22073,2644
Colorado,2024,3,210,172,1989,382
Connecticut,2024,3,246,20,2250,266
Florida,2024,3,55,12,506,67
Georgia,2024,3,324,315,3409,639
Idaho,2024,3,47,18,425,65
Illinois,2024,3,55,13,507,68
Indiana,2024,3,24,14,351,38
Iowa,2024,3,268,116,1908,384
Kansas,2024,3,78,7,627,85
Kentucky,2024,3,69,51,801,120
Louisiana,2024,3,10,2,67,12
Maine,2024,3,183,8,1366,191
Maryland,2024,3,54,50,476,104
Massachusetts,2024,3,372,46,2843,418
Michigan,2024,3,61,2,740,63
Minnesota,2024,3,277,28,1733,305
Mississippi,2024,3,18,7,251,25
Missouri,2024,3,183,117,3047,300
Montana,2024,3,94,33,507,127
Nebraska,2024,3,161,109,1711,270
New Mexico,2024,3,642,231,4936,873
New York,2024,3,816,101,7769,917
North Carolina,2024,3,212,201,4024,413
North Dakota,2024,3,150,18,649,168
Ohio,2024,3,1047,536,8808,1583
Oklahoma,2024,3,115,97,1125,212
Oregon,2024,3,227,28,2454,255
Pennsylvania,2024,3,142,34,995,176
South Carolina,2024,3,132,68,1690,200
South Dakota,2024,3,5,0,71,5
Tennessee,2024,3,13,9,151,22
Texas,2024,3,1773,752,10035,2525
Vermont,2024,3,87,3,662,90
Virginia,2024,3,148,29,1475,177
Washington,2024,3,399,67,5354,466
West Virginia,2024,3,30,33,469,63
Wisconsin,2024,3,1421,212,11177,1633
Wyoming,2024,3,2,2,22,4
Alabama,2024,4,57,17,573,74
Arizona,2024,4,131,72,785,203
Arkansas,2024,4,253,60,786,313
California,2024,4,1714,360,21370,2074
Colorado,2024,4,201,161,2065,362
Connecticut,2024,4,318,18,2411,336
Florida,2024,4,42,7,587,49
Georgia,2024,4,333,389,3891,722
Idaho,2024,4,58,22,442,80
Illinois,2024,4,55,21,524,76
Indiana,2024,4,34,22,406,56
Iowa,2024,4,343,101,2140,444
Kansas,2024,4,77,17,658,94
Kentucky,2024,4,81,55,876,136
Louisiana,2024,4,10,0,79,10
Maine,2024,4,230,2,1335,232
Maryland,2024,4,77,17,494,94
Massachusetts,2024,4,381,45,2833,426
Michigan,2024,4,75,3,784,78
Minnesota,2024,4,327,43,2410,370
Mississippi,2024,4,16,14,276,30
Missouri,2024,4,193,155,3167,348
Montana,2024,4,105,37,528,142
Nebraska,2024,4,214,168,2056,382
New Mexico,2024,4,677,338,5217,1015
New York,2024,4,729,146,7487,875
North Carolina,2024,4,213,227,4007,440
North Dakota,2024,4,131,21,553,152
Ohio,2024,4,1185,742,9333,1927
Oklahoma,2024,4,165,142,1348,307
Oregon,2024,4,207,28,2290,235
Pennsylvania,2024,4,136,35,972,171
South Carolina,2024,4,199,82,1968,281
South Dakota,2024,4,4,0,86,4
Tennessee,2024,4,11,5,148,16
Texas,2024,4,2856,1185,13543,4041
Vermont,2024,4,70,2,602,72
Virginia,2024,4,128,52,1731,180
Washington,2024,4,436,74,5492,510
West Virginia,2024,4,23,22,472,45
Wisconsin,2024,4,1373,325,9962,1698
Wyoming,2024,4,9,12,54,21
Alabama,2024,5,43,10,559,53
Arizona,2024,5,78,54,801,132
Arkansas,2024,5,300,68,557,368
California,2024,5,1259,367,19959,1626
Colorado,2024,5,214,161,2036,375
Connecticut,2024,5,296,22,2529,318
Florida,2024,5,44,7,545,51
Georgia,2024,5,247,374,3621,621
Idaho,2024,5,43,23,449,66
Illinois,2024,5,61,37,627,98
Indiana,2024,5,38,22,387,60
Iowa,2024,5,365,129,2239,494
Kansas,2024,5,132,50,858,182
Kentucky,2024,5,74,44,812,118
Louisiana,2024,5,7,4,90,11
Maine,2024,5,309,5,1537,314
Maryland,2024,5,31,36,419,67
Massachusetts,2024,5,376,67,2679,443
Michigan,2024,5,69,16,801,85
Minnesota,2024,5,332,57,2354,389
Mississippi,2024,5,12,12,236,24
Missouri,2024,5,263,247,3422,510
Montana,2024,5,52,48,486,100
Nebraska,2024,5,378,347,2645,725
New Mexico,2024,5,451,455,5146,906
New York,2024,5,653,181,7267,834
North Carolina,2024,5,145,151,3841,296
North Dakota,2024,5,116,38,585,154
Ohio,2024,5,1291,1034,10054,2325
Oklahoma,2024,5,163,196,1429,359
Oregon,2024,5,154,36,2193,190
Pennsylvania,2024,5,134,59,1019,193
South Carolina,2024,5,141,63,1888,204
South Dakota,2024,5,1,0,82,1
Tennessee,2024,5,10,6,153,16
Texas,2024,5,2845,1492,15183,4337
Vermont,2024,5,48,5,590,53
Virginia,2024,5,113,70,1657,183
Washington,2024,5,394,54,5229,448
West Virginia,2024,5,24,37,429,61
Wisconsin,2024,5,1482,506,11939,1988
Wyoming,2024,5,6,19,47,25
Alabama,2024,6,40,15,602,55
Arizona,2024,6,37,48,673,85
Arkansas,2024,6,303,65,825,368
California,2024,6,801,308,17034,1109
Colorado,2024,6,196,185,2096,381
Connecticut,2024,6,319,37,2319,356
Florida,2024,6,36,6,558,42
Georgia,2024,6,235,343,3255,578
Idaho,2024,6,39,27,491,66
Illinois,2024,6,52,32,701,84
Indiana,2024,6,38,22,436,60
Iowa,2024,6,426,224,2522,650
Kansas,2024,6,124,104,1000,228
Kentucky,2024,6,109,33,886,142
Louisiana,2024,6,12,3,104,15
Maine,2024,6,307,6,1553,313
Maryland,2024,6,35,43,484,78
Massachusetts,2024,6,382,91,2868,473
Michigan,2024,6,91,26,854,117
Minnesota,2024,6,291,74,2370,365
Mississippi,2024,6,11,12,366,23
Missouri,2024,6,271,323,3701,594
Montana,2024,6,59,26,432,85
Nebraska,2024,6,434,432,3033,866
New Mexico,2024,6,416,481,5355,897
New York,2024,6,665,253,7576,918
North Carolina,2024,6,133,226,3782,359
North Dakota,2024,6,76,73,545,149
Ohio,2024,6,1584,1359,11093,2943
Oklahoma,2024,6,121,222,1500,343
Oregon,2024,6,124,45,2318,169
Pennsylvania,2024,6,171,103,1249,274
South Carolina,2024,6,125,41,1892,166
South Dakota,2024,6,10,3,83,13
Tennessee,2024,6,11,10,154,21
Texas,2024,6,1707,1227,13484,2934
Vermont,2024,6,80,7,696,87
Virginia,2024,6,164,112,1757,276
Washington,2024,6,330,59,4923,389
West Virginia,2024,6,26,40,581,66
Wisconsin,2024,6,1441,694,12201,2135
Wyoming,2024,6,9,19,80,28
Alabama,2024,7,36,7,577,43
Arizona,2024,7,19,39,670,58
Arkansas,2024,7,261,73,754,334
California,2024,7,873,411,18918,1284
Colorado,2024,7,128,138,1745,266
Connecticut,2024,7,253,18,2111,271
Florida,2024,7,38,5,483,43
Georgia,2024,7,165,265,2868,430
Idaho,2024,7,24,29,447,53
Illinois,2024,7,43,54,613,97
Indiana,2024,7,38,33,388,71
Iowa,2024,7,432,246,2505,678
Kansas,2024,7,133,115,1040,248
Kentucky,2024,7,81,47,832,128
Louisiana,2024,7,14,4,94,18
Maine,2024,7,302,8,1552,310
Maryland,2024,7,44,60,580,104
Massachusetts,2024,7,368,121,2784,489
Michigan,2024,7,85,18,778,103
Minnesota,2024,7,296,87,2473,383
Mississippi,2024,7,12,6,277,18
Missouri,2024,7,314,339,3587,653
Montana,2024,7,66,40,494,106
Nebraska,2024,7,460,446,3049,906
New Mexico,2024,7,319,595,5327,914
New York,2024,7,691,330,7441,1021
North Carolina,2024,7,112,180,3764,292
North Dakota,2024,7,54,60,500,114
Ohio,2024,7,1502,1472,10972,2974
Oklahoma,2024,7,122,201,1373,323
Oregon,2024,7,140,69,2359,209
Pennsylvania,2024,7,160,116,1187,276
South Carolina,2024,7,32,7,1918,39
South Dakota,2024,7,3,3,82,6
Tennessee,2024,7,5,1,165,6
Texas,2024,7,1161,850,11342,2011
Vermont,2024,7,100,8,667,108
Virginia,2024,7,116,143,1761,259
Washington,2024,7,265,61,4781,326
West Virginia,2024,7,39,49,596,88
Wisconsin,2024,7,1489,827,12394,2316
Wyoming,2024,7,3,16,39,19
Alabama,2024,8,31,7,499,38
Arizona,2024,8,21,43,647,64
Arkansas,2024,8,215,83,813,298
California,2024,8,625,384,17680,1009
Colorado,2024,8,145,145,1746,290
Connecticut,2024,8,247,46,2056,293
Florida,2024,8,30,2,480,32
Georgia,2024,8,130,201,2734,331
Idaho,2024,8,48,16,502,64
Illinois,2024,8,47,58,597,105
Indiana,2024,8,22,23,383,45
Iowa,2024,8,398,290,2625,688
Kansas,2024,8,120,169,1108,289
Kentucky,2024,8,58,49,816,107
Louisiana,2024,8,9,0,75,9
Maine,2024,8,216,15,1304,231
Maryland,2024,8,32,72,482,104
Massachusetts,2024,8,331,106,2762,437
Michigan,2024,8,112,27,900,139
Minnesota,2024,8,259,117,2291,376
Mississippi,2024,8,12,8,276,20
Missouri,2024,8,396,336,3817,732
Montana,2024,8,30,20,414,50
Nebraska,2024,8,501,516,2919,1017
New Mexico,2024,8,254,600,5237,854
New York,2024,8,610,344,6986,954
North Carolina,2024,8,95,147,3670,242
North Dakota,2024,8,56,54,450,110
Ohio,2024,8,1552,1606,11289,3158
Oklahoma,2024,8,143,212,1453,355
Oregon,2024,8,113,104,2461,217
Pennsylvania,2024,8,114,145,1192,259
South Carolina,2024,8,90,42,1875,132
South Dakota,2024,8,4,3,87,7
Tennessee,2024,8,5,14,158,19
Texas,2024,8,888,673,10613,1561
Vermont,2024,8,88,17,617,105
Virginia,2024,8,112,154,1839,266
Washington,2024,8,232,61,4736,293
West Virginia,2024,8,43,44,570,87
Wisconsin,2024,8,1406,1125,12420,2531
Wyoming,2024,8,3,13,41,16
Alabama,2024,9,16,11,435,27
Arizona,2024,9,13,47,653,60
Arkansas,2024,9,161,55,636,216
California,2024,9,568,361,16113,929
Colorado,2024,9,118,110,1739,228
Connecticut,2024,9,268,61,2157,329
Florida,2024,9,22,3,532,25
Georgia,2024,9,92,152,2459,244
Idaho,2024,9,35,19,482,54
Illinois,2024,9,43,56,601,99
Indiana,2024,9,21,29,326,50
Iowa,2024,9,392,280,2466,672
Kentucky,2024,9,73,47,827,120
Louisiana,2024,9,4,1,71,5
Maine,2024,9,158,14,1210,172
Maryland,2024,9,45,52,550,97
Massachusetts,2024,9,330,96,2690,426
Michigan,2024,9,89,48,889,137
Minnesota,2024,9,177,124,2352,301
Mississippi,2024,9,10,9,238,19
Missouri,2024,9,301,198,2404,499
Montana,2024,9,41,22,421,63
Nebraska,2024,9,571,540,3281,1111
New Mexico,2024,9,214,590,5187,804
New York,2024,9,535,290,6570,825
North Carolina,2024,9,118,122,3470,240
North Dakota,2024,9,56,36,453,92
Ohio,2024,9,1539,1466,10523,3005
Oklahoma,2024,9,88,165,1298,253
Oregon,2024,9,119,93,2373,212
Pennsylvania,2024,9,100,158,1123,258
South Carolina,2024,9,95,4,1797,99
South Dakota,2024,9,4,6,85,10
Tennessee,2024,9,11,7,150,18
Texas,2024,9,622,495,9433,1117
Vermont,2024,9,83,12,563,95
Virginia,2024,9,97,145,1736,242
Washington,2024,9,191,59,4545,250
West Virginia,2024,9,47,50,572,97
Wisconsin,2024,9,1215,1306,11800,2521
Wyoming,2024,9,3,7,35,10
Alabama,2024,10,21,2,404,23
Arizona,2024,10,7,42,579,49
Arkansas,2024,10,100,58,572,158
California,2024,10,535,333,16455,868
Colorado,2024,10,90,95,1631,185
Connecticut,2024,10,235,80,1993,315
Florida,2024,10,30,3,531,33
Georgia,2024,10,94,87,1938,181
Idaho,2024,10,25,16,388,41
Illinois,2024,10,44,70,605,114
Indiana,2024,10,23,16,348,39
Iowa,2024,10,326,242,2071,568
Kentucky,2024,10,45,41,642,86
Louisiana,2024,10,6,2,80,8
Maine,2024,10,128,19,1168,147
Maryland,2024,10,30,43,492,73
Massachusetts,2024,10,289,89,2365,378
Michigan,2024,10,75,48,917,123
Minnesota,2024,10,159,190,2297,349
Mississippi,2024,10,9,3,195,12
Missouri,2024,10,255,164,2075,419
Montana,2024,10,23,19,400,42
Nebraska,2024,10,433,474,2672,907
New Mexico,2024,10,209,634,5091,843
New York,2024,10,397,286,5725,683
North Carolina,2024,10,94,100,3298,194
North Dakota,2024,10,36,43,419,79
Ohio,2024,10,1342,1134,9511,2476
Oklahoma,2024,10,104,152,1212,256
Oregon,2024,10,133,118,2381,251
Pennsylvania,2024,10,117,129,1077,246
South Carolina,2024,10,71,24,1703,95
South Dakota,2024,10,6,6,101,12
Tennessee,2024,10,12,9,151,21
Texas,2024,10,521,439,8818,960
Vermont,2024,10,99,11,658,110
Virginia,2024,10,77,150,1653,227
Washington,2024,10,195,41,4476,236
West Virginia,2024,10,32,34,526,66
Wisconsin,2024,10,1140,1363,11272,2503
Wyoming,2024,10,3,5,36,8
Alabama,2024,11,14,4,440,18
Arizona,2024,11,10,45,554,55
Arkansas,2024,11,76,39,549,115
California,2024,11,454,355,16025,809
Colorado,2024,11,82,63,1518,145
Connecticut,2024,11,136,58,1877,194
Florida,2024,11,25,5,454,30
Georgia,2024,11,60,52,2021,112
Idaho,2024,11,27,14,434,41
Illinois,2024,11,29,55,615,84
Indiana,2024,11,15,16,299,31
Iowa,2024,11,243,177,1844,420
Kentucky,2024,11,22,24,607,46
Louisiana,2024,11,1,1,70,2
Maine,2024,11,78,27,1042,105
Maryland,2024,11,24,28,431,52
Massachusetts,2024,11,188,75,2425,263
Michigan,2024,11,62,58,848,120
Minnesota,2024,11,151,199,2282,350
Mississippi,2024,11,3,2,187,5
Missouri,2024,11,218,194,3031,412
Montana,2024,11,21,27,377,48
Nebraska,2024,11,425,446,2722,871
New Mexico,2024,11,186,622,4966,808
New York,2024,11,301,239,5361,540
North Carolina,2024,11,46,56,2837,102
North Dakota,2024,11,41,52,421,93
Ohio,2024,11,763,722,8088,1485
Oklahoma,2024,11,83,85,1184,168
Oregon,2024,11,146,124,2468,270
Pennsylvania,2024,11,73,120,1058,193
South Carolina,2024,11,45,24,1534,69
South Dakota,2024,11,6,5,83,11
Tennessee,2024,11,6,2,150,8
Texas,2024,11,370,223,7659,593
Vermont,2024,11,37,7,418,44
Virginia,2024,11,29,101,1460,130
Washington,2024,11,261,78,4624,339
West Virginia,2024,11,12,18,396,30
Wisconsin,2024,11,918,1347,10872,2265
Wyoming,2024,11,1,1,31,2
Alabama,2024,12,23,4,371,27
Arizona,2024,12,10,34,432,44
Arkansas,2024,12,20,19,399,39
California,2024,12,440,374,15334,814
Colorado,2024,12,64,48,1448,112
Connecticut,2024,12,119,66,1791,185
Florida,2024,12,23,1,384,24
Georgia,2024,12,62,46,1836,108
Idaho,2024,12,15,10,373,25
Illinois,2024,12,19,50,574,69
Indiana,2024,12,15,9,315,24
Iowa,2024,12,153,132,1635,285
Kentucky,2024,12,23,21,695,44
Louisiana,2024,12,2,1,79,3
Maine,2024,12,73,26,1029,99
Maryland,2024,12,19,16,415,35
Massachusetts,2024,12,167,82,2331,249
Michigan,2024,12,41,50,844,91
Minnesota,2024,12,130,196,2197,326
Mississippi,2024,12,4,4,214,8
Missouri,2024,12,128,103,2628,231
Montana,2024,12,10,18,336,28
Nebraska,2024,12,339,275,2315,614
New Mexico,2024,12,195,474,4828,669
New York,2024,12,256,231,5183,487
North Carolina,2024,12,40,43,2771,83
North Dakota,2024,12,29,35,370,64
Ohio,2024,12,612,479,7281,1091
Oklahoma,2024,12,44,47,893,91
Oregon,2024,12,192,124,2341,316
Pennsylvania,2024,12,49,85,984,134
South Carolina,2024,12,47,10,1557,57
South Dakota,2024,12,5,7,108,12
Tennessee,2024,12,5,3,72,8
Texas,2024,12,311,132,7080,443
Vermont,2024,12,45,4,452,49
Virginia,2024,12,30,67,1421,97
Washington,2024,12,199,50,4364,249
West Virginia,2024,12,16,40,516,56
Wisconsin,2024,12,708,1155,9857,1863
Wyoming,2024,12,0,1,23,1
Alabama,2024,13,28,1,396,29
Arizona,2024,13,8,16,466,24
Arkansas,2024,13,17,17,347,34
California,2024,13,342,294,14224,636
Colorado,2024,13,57,26,1347,83
Connecticut,2024,13,96,87,1787,183
Florida,2024,13,12,1,416,13
Georgia,2024,13,9,7,1170,16
Idaho,2024,13,17,11,366,28
Illinois,2024,13,39,60,486,99
Indiana,2024,13,14,6,300,20
Iowa,2024,13,120,121,1460,241
Kentucky,2024,13,33,15,689,48
Louisiana,2024,13,0,3,69,3
Maine,2024,13,58,23,935,81
Maryland,2024,13,20,13,353,33
Massachusetts,2024,13,130,89,2367,219
Michigan,2024,13,41,42,733,83
Minnesota,2024,13,78,146,1933,224
Mississippi,2024,13,4,7,223,11
Missouri,2024,13,137,104,2627,241
Montana,2024,13,17,10,279,27
Nebraska,2024,13,323,217,2159,540
New Mexico,2024,13,139,346,4346,485
New York,2024,13,244,320,5115,564
North Carolina,2024,13,48,26,2460,74
North Dakota,2024,13,18,29,359,47
Ohio,2024,13,537,332,6687,869
Oklahoma,2024,13,40,43,936,83
Oregon,2024,13,154,103,2123,257
Pennsylvania,2024,13,43,83,927,126
South Carolina,2024,13,23,15,1466,38
South Dakota,2024,13,4,6,80,10
Tennessee,2024,13,3,2,105,5
Texas,2024,13,219,110,6839,329
Vermont,2024,13,32,11,407,43
Virginia,2024,13,34,54,1332,88
Washington,2024,13,134,58,4240,192
West Virginia,2024,13,17,15,489,32
Wisconsin,2024,13,567,956,9452,1523
Wyoming,2024,13,0,1,18,1
Alabama,2024,14,17,2,380,19
Arizona,2024,14,4,11,385,15
Arkansas,2024,14,12,7,295,19
California,2024,14,324,253,13511,577
Colorado,2024,14,38,20,1295,58
Connecticut,2024,14,82,73,1757,155
Florida,2024,14,15,1,395,16
Georgia,2024,14,32,18,1589,50
Idaho,2024,14,10,12,337,22
Illinois,2024,14,32,37,500,69
Indiana,2024,14,10,8,303,18
Iowa,2024,14,136,92,1616,228
Kentucky,2024,14,19,10,625,29
Louisiana,2024,14,1,1,76,2
Maine,2024,14,50,15,902,65
Maryland,2024,14,29,17,366,46
Massachusetts,2024,14,134,95,2253,229
Michigan,2024,14,36,47,808,83
Minnesota,2024,14,73,126,1775,199
Mississippi,2024,14,8,8,189,16
Missouri,2024,14,76,32,1332,108
Montana,2024,14,8,15,257,23
Nebraska,2024,14,314,199,2141,513
New Mexico,2024,14,99,210,3967,309
New York,2024,14,198,241,4946,439
North Carolina,2024,14,44,10,2261,54
North Dakota,2024,14,14,33,346,47
Ohio,2024,14,371,219,6317,590
Oklahoma,2024,14,35,24,873,59
Oregon,2024,14,99,66,1957,165
Pennsylvania,2024,14,50,55,885,105
South Carolina,2024,14,28,8,1251,36
South Dakota,2024,14,9,3,92,12
Tennessee,2024,14,0,2,116,2
Texas,2024,14,153,74,6723,227
Vermont,2024,14,25,5,417,30
Virginia,2024,14,20,54,1341,74
Washington,2024,14,100,47,4055,147
West Virginia,2024,14,48,20,1006,68
Wisconsin,2024,14,382,700,8629,1082
Wyoming,2024,14,0,0,20,0
Alabama,2024,15,7,1,388,8
Arizona,2024,15,8,10,412,18
Arkansas,2024,15,10,8,373,18
California,2024,15,335,257,13631,592
Colorado,2024,15,69,21,1365,90
Connecticut,2024,15,73,73,1681,146
Florida,2024,15,6,1,411,7
Georgia,2024,15,11,8,1408,19
Idaho,2024,15,2,7,319,9
Illinois,2024,15,18,20,457,38
Indiana,2024,15,5,3,242,8
Iowa,2024,15,85,64,1472,149
Kentucky,2024,15,14,3,625,17
Louisiana,2024,15,0,0,52,0
Maine,2024,15,55,23,931,78
Maryland,2024,15,12,7,332,19
Massachusetts,2024,15,85,89,2253,174
Michigan,2024,15,20,28,739,48
Minnesota,2024,15,45,91,1792,136
Mississippi,2024,15,6,4,171,10
Missouri,2024,15,67,14,1432,81
Montana,2024,15,2,8,219,10
Nebraska,2024,15,197,117,1589,314
New Mexico,2024,15,51,188,3840,239
New York,2024,15,135,173,4737,308
North Carolina,2024,15,19,14,2274,33
North Dakota,2024,15,10,20,343,30
Ohio,2024,15,255,125,5722,380
Oklahoma,2024,15,24,6,920,30
Oregon,2024,15,55,62,1818,117
Pennsylvania,2024,15,39,19,732,58
South Carolina,2024,15,10,7,1223,17
South Dakota,2024,15,2,5,116,7
Tennessee,2024,15,2,2,108,4
Texas,2024,15,136,49,6456,185
Vermont,2024,15,21,6,405,27
Virginia,2024,15,12,26,1148,38
Washington,2024,15,79,35,3824,114
West Virginia,2024,15,27,10,982,37
Wisconsin,2024,15,313,496,8047,809
Alabama,2024,16,4,1,302,5
Arizona,2024,16,13,17,460,30
Arkansas,2024,16,5,0,337,5
California,2024,16,393,229,13047,622
Colorado,2024,16,40,7,1201,47
Connecticut,2024,16,75,42,1525,117
Florida,2024,16,10,3,392,13
Georgia,2024,16,9,2,790,11
Idaho,2024,16,3,5,327,8
Illinois,2024,16,16,25,393,41
Indiana,2024,16,3,0,232,3
Iowa,2024,16,49,37,1273,86
Kentucky,2024,16,4,3,549,7
Louisiana,2024,16,0,0,53,0
Maine,2024,16,20,20,751,40
Maryland,2024,16,2,5,290,7
Massachusetts,2024,16,52,56,1835,108
Michigan,2024,16,9,20,678,29
Minnesota,2024,16,26,69,1663,95
Mississippi,2024,16,4,9,183,13
Missouri,2024,16,60,15,1332,75
Montana,2024,16,4,8,223,12
Nebraska,2024,16,155,55,1484,210
New Mexico,2024,16,49,161,3701,210
New York,2024,16,82,109,4317,191
North Carolina,2024,16,20,9,2171,29
North Dakota,2024,16,0,18,266,18
Ohio,2024,16,128,59,5085,187
Oklahoma,2024,16,24,11,833,35
Oregon,2024,16,41,35,1770,76
Pennsylvania,2024,16,25,17,611,42
South Carolina,2024,16,15,2,1173,17
South Dakota,2024,16,1,1,87,2
Tennessee,2024,16,5,4,90,9
Texas,2024,16,113,23,5996,136
Vermont,2024,16,18,6,374,24
Virginia,2024,16,8,18,1093,26
Washington,2024,16,83,50,3552,133
West Virginia,2024,16,13,4,922,17
Wisconsin,2024,16,210,356,7243,566
Wyoming,2024,16,1,0,11,1
Alabama,2024,17,8,1,354,9
Arizona,2024,17,2,15,340,17
Arkansas,2024,17,0,3,333,3
California,2024,17,314,202,12438,516
Colorado,2024,17,25,4,1219,29
Connecticut,2024,17,89,33,1495,122
Florida,2024,17,6,2,374,8
Georgia,2024,17,5,1,797,6
Idaho,2024,17,14,0,306,14
Illinois,2024,17,20,18,388,38
Indiana,2024,17,1,0,281,1
Iowa,2024,17,31,21,1128,52
Kentucky,2024,17,3,4,546,7
Louisiana,2024,17,0,0,44,0
Maine,2024,17,17,13,677,30
Maryland,2024,17,6,5,272,11
Massachusetts,2024,17,30,32,1794,62
Michigan,2024,17,8,12,656,20
Minnesota,2024,17,24,63,1611,87
Mississippi,2024,17,5,13,224,18
Missouri,2024,17,43,12,2167,55
Montana,2024,17,5,6,225,11
Nebraska,2024,17,139,37,1586,176
New Mexico,2024,17,53,125,3753,178
New York,2024,17,91,74,4061,165
North Carolina,2024,17,18,1,2078,19
North Dakota,2024,17,1,11,289,12
Ohio,2024,17,78,29,4857,107
Oklahoma,2024,17,12,10,787,22
Oregon,2024,17,45,40,1685,85
Pennsylvania,2024,17,11,16,628,27
South Carolina,2024,17,3,4,1086,7
South Dakota,2024,17,0,1,81,1
Tennessee,2024,17,2,0,103,2
Texas,2024,17,66,31,5722,97
Vermont,2024,17,1,1,254,2
Virginia,2024,17,4,15,1057,19
Washington,2024,17,106,33,3665,139
West Virginia,2024,17,10,3,913,13
Wisconsin,2024,17,141,263,6720,404
Alabama,2024,18,7,0,274,7
Arizona,2024,18,11,25,391,36
Arkansas,2024,18,1,7,323,8
California,2024,18,145,129,7448,274
Colorado,2024,18,28,5,1239,33
Connecticut,2024,18,52,29,1327,81
Florida,2024,18,4,3,385,7
Georgia,2024,18,30,0,781,30
Idaho,2024,18,3,1,286,4
Illinois,2024,18,6,20,362,26
Indiana,2024,18,1,0,252,1
Iowa,2024,18,23,18,1051,41
Kentucky,2024,18,2,2,524,4
Louisiana,2024,18,1,0,37,1
Maine,2024,18,11,16,673,27
Maryland,2024,18,5,1,280,6
Massachusetts,2024,18,39,31,1647,70
Michigan,2024,18,7,11,565,18
Minnesota,2024,18,19,29,1572,48
Mississippi,2024,18,2,8,163,10
Missouri,2024,18,23,1,1065,24
Montana,2024,18,2,1,167,3
Nebraska,2024,18,55,24,1322,79
New Mexico,2024,18,65,57,3582,122
New York,2024,18,99,52,3949,151
North Carolina,2024,18,12,3,1944,15
North Dakota,2024,18,0,10,243,10
Ohio,2024,18,51,18,4438,69
Oklahoma,2024,18,4,1,179,5
Oregon,2024,18,43,21,1641,64
Pennsylvania,2024,18,8,16,604,24
South Carolina,2024,18,4,1,1001,5
South Dakota,2024,18,1,3,108,4
Tennessee,2024,18,0,0,87,0
Texas,2024,18,64,27,5244,91
Vermont,2024,18,6,2,291,8
Virginia,2024,18,6,5,855,11
Washington,2024,18,99,25,3498,124
West Virginia,2024,18,6,1,969,7
Wisconsin,2024,18,96,180,6217,276
Alabama,2024,19,9,0,298,9
Arizona,2024,19,2,20,389,22
Arkansas,2024,19,4,1,319,5
California,2024,19,66,39,2714,105
Colorado,2024,19,28,3,1223,31
Connecticut,2024,19,41,12,1400,53
Florida,2024,19,7,0,321,7
Georgia,2024,19,7,1,1350,8
Idaho,2024,19,0,4,287,4
Illinois,2024,19,4,9,372,13
Indiana,2024,19,0,0,220,0
Iowa,2024,19,14,10,1013,24
Kentucky,2024,19,1,1,547,2
Louisiana,2024,19,2,0,51,2
Maine,2024,19,4,11,652,15
Maryland,2024,19,1,4,285,5
Massachusetts,2024,19,19,22,1588,41
Michigan,2024,19,3,1,532,4
Minnesota,2024,19,11,16,1457,27
Mississippi,2024,19,4,7,170,11
Missouri,2024,19,8,0,805,8
Montana,2024,19,3,1,211,4
Nebraska,2024,19,40,15,1296,55
New Mexico,2024,19,36,38,3170,74
New York,2024,19,53,32,3730,85
North Carolina,2024,19,7,4,1873,11
North Dakota,2024,19,2,2,215,4
Ohio,2024,19,25,10,4411,35
Oklahoma,2024,19,1,1,349,2
Oregon,2024,19,72,26,1695,98
Pennsylvania,2024,19,3,10,483,13
South Carolina,2024,19,6,2,968,8
South Dakota,2024,19,0,0,97,0
Tennessee,2024,19,0,0,84,0
Texas,2024,19,71,11,5084,82
Vermont,2024,19,7,1,324,8
Virginia,2024,19,4,6,1044,10
Washington,2024,19,115,36,3434,151
West Virginia,2024,19,1,1,1052,2
Wisconsin,2024,19,73,71,5435,144
Alabama,2024,20,5,0,314,5
Arizona,2024,20,4,15,347,19
Arkansas,2024,20,1,1,282,2
California,2024,20,29,51,2782,80
Colorado,2024,20,27,1,1142,28
Connecticut,2024,20,17,10,1339,27
Florida,2024,20,17,0,331,17
Georgia,2024,20,1,2,1283,3
Idaho,2024,20,2,2,315,4
Illinois,2024,20,1,1,299,2
Indiana,2024,20,0,0,220,0
Iowa,2024,20,7,9,961,16
Kentucky,2024,20,3,1,512,4
Louisiana,2024,20,0,0,30,0
Maine,2024,20,4,6,666,10
Maryland,2024,20,5,0,252,5
Massachusetts,2024,20,18,13,1499,31
Michigan,2024,20,2,2,488,4
Minnesota,2024,20,8,8,1361,16
Mississippi,2024,20,2,3,129,5
Missouri,2024,20,0,2,651,2
Montana,2024,20,0,0,182,0
Nebraska,2024,20,22,8,1069,30
New Mexico,2024,20,31,33,3038,64
New York,2024,20,26,21,3759,47
North Carolina,2024,20,6,1,1893,7
North Dakota,2024,20,2,1,191,3
Ohio,2024,20,26,5,4253,31
Oklahoma,2024,20,0,2,395,2
Oregon,2024,20,84,30,1732,114
Pennsylvania,2024,20,3,1,283,4
South Carolina,2024,20,4,1,1008,5
South Dakota,2024,20,0,0,98,0
Tennessee,2024,20,1,0,75,1
Texas,2024,20,67,16,5260,83
Vermont,2024,20,6,1,295,7
Virginia,2024,20,4,7,992,11
Washington,2024,20,80,35,3443,115
West Virginia,2024,20,1,2,1043,3
Wisconsin,2024,20,50,46,5334,96
Alabama,2024,21,5,0,261,5
Arizona,2024,21,12,30,385,42
Arkansas,2024,21,1,0,273,1
California,2024,21,39,36,2719,75
Colorado,2024,21,17,1,1143,18
Connecticut,2024,21,12,10,1342,22
Florida,2024,21,5,0,321,5
Georgia,2024,21,5,0,723,5
Idaho,2024,21,4,1,285,5
Illinois,2024,21,1,5,284,6
Indiana,2024,21,0,0,219,0
Iowa,2024,21,1,4,706,5
Kentucky,2024,21,2,0,477,2
Louisiana,2024,21,0,0,52,0
Maine,2024,21,5,2,657,7
Maryland,2024,21,1,0,260,1
Massachusetts,2024,21,17,7,1459,24
Michigan,2024,21,2,2,494,4
Minnesota,2024,21,6,4,1372,10
Mississippi,2024,21,1,7,174,8
Missouri,2024,21,2,0,616,2
Montana,2024,21,3,0,197,3
Nebraska,2024,21,14,3,994,17
New Mexico,2024,21,20,13,2821,33
New York,2024,21,31,19,3564,50
North Carolina,2024,21,4,2,1773,6
North Dakota,2024,21,1,1,155,2
Ohio,2024,21,27,6,4052,33
Oklahoma,2024,21,1,0,389,1
Oregon,2024,21,77,24,1635,101
Pennsylvania,2024,21,0,1,244,1
South Carolina,2024,21,2,0,963,2
South Dakota,2024,21,0,0,88,0
Tennessee,2024,21,0,0,66,0
Texas,2024,21,66,18,5354,84
Vermont,2024,21,5,2,238,7
Virginia,2024,21,1,3,1007,4
Washington,2024,21,65,29,3674,94
West Virginia,2024,21,3,0,926,3
Wisconsin,2024,21,28,28,4902,56
Alabama,2024,22,3,0,280,3
Arizona,2024,22,7,33,367,40
Arkansas,2024,22,1,1,259,2
California,2024,22,48,22,2568,70
Colorado,2024,22,17,0,1070,17
Connecticut,2024,22,8,14,1211,22
Florida,2024,22,4,0,329,4
Georgia,2024,22,3,0,703,3
Idaho,2024,22,6,1,215,7
Illinois,2024,22,1,1,237,2
Indiana,2024,22,0,0,187,0
Iowa,2024,22,5,0,718,5
Kentucky,2024,22,2,0,500,2
Louisiana,2024,22,0,0,42,0
Maine,2024,22,5,0,536,5
Maryland,2024,22,1,0,247,1
Massachusetts,2024,22,14,7,1369,21
Michigan,2024,22,3,3,500,6
Minnesota,2024,22,2,5,1464,7
Mississippi,2024,22,0,8,172,8
Missouri,2024,22,3,1,501,4
Montana,2024,22,7,0,154,7
Nebraska,2024,22,15,0,790,15
New Mexico,2024,22,29,13,2819,42
New York,2024,22,30,4,3299,34
North Carolina,2024,22,9,0,1646,9
North Dakota,2024,22,0,0,144,0
Ohio,2024,22,30,4,3671,34
Oklahoma,2024,22,3,0,387,3
Oregon,2024,22,85,13,1747,98
Pennsylvania,2024,22,0,0,245,0
South Carolina,2024,22,2,0,239,2
South Dakota,2024,22,0,0,80,0
Tennessee,2024,22,0,0,61,0
Texas,2024,22,39,14,4000,53
Vermont,2024,22,4,1,256,5
Virginia,2024,22,7,1,934,8
Washington,2024,22,70,12,2670,82
West Virginia,2024,22,0,0,1105,0
Wisconsin,2024,22,36,6,4374,42
Alabama,2024,23,3,0,241,3
Arizona,2024,23,1,16,319,17
Arkansas,2024,23,3,0,279,3
California,2024,23,58,34,2374,92
Colorado,2024,23,5,1,929,6
Connecticut,2024,23,2,3,1184,5
Florida,2024,23,2,1,329,3
Georgia,2024,23,2,0,715,2
Idaho,2024,23,5,2,273,7
Illinois,2024,23,5,4,257,9
Indiana,2024,23,0,0,212,0
Iowa,2024,23,3,0,595,3
Kentucky,2024,23,0,0,406,0
Louisiana,2024,23,1,2,52,3
Maine,2024,23,2,0,262,2
Maryland,2024,23,2,0,237,2
Massachusetts,2024,23,10,2,1195,12
Michigan,2024,23,2,0,491,2
Minnesota,2024,23,9,5,1158,14
Mississippi,2024,23,0,4,131,4
Missouri,2024,23,4,0,519,4
Montana,2024,23,5,0,156,5
Nebraska,2024,23,8,1,869,9
New Mexico,2024,23,25,6,2647,31
New York,2024,23,16,8,3299,24
North Carolina,2024,23,9,1,1555,10
North Dakota,2024,23,0,0,154,0
Ohio,2024,23,25,3,3544,28
Oklahoma,2024,23,0,0,351,0
Oregon,2024,23,80,11,1583,91
Pennsylvania,2024,23,1,0,237,1
South Carolina,2024,23,1,0,272,1
South Dakota,2024,23,0,0,90,0
Tennessee,2024,23,0,0,70,0
Texas,2024,23,42,9,5083,51
Vermont,2024,23,1,0,230,1
Virginia,2024,23,0,1,877,1
Washington,2024,23,61,11,2694,72
West Virginia,2024,23,2,0,911,2
Wisconsin,2024,23,42,11,4163,53
Alabama,2024,24,5,0,279,5
Arizona,2024,24,4,8,298,12
Arkansas,2024,24,1,0,228,1
California,2024,24,44,27,2358,71
Colorado,2024,24,16,0,773,16
Connecticut,2024,24,4,2,1079,6
Florida,2024,24,2,0,294,2
Georgia,2024,24,1,0,681,1
Idaho,2024,24,4,2,275,6
Illinois,2024,24,2,1,255,3
Indiana,2024,24,0,0,201,0
Iowa,2024,24,4,0,671,4
Kentucky,2024,24,5,0,407,5
Louisiana,2024,24,2,0,42,2
Maine,2024,24,1,0,217,1
Maryland,2024,24,3,0,245,3
Massachusetts,2024,24,12,2,1233,14
Michigan,2024,24,2,0,434,2
Minnesota,2024,24,4,3,1022,7
Mississippi,2024,24,2,1,126,3
Missouri,2024,24,3,0,549,3
Montana,2024,24,2,0,132,2
Nebraska,2024,24,1,1,742,2
New Mexico,2024,24,16,2,2426,18
New York,2024,24,22,6,3233,28
North Carolina,2024,24,8,1,1731,9
North Dakota,2024,24,0,0,136,0
Ohio,2024,24,19,0,3437,19
Oklahoma,2024,24,1,1,358,2
Oregon,2024,24,51,12,1587,63
Pennsylvania,2024,24,1,1,214,2
South Carolina,2024,24,3,0,243,3
South Dakota,2024,24,0,0,79,0
Tennessee,2024,24,0,0,59,0
Texas,2024,24,42,8,4340,50
Vermont,2024,24,1,0,224,1
Virginia,2024,24,3,1,917,4
Washington,2024,24,51,17,2758,68
West Virginia,2024,24,2,0,885,2
Wisconsin,2024,24,33,9,3931,42
Alabama,2024,25,1,0,202,1
Arizona,2024,25,2,15,351,17
Arkansas,2024,25,1,1,197,2
California,2024,25,52,10,2265,62
Colorado,2024,25,5,0,888,5
Connecticut,2024,25,5,2,1042,7
Florida,2024,25,4,1,308,5
Georgia,2024,25,3,1,614,4
Idaho,2024,25,5,0,201,5
Illinois,2024,25,1,1,46,2
Indiana,2024,25,2,0,203,2
Iowa,2024,25,3,0,628,3
Kentucky,2024,25,0,0,416,0
Louisiana,2024,25,0,0,34,0
Maine,2024,25,1,0,237,1
Maryland,2024,25,1,0,229,1
Massachusetts,2024,25,10,0,1217,10
Michigan,2024,25,0,0,415,0
Minnesota,2024,25,2,2,1020,4
Mississippi,2024,25,0,3,145,3
Missouri,2024,25,2,0,456,2
Montana,2024,25,1,1,151,2
Nebraska,2024,25,6,0,712,6
New Mexico,2024,25,8,2,2308,10
New York,2024,25,24,7,3062,31
North Carolina,2024,25,4,1,1447,5
North Dakota,2024,25,1,0,126,1
Ohio,2024,25,13,1,3101,14
Oklahoma,2024,25,1,0,371,1
Oregon,2024,25,35,10,1514,45
Pennsylvania,2024,25,2,0,201,2
South Carolina,2024,25,1,0,235,1
South Dakota,2024,25,0,0,92,0
Tennessee,2024,25,1,0,45,1
Texas,2024,25,30,1,4308,31
Vermont,2024,25,1,0,259,1
Virginia,2024,25,1,0,823,1
Washington,2024,25,49,10,2436,59
West Virginia,2024,25,1,0,853,1
Wisconsin,2024,25,25,1,3633,26
Alabama,2024,26,1,0,194,1
Arizona,2024,26,2,7,263,9
Arkansas,2024,26,0,0,251,0
California,2024,26,23,4,924,27
Colorado,2024,26,9,0,808,9
Connecticut,2024,26,6,2,1040,8
Florida,2024,26,1,0,251,1
Georgia,2024,26,4,0,1091,4
Idaho,2024,26,4,1,274,5
Illinois,2024,26,2,1,49,3
Indiana,2024,26,0,0,186,0
Iowa,2024,26,2,0,622,2
Kentucky,2024,26,0,0,391,0
Louisiana,2024,26,0,0,32,0
Maine,2024,26,4,0,275,4
Maryland,2024,26,1,0,192,1
Massachusetts,2024,26,11,0,1209,11
Michigan,2024,26,0,0,418,0
Minnesota,2024,26,0,0,773,0
Mississippi,2024,26,0,2,133,2
Missouri,2024,26,0,0,468,0
Montana,2024,26,2,0,166,2
Nebraska,2024,26,2,1,655,3
New Mexico,2024,26,7,1,2112,8
New York,2024,26,16,3,3167,19
North Carolina,2024,26,6,0,1519,6
North Dakota,2024,26,0,0,153,0
Ohio,2024,26,19,1,3159,20
Oklahoma,2024,26,0,0,318,0
Oregon,2024,26,20,4,1358,24
Pennsylvania,2024,26,0,0,176,0
South Carolina,2024,26,0,0,250,0
South Dakota,2024,26,0,0,90,0
Tennessee,2024,26,0,0,61,0
Texas,2024,26,33,3,4723,36
Vermont,2024,26,0,0,235,0
Virginia,2024,26,2,0,839,2
Washington,2024,26,55,4,2281,59
West Virginia,2024,26,1,0,847,1
Wisconsin,2024,26,23,4,3601,27
Alabama,2024,27,1,0,214,1
Arizona,2024,27,5,1,237,6
Arkansas,2024,27,1,0,173,1
California,2024,27,67,5,2041,72
Colorado,2024,27,13,2,763,15
Connecticut,2024,27,5,0,1056,5
Florida,2024,27,2,1,295,3
Georgia,2024,27,5,0,1004,5
Idaho,2024,27,1,0,251,1
Illinois,2024,27,1,0,102,1
Indiana,2024,27,0,0,185,0
Iowa,2024,27,7,0,614,7
Kentucky,2024,27,1,0,389,1
Louisiana,2024,27,0,0,46,0
Maine,2024,27,2,0,239,2
Maryland,2024,27,3,0,218,3
Massachusetts,2024,27,9,1,1180,10
Michigan,2024,27,0,0,364,0
Minnesota,2024,27,2,0,830,2
Mississippi,2024,27,0,4,107,4
Missouri,2024,27,1,0,426,1
Montana,2024,27,4,2,251,6
Nebraska,2024,27,6,2,620,8
New Mexico,2024,27,13,0,2124,13
New York,2024,27,9,1,2852,10
North Carolina,2024,27,5,1,1475,6
North Dakota,2024,27,1,0,125,1
Ohio,2024,27,15,2,3107,17
Oklahoma,2024,27,0,1,304,1
Oregon,2024,27,19,1,1202,20
Pennsylvania,2024,27,1,0,205,1
South Carolina,2024,27,0,0,252,0
South Dakota,2024,27,0,0,45,0
Tennessee,2024,27,1,0,35,1
Texas,2024,27,33,4,4722,37
Vermont,2024,27,2,0,260,2
Virginia,2024,27,4,0,840,4
Washington,2024,27,35,1,2189,36
West Virginia,2024,27,0,0,760,0
Wisconsin,2024,27,22,1,3465,23
Alabama,2024,28,4,0,286,4
Arizona,2024,28,1,2,274,3
Arkansas,2024,28,0,0,231,0
California,2024,28,50,2,2203,52
Colorado,2024,28,10,1,902,11
Connecticut,2024,28,6,0,1171,6
Florida,2024,28,1,1,276,2
Georgia,2024,28,7,2,1193,9
Idaho,2024,28,1,0,242,1
Illinois,2024,28,1,0,204,1
Indiana,2024,28,0,0,185,0
Iowa,2024,28,2,1,664,3
Kentucky,2024,28,2,0,424,2
Louisiana,2024,28,0,1,46,1
Maine,2024,28,3,0,205,3
Maryland,2024,28,5,0,244,5
Massachusetts,2024,28,9,0,1348,9
Michigan,2024,28,1,0,423,1
Minnesota,2024,28,4,1,1011,5
Mississippi,2024,28,0,5,168,5
Missouri,2024,28,2,0,489,2
Montana,2024,28,0,1,327,1
Nebraska,2024,28,3,1,801,4
New Mexico,2024,28,13,0,2227,13
New York,2024,28,7,0,3072,7
North Carolina,2024,28,5,1,1564,6
North Dakota,2024,28,1,0,148,1
Ohio,2024,28,10,1,3738,11
Oklahoma,2024,28,0,0,343,0
Oregon,2024,28,9,2,1374,11
Pennsylvania,2024,28,0,0,193,0
South Carolina,2024,28,1,1,266,2
South Dakota,2024,28,0,0,89,0
Tennessee,2024,28,1,0,48,1
Texas,2024,28,35,5,4847,40
Vermont,2024,28,1,0,291,1
Virginia,2024,28,10,2,877,12
Washington,2024,28,20,6,2140,26
West Virginia,2024,28,1,0,894,1
Wisconsin,2024,28,22,2,3714,24
Alabama,2024,29,1,0,307,1
Arizona,2024,29,4,1,252,5
Arkansas,2024,29,1,0,202,1
California,2024,29,35,5,2203,40
Colorado,2024,29,6,0,905,6
Connecticut,2024,29,10,0,1175,10
Florida,2024,29,1,1,303,2
Georgia,2024,29,5,0,750,5
Idaho,2024,29,0,0,242,0
Illinois,2024,29,2,0,220,2
Indiana,2024,29,0,0,195,0
Iowa,2024,29,2,0,661,2
Kentucky,2024,29,0,0,439,0
Louisiana,2024,29,0,1,45,1
Maine,2024,29,1,0,211,1
Maryland,2024,29,1,2,253,3
Massachusetts,2024,29,6,1,1259,7
Michigan,2024,29,0,0,383,0
Minnesota,2024,29,2,0,1135,2
Mississippi,2024,29,1,4,223,5
Missouri,2024,29,1,0,483,1
Montana,2024,29,5,1,334,6
Nebraska,2024,29,1,1,779,2
New Mexico,2024,29,12,1,2412,13
New York,2024,29,19,3,3167,22
North Carolina,2024,29,7,1,1581,8
North Dakota,2024,29,1,0,170,1
Ohio,2024,29,15,0,3771,15
Oklahoma,2024,29,0,0,367,0
Oregon,2024,29,2,2,1164,4
Pennsylvania,2024,29,1,0,213,1
South Carolina,2024,29,1,0,289,1
South Dakota,2024,29,0,0,59,0
Tennessee,2024,29,0,0,56,0
Texas,2024,29,27,3,5065,30
Vermont,2024,29,0,0,239,0
Virginia,2024,29,2,0,850,2
Washington,2024,29,19,2,2060,21
West Virginia,2024,29,1,0,872,1
Wisconsin,2024,29,13,2,4051,15
Alabama,2024,30,0,0,244,0
Arizona,2024,30,2,1,269,3
Arkansas,2024,30,1,1,296,2
California,2024,30,21,2,2066,23
Colorado,2024,30,4,0,998,4
Connecticut,2024,30,3,1,1285,4
Florida,2024,30,1,1,284,2
Georgia,2024,30,5,1,1202,6
Idaho,2024,30,1,0,248,1
Illinois,2024,30,3,2,256,5
Indiana,2024,30,0,0,179,0
Iowa,2024,30,0,0,815,0
Kentucky,2024,30,0,0,476,0
Louisiana,2024,30,0,0,40,0
Maine,2024,30,4,0,248,4
Maryland,2024,30,2,0,268,2
Massachusetts,2024,30,4,0,1288,4
Michigan,2024,30,2,0,404,2
Minnesota,2024,30,2,0,1114,2
Mississippi,2024,30,3,8,186,11
Missouri,2024,30,0,0,458,0
Montana,2024,30,4,0,302,4
Nebraska,2024,30,0,0,806,0
New Mexico,2024,30,2,1,2445,3
New York,2024,30,11,0,3207,11
North Carolina,2024,30,2,0,1695,2
North Dakota,2024,30,0,0,156,0
Ohio,2024,30,24,3,3984,27
Oklahoma,2024,30,2,0,374,2
Oregon,2024,30,5,0,1205,5
Pennsylvania,2024,30,2,0,237,2
South Carolina,2024,30,0,0,312,0
South Dakota,2024,30,0,0,85,0
Tennessee,2024,30,0,0,17,0
Texas,2024,30,36,3,5893,39
Vermont,2024,30,0,0,314,0
Virginia,2024,30,2,0,973,2
Washington,2024,30,26,0,2025,26
West Virginia,2024,30,0,0,903,0
Wisconsin,2024,30,6,2,4443,8
Alabama,2024,31,1,0,312,1
Arizona,2024,31,6,0,277,6
Arkansas,2024,31,0,0,283,0
California,2024,31,30,6,2281,36
Colorado,2024,31,6,0,964,6
Connecticut,2024,31,3,0,1290,3
Florida,2024,31,1,0,279,1
Georgia,2024,31,5,1,887,6
Idaho,2024,31,0,1,269,1
Illinois,2024,31,1,1,144,2
Indiana,2024,31,1,0,212,1
Iowa,2024,31,0,0,867,0
Kentucky,2024,31,0,0,536,0
Louisiana,2024,31,0,1,48,1
Maine,2024,31,2,0,224,2
Maryland,2024,31,1,0,310,1
Massachusetts,2024,31,7,1,1426,8
Michigan,2024,31,1,0,354,1
Minnesota,2024,31,2,1,1071,3
Mississippi,2024,31,0,11,219,11
Missouri,2024,31,0,0,510,0
Montana,2024,31,3,0,315,3
Nebraska,2024,31,1,0,805,1
New Mexico,2024,31,4,2,2544,6
New York,2024,31,9,1,3253,10
North Carolina,2024,31,2,0,1806,2
North Dakota,2024,31,0,0,156,0
Ohio,2024,31,16,2,4228,18
Oklahoma,2024,31,2,0,387,2
Oregon,2024,31,2,0,1331,2
Pennsylvania,2024,31,1,0,257,1
South Carolina,2024,31,2,0,368,2
South Dakota,2024,31,0,0,63,0
Tennessee,2024,31,0,0,16,0
Texas,2024,31,29,3,6156,32
Vermont,2024,31,4,0,302,4
Virginia,2024,31,2,0,1047,2
Washington,2024,31,20,2,1904,22
West Virginia,2024,31,0,0,912,0
Wisconsin,2024,31,9,2,4292,11
Alabama,2024,32,1,0,365,1
Arizona,2024,32,0,2,338,2
Arkansas,2024,32,0,0,308,0
California,2024,32,38,4,2362,42
Colorado,2024,32,3,0,940,3
Connecticut,2024,32,7,0,1339,7
Florida,2024,32,4,1,251,5
Georgia,2024,32,1,1,1019,2
Idaho,2024,32,2,0,236,2
Illinois,2024,32,1,0,272,1
Indiana,2024,32,1,0,210,1
Iowa,2024,32,1,1,860,2
Kentucky,2024,32,0,0,548,0
Louisiana,2024,32,0,0,55,0
Maine,2024,32,1,0,286,1
Maryland,2024,32,3,0,325,3
Massachusetts,2024,32,2,0,1499,2
Michigan,2024,32,0,0,435,0
Minnesota,2024,32,2,0,1016,2
Mississippi,2024,32,0,5,204,5
Missouri,2024,32,2,0,502,2
Montana,2024,32,3,0,293,3
Nebraska,2024,32,2,0,1017,2
New Mexico,2024,32,1,1,2550,2
New York,2024,32,7,0,3331,7
North Carolina,2024,32,6,1,1992,7
North Dakota,2024,32,0,0,182,0
Ohio,2024,32,15,1,4419,16
Oklahoma,2024,32,0,1,384,1
Oregon,2024,32,7,0,1249,7
Pennsylvania,2024,32,0,0,325,0
South Carolina,2024,32,1,0,377,1
South Dakota,2024,32,0,0,65,0
Tennessee,2024,32,0,0,10,0
Texas,2024,32,28,1,6053,29
Vermont,2024,32,1,0,312,1
Virginia,2024,32,8,0,1401,8
Washington,2024,32,10,4,1861,14
West Virginia,2024,32,0,0,967,0
Wisconsin,2024,32,20,4,4449,24
Alabama,2024,33,3,0,394,3
Arizona,2024,33,3,0,442,3
Arkansas,2024,33,0,0,315,0
California,2024,33,26,4,2261,30
Colorado,2024,33,1,0,1071,1
Connecticut,2024,33,4,0,1395,4
Florida,2024,33,0,1,274,1
Georgia,2024,33,3,0,1855,3
Idaho,2024,33,0,1,275,1
Illinois,2024,33,1,0,280,1
Indiana,2024,33,1,0,251,1
Iowa,2024,33,0,0,864,0
Kentucky,2024,33,1,0,533,1
Louisiana,2024,33,0,0,40,0
Maine,2024,33,0,1,273,1
Maryland,2024,33,0,0,367,0
Massachusetts,2024,33,1,4,1532,5
Michigan,2024,33,1,0,472,1
Minnesota,2024,33,1,0,1134,1
Mississippi,2024,33,2,8,266,10
Missouri,2024,33,2,0,526,2
Montana,2024,33,1,0,355,1
Nebraska,2024,33,2,0,1073,2
New Mexico,2024,33,4,0,2989,4
New York,2024,33,14,0,3538,14
North Carolina,2024,33,2,3,2084,5
North Dakota,2024,33,0,0,197,0
Ohio,2024,33,15,1,4936,16
Oklahoma,2024,33,2,0,415,2
Oregon,2024,33,9,1,1282,10
Pennsylvania,2024,33,1,0,335,1
South Carolina,2024,33,2,0,424,2
South Dakota,2024,33,0,1,75,1
Tennessee,2024,33,0,0,30,0
Texas,2024,33,38,0,6259,38
Vermont,2024,33,0,0,324,0
Virginia,2024,33,2,0,1454,2
Washington,2024,33,18,0,2010,18
West Virginia,2024,33,0,0,935,0
Wisconsin,2024,33,12,2,4772,14
Alabama,2024,34,0,0,490,0
Arizona,2024,34,5,1,479,6
Arkansas,2024,34,0,0,344,0
California,2024,34,28,3,2400,31
Colorado,2024,34,1,0,1215,1
Connecticut,2024,34,6,0,1468,6
Florida,2024,34,3,0,266,3
Georgia,2024,34,8,0,2231,8
Idaho,2024,34,0,1,278,1
Illinois,2024,34,2,0,269,2
Indiana,2024,34,0,1,271,1
Iowa,2024,34,2,0,1052,2
Kentucky,2024,34,2,0,686,2
Louisiana,2024,34,1,0,58,1
Maine,2024,34,1,0,305,1
Maryland,2024,34,0,0,362,0
Massachusetts,2024,34,2,1,1501,3
Michigan,2024,34,0,0,424,0
Minnesota,2024,34,2,0,1089,2
Mississippi,2024,34,0,8,222,8
Missouri,2024,34,2,1,573,3
Montana,2024,34,3,0,277,3
Nebraska,2024,34,0,0,1154,0
New Mexico,2024,34,2,1,3421,3
New York,2024,34,8,0,3635,8
North Carolina,2024,34,7,2,2054,9
North Dakota,2024,34,0,0,236,0
Ohio,2024,34,11,3,5183,14
Oklahoma,2024,34,1,0,462,1
Oregon,2024,34,5,0,1329,5
Pennsylvania,2024,34,0,0,369,0
South Carolina,2024,34,0,0,420,0
South Dakota,2024,34,0,0,68,0
Tennessee,2024,34,0,0,21,0
Texas,2024,34,50,5,7707,55
Vermont,2024,34,0,1,346,1
Virginia,2024,34,4,0,1659,4
Washington,2024,34,6,1,1908,7
West Virginia,2024,34,0,0,964,0
Wisconsin,2024,34,16,1,4521,17
Alabama,2024,35,0,0,394,0
Arizona,2024,35,3,0,438,3
Arkansas,2024,35,0,0,435,0
California,2024,35,34,4,2599,38
Colorado,2024,35,2,0,1504,2
Connecticut,2024,35,0,5,1331,5
Florida,2024,35,2,0,304,2
Georgia,2024,35,7,0,4324,7
Idaho,2024,35,1,0,292,1
Illinois,2024,35,2,1,315,3
Indiana,2024,35,0,0,333,0
Iowa,2024,35,3,0,1011,3
Kentucky,2024,35,0,0,777,0
Louisiana,2024,35,1,0,67,1
Maine,2024,35,0,0,326,0
Maryland,2024,35,2,0,360,2
Massachusetts,2024,35,3,2,1528,5
Michigan,2024,35,0,0,483,0
Minnesota,2024,35,4,0,1030,4
Mississippi,2024,35,2,4,266,6
Missouri,2024,35,1,0,706,1
Montana,2024,35,2,0,302,2
Nebraska,2024,35,6,0,1322,6
New Mexico,2024,35,5,0,3172,5
New York,2024,35,8,0,3701,8
North Carolina,2024,35,1,1,2450,2
North Dakota,2024,35,0,0,190,0
Ohio,2024,35,13,4,6280,17
Oklahoma,2024,35,1,0,556,1
Oregon,2024,35,3,1,1318,4
Pennsylvania,2024,35,3,0,410,3
South Carolina,2024,35,1,0,483,1
South Dakota,2024,35,0,0,97,0
Tennessee,2024,35,0,0,26,0
Texas,2024,35,47,13,8550,60
Vermont,2024,35,1,0,321,1
Virginia,2024,35,2,0,1773,2
Washington,2024,35,12,0,1946,12
West Virginia,2024,35,0,0,1072,0
Wisconsin,2024,35,17,2,4886,19
Alabama,2024,36,0,0,374,0
Arizona,2024,36,1,0,349,1
Arkansas,2024,36,0,0,452,0
California,2024,36,31,1,2451,32
Colorado,2024,36,4,0,1421,4
Connecticut,2024,36,5,4,1420,9
Florida,2024,36,2,1,312,3
Georgia,2024,36,9,2,3999,11
Idaho,2024,36,1,0,260,1
Illinois,2024,36,1,1,86,2
Indiana,2024,36,0,0,270,0
Iowa,2024,36,1,1,1135,2
Kentucky,2024,36,0,0,739,0
Louisiana,2024,36,0,0,52,0
Maine,2024,36,2,0,363,2
Maryland,2024,36,0,0,404,0
Massachusetts,2024,36,7,0,1507,7
Michigan,2024,36,0,0,495,0
Minnesota,2024,36,6,1,1144,7
Mississippi,2024,36,1,7,249,8
Missouri,2024,36,0,0,1987,0
Montana,2024,36,4,0,291,4
Nebraska,2024,36,2,0,1026,2
New Mexico,2024,36,6,2,2945,8
New York,2024,36,9,0,3739,9
North Carolina,2024,36,3,0,2268,3
North Dakota,2024,36,0,0,229,0
Ohio,2024,36,12,2,6889,14
Oklahoma,2024,36,1,0,490,1
Oregon,2024,36,2,2,1258,4
Pennsylvania,2024,36,2,0,411,2
South Carolina,2024,36,3,0,418,3
South Dakota,2024,36,0,0,84,0
Tennessee,2024,36,0,0,16,0
Texas,2024,36,50,2,7989,52
Vermont,2024,36,2,0,375,2
Virginia,2024,36,4,0,1629,4
Washington,2024,36,19,2,2046,21
West Virginia,2024,36,0,0,1173,0
Wisconsin,2024,36,14,1,4939,15
Alabama,2024,37,0,0,358,0
Arizona,2024,37,3,0,354,3
Arkansas,2024,37,1,0,406,1
California,2024,37,25,1,2676,26
Colorado,2024,37,4,0,1309,4
Connecticut,2024,37,2,2,1590,4
Florida,2024,37,4,0,323,4
Georgia,2024,37,4,2,1668,6
Idaho,2024,37,1,0,332,1
Illinois,2024,37,0,0,388,0
Indiana,2024,37,1,0,274,1
Iowa,2024,37,1,3,1275,4
Kentucky,2024,37,1,0,773,1
Louisiana,2024,37,0,0,40,0
Maine,2024,37,0,0,391,0
Maryland,2024,37,0,0,400,0
Massachusetts,2024,37,12,1,1690,13
Michigan,2024,37,2,0,524,2
Minnesota,2024,37,9,1,1365,10
Mississippi,2024,37,0,4,189,4
Missouri,2024,37,4,0,2039,4
Montana,2024,37,3,1,403,4
Nebraska,2024,37,1,0,1285,1
New Mexico,2024,37,1,1,3086,2
New York,2024,37,6,1,4323,7
North Carolina,2024,37,1,1,2449,2
North Dakota,2024,37,1,0,258,1
Ohio,2024,37,26,1,7439,27
Oklahoma,2024,37,0,0,581,0
Oregon,2024,37,9,0,1624,9
Pennsylvania,2024,37,1,0,526,1
South Carolina,2024,37,4,0,378,4
South Dakota,2024,37,0,0,89,0
Tennessee,2024,37,0,0,22,0
Texas,2024,37,59,3,7430,62
Vermont,2024,37,0,0,451,0
Virginia,2024,37,3,0,1704,3
Washington,2024,37,26,3,2144,29
West Virginia,2024,37,1,0,1186,1
Wisconsin,2024,37,18,1,6264,19
Alabama,2024,38,1,0,343,1
Arizona,2024,38,2,0,353,2
Arkansas,2024,38,0,0,381,0
California,2024,38,29,0,2524,29
Colorado,2024,38,2,0,753,2
Connecticut,2024,38,0,1,1796,1
Florida,2024,38,3,1,302,4
Georgia,2024,38,7,0,1714,7
Idaho,2024,38,0,0,298,0
Illinois,2024,38,3,0,368,3
Indiana,2024,38,0,0,262,0
Iowa,2024,38,4,0,1268,4
Kentucky,2024,38,0,0,677,0
Louisiana,2024,38,1,0,46,1
Maine,2024,38,3,0,509,3
Maryland,2024,38,0,0,352,0
Massachusetts,2024,38,4,4,2003,8
Michigan,2024,38,1,0,583,1
Minnesota,2024,38,9,0,1572,9
Mississippi,2024,38,2,6,251,8
Missouri,2024,38,4,0,1708,4
Montana,2024,38,1,0,468,1
Nebraska,2024,38,10,2,1425,12
New Mexico,2024,38,8,0,3046,8
New York,2024,38,21,4,5063,25
North Carolina,2024,38,7,1,2397,8
North Dakota,2024,38,0,0,304,0
Ohio,2024,38,23,6,7215,29
Oklahoma,2024,38,0,0,535,0
Oregon,2024,38,4,1,1675,5
Pennsylvania,2024,38,1,0,631,1
South Carolina,2024,38,2,0,388,2
South Dakota,2024,38,0,0,87,0
Tennessee,2024,38,0,0,16,0
Texas,2024,38,70,4,7236,74
Vermont,2024,38,1,0,503,1
Virginia,2024,38,0,0,1605,0
Washington,2024,38,20,1,2379,21
West Virginia,2024,38,0,0,1147,0
Wisconsin,2024,38,23,9,6664,32
Alabama,2024,39,0,0,57,0
Arizona,2024,39,5,0,349,5
Arkansas,2024,39,1,0,412,1
California,2024,39,37,8,2560,45
Colorado,2024,39,3,0,1019,3
Connecticut,2024,39,2,1,1667,3
Florida,2024,39,10,1,298,11
Georgia,2024,39,4,0,952,4
Idaho,2024,39,0,0,320,0
Illinois,2024,39,0,1,374,1
Indiana,2024,39,0,0,240,0
Iowa,2024,39,6,0,1126,6
Kentucky,2024,39,0,0,684,0
Louisiana,2024,39,1,0,41,1
Maine,2024,39,3,1,589,4
Maryland,2024,39,0,0,403,0
Massachusetts,2024,39,3,5,1844,8
Michigan,2024,39,1,0,541,1
Minnesota,2024,39,1,1,1420,2
Mississippi,2024,39,3,8,200,11
Missouri,2024,39,2,2,1843,4
Montana,2024,39,1,3,400,4
Nebraska,2024,39,7,0,1147,7
New Mexico,2024,39,11,2,3053,13
New York,2024,39,5,4,4989,9
North Carolina,2024,39,5,2,2483,7
North Dakota,2024,39,1,0,235,1
Ohio,2024,39,11,0,6729,11
Oklahoma,2024,39,0,0,477,0
Oregon,2024,39,5,2,1786,7
Pennsylvania,2024,39,3,0,610,3
South Carolina,2024,39,1,0,395,1
South Dakota,2024,39,0,0,113,0
Tennessee,2024,39,0,0,17,0
Texas,2024,39,42,2,4657,44
Vermont,2024,39,0,0,427,0
Virginia,2024,39,4,1,1207,5
Washington,2024,39,20,0,2465,20
West Virginia,2024,39,1,0,985,1
Wisconsin,2024,39,30,15,5945,45
Alabama,2024,40,2,0,299,2
Arizona,2024,40,5,0,339,5
Arkansas,2024,40,1,0,405,1
California,2024,40,98,4,6336,102
Colorado,2024,40,4,0,1068,4
Connecticut,2024,40,7,2,1623,9
Florida,2024,40,5,2,343,7
Georgia,2024,40,3,0,1778,3
Idaho,2024,40,3,0,303,3
Illinois,2024,40,4,0,339,4
Indiana,2024,40,0,0,243,0
Iowa,2024,40,2,2,1786,4
Kentucky,2024,40,1,0,665,1
Louisiana,2024,40,0,0,49,0
Maine,2024,40,5,0,727,5
Maryland,2024,40,0,0,417,0
Massachusetts,2024,40,4,1,1946,5
Michigan,2024,40,1,0,498,1
Minnesota,2024,40,7,2,1592,9
Mississippi,2024,40,1,7,183,8
Missouri,2024,40,3,2,1433,5
Montana,2024,40,4,0,389,4
Nebraska,2024,40,5,1,1337,6
Nevada,2024,40,11,1,682,12
New Mexico,2024,40,15,1,3132,16
New York,2024,40,12,1,4843,13
North Carolina,2024,40,14,0,2688,14
North Dakota,2024,40,1,0,265,1
Ohio,2024,40,15,3,6553,18
Oklahoma,2024,40,1,0,514,1
Oregon,2024,40,11,3,1900,14
Pennsylvania,2024,40,4,0,1160,4
South Carolina,2024,40,1,0,366,1
South Dakota,2024,40,0,0,98,0
Tennessee,2024,40,0,0,25,0
Texas,2024,40,53,3,5256,56
Vermont,2024,40,0,0,429,0
Virginia,2024,40,2,0,1245,2
Washington,2024,40,32,5,2636,37
West Virginia,2024,40,0,0,996,0
Wisconsin,2024,40,24,16,7458,40
Alabama,2024,41,0,0,307,0
Arizona,2024,41,4,0,340,4
Arkansas,2024,41,1,0,491,1
California,2024,41,146,10,10090,156
Colorado,2024,41,9,0,1077,9
Connecticut,2024,41,3,4,1542,7
Florida,2024,41,8,1,326,9
Georgia,2024,41,1,1,881,2
Idaho,2024,41,1,0,280,1
Illinois,2024,41,6,1,434,7
Indiana,2024,41,3,1,299,4
Iowa,2024,41,0,1,1782,1
Kentucky,2024,41,1,0,610,1
Louisiana,2024,41,0,0,54,0
Maine,2024,41,2,0,898,2
Maryland,2024,41,0,0,399,0
Massachusetts,2024,41,4,0,1924,4
Michigan,2024,41,2,0,504,2
Minnesota,2024,41,6,0,1663,6
Mississippi,2024,41,1,6,206,7
Missouri,2024,41,4,0,1849,4
Montana,2024,41,5,0,400,5
Nebraska,2024,41,10,1,1281,11
Nevada,2024,41,6,0,617,6
New Mexico,2024,41,12,2,3117,14
New York,2024,41,2,3,4848,5
North Carolina,2024,41,8,1,2825,9
North Dakota,2024,41,0,0,227,0
Ohio,2024,41,22,3,6748,25
Oklahoma,2024,41,1,0,495,1
Oregon,2024,41,8,0,1702,8
Pennsylvania,2024,41,1,0,1196,1
South Carolina,2024,41,1,0,345,1
South Dakota,2024,41,0,0,102,0
Tennessee,2024,41,0,0,18,0
Texas,2024,41,72,4,5276,76
Vermont,2024,41,0,0,385,0
Virginia,2024,41,3,1,1272,4
Washington,2024,41,24,4,2623,28
West Virginia,2024,41,3,0,987,3
Wisconsin,2024,41,18,10,7542,28
Alabama,2024,42,0,0,354,0
Arizona,2024,42,4,0,333,4
Arkansas,2024,42,3,1,437,4
California,2024,42,154,12,10289,166
Colorado,2024,42,8,1,1079,9
Connecticut,2024,42,2,3,1590,5
Florida,2024,42,7,0,338,7
Georgia,2024,42,12,0,1869,12
Idaho,2024,42,0,0,310,0
Illinois,2024,42,2,1,417,3
Indiana,2024,42,0,0,247,0
Iowa,2024,42,3,0,1797,3
Kentucky,2024,42,0,0,660,0
Louisiana,2024,42,0,0,56,0
Maine,2024,42,0,0,908,0
Maryland,2024,42,1,0,406,1
Massachusetts,2024,42,6,0,1858,6
Michigan,2024,42,4,0,507,4
Minnesota,2024,42,7,2,1570,9
Mississippi,2024,42,1,8,222,9
Missouri,2024,42,6,1,3149,7
Montana,2024,42,2,0,377,2
Nebraska,2024,42,5,1,1261,6
Nevada,2024,42,19,1,667,20
New Mexico,2024,42,21,8,3203,29
New York,2024,42,10,3,4746,13
North Carolina,2024,42,7,0,2871,7
North Dakota,2024,42,0,0,259,0
Ohio,2024,42,14,2,6877,16
Oklahoma,2024,42,1,0,529,1
Oregon,2024,42,17,3,1979,20
Pennsylvania,2024,42,3,0,1231,3
South Carolina,2024,42,3,1,330,4
Tennessee,2024,42,0,0,20,0
Texas,2024,42,68,5,5211,73
Vermont,2024,42,5,1,413,6
Virginia,2024,42,5,0,1265,5
Washington,2024,42,32,4,2540,36
West Virginia,2024,42,5,0,1033,5
Wisconsin,2024,42,19,5,7788,24
Alabama,2024,43,1,0,313,1
Arizona,2024,43,9,0,350,9
Arkansas,2024,43,1,5,459,6
California,2024,43,183,10,11158,193
Colorado,2024,43,10,0,1168,10
Connecticut,2024,43,17,5,1755,22
Florida,2024,43,4,2,330,6
Georgia,2024,43,6,0,1205,6
Idaho,2024,43,1,0,354,1
Illinois,2024,43,4,1,394,5
Indiana,2024,43,2,1,281,3
Iowa,2024,43,2,0,1631,2
Kentucky,2024,43,3,3,699,6
Louisiana,2024,43,3,0,75,3
Maine,2024,43,2,0,987,2
Maryland,2024,43,1,1,463,2
Massachusetts,2024,43,10,3,2007,13
Michigan,2024,43,5,0,518,5
Minnesota,2024,43,4,2,1569,6
Mississippi,2024,43,1,9,230,10
Missouri,2024,43,17,0,3459,17
Montana,2024,43,2,1,372,3
Nebraska,2024,43,6,1,1228,7
Nevada,2024,43,39,0,616,39
New Mexico,2024,43,18,5,2997,23
New York,2024,43,9,1,5045,10
North Carolina,2024,43,28,2,3010,30
North Dakota,2024,43,1,0,290,1
Ohio,2024,43,29,4,7062,33
Oklahoma,2024,43,4,0,556,4
Oregon,2024,43,15,0,1905,15
Pennsylvania,2024,43,16,0,1358,16
South Carolina,2024,43,0,0,350,0
South Dakota,2024,43,0,0,115,0
Tennessee,2024,43,0,0,22,0
Texas,2024,43,101,5,5592,106
Vermont,2024,43,3,0,442,3
Virginia,2024,43,6,1,1339,7
Washington,2024,43,33,6,2471,39
West Virginia,2024,43,2,1,1037,3
Wisconsin,2024,43,19,15,8122,34
Alabama,2024,44,2,0,341,2
Arizona,2024,44,24,0,427,24
Arkansas,2024,44,3,0,488,3
California,2024,44,223,14,11249,237
Colorado,2024,44,17,0,1224,17
Connecticut,2024,44,8,3,1589,11
Florida,2024,44,9,1,321,10
Georgia,2024,44,21,0,2096,21
Idaho,2024,44,4,0,294,4
Illinois,2024,44,1,0,139,1
Indiana,2024,44,3,0,279,3
Iowa,2024,44,18,1,1705,19
Kentucky,2024,44,1,0,747,1
Louisiana,2024,44,0,0,66,0
Maine,2024,44,4,0,869,4
Maryland,2024,44,0,0,465,0
Massachusetts,2024,44,14,6,1673,20
Michigan,2024,44,3,0,508,3
Minnesota,2024,44,2,2,1589,4
Mississippi,2024,44,3,7,227,10
Missouri,2024,44,12,2,3233,14
Montana,2024,44,0,0,360,0
Nebraska,2024,44,20,3,1347,23
Nevada,2024,44,36,1,729,37
New Mexico,2024,44,46,2,3428,48
New York,2024,44,14,1,4627,15
North Carolina,2024,44,25,0,3076,25
North Dakota,2024,44,2,0,276,2
Ohio,2024,44,45,3,7008,48
Oklahoma,2024,44,1,0,497,1
Oregon,2024,44,28,0,1857,28
Pennsylvania,2024,44,9,1,1267,10
South Carolina,2024,44,3,0,353,3
South Dakota,2024,44,0,0,129,0
Tennessee,2024,44,0,0,28,0
Texas,2024,44,103,5,5510,108
Vermont,2024,44,0,0,380,0
Virginia,2024,44,5,2,1327,7
Washington,2024,44,35,3,2316,38
West Virginia,2024,44,6,0,1055,6
Wisconsin,2024,44,62,17,8668,79
Wyoming,2024,44,0,0,11,0
Alabama,2024,45,6,0,308,6
Arizona,2024,45,58,0,511,58
Arkansas,2024,45,3,0,483,3
California,2024,45,288,25,12813,313
Colorado,2024,45,23,0,1131,23
Connecticut,2024,45,5,4,1678,9
Florida,2024,45,6,1,336,7
Georgia,2024,45,5,1,1256,6
Idaho,2024,45,1,0,275,1
Illinois,2024,45,7,1,427,8
Indiana,2024,45,1,0,294,1
Iowa,2024,45,12,1,1814,13
Kentucky,2024,45,5,0,645,5
Louisiana,2024,45,1,0,55,1
Maine,2024,45,4,1,931,5
Maryland,2024,45,3,0,435,3
Massachusetts,2024,45,19,2,1853,21
Michigan,2024,45,4,0,538,4
Minnesota,2024,45,15,0,1640,15
Mississippi,2024,45,4,6,225,10
Missouri,2024,45,9,1,3271,10
Montana,2024,45,0,0,417,0
Nebraska,2024,45,11,5,1303,16
Nevada,2024,45,70,3,796,73
New Mexico,2024,45,55,7,3381,62
New York,2024,45,30,5,4455,35
North Carolina,2024,45,26,0,2992,26
North Dakota,2024,45,5,0,259,5
Ohio,2024,45,48,0,6963,48
Oklahoma,2024,45,1,0,459,1
Oregon,2024,45,53,1,2096,54
Pennsylvania,2024,45,12,0,1199,12
South Carolina,2024,45,2,0,360,2
South Dakota,2024,45,0,0,124,0
Tennessee,2024,45,0,0,26,0
Texas,2024,45,166,6,6107,172
Vermont,2024,45,2,1,429,3
Virginia,2024,45,12,2,1373,14
Washington,2024,45,34,4,2586,38
West Virginia,2024,45,0,1,1063,1
Wisconsin,2024,45,59,6,7789,65
Alabama,2024,46,0,0,405,0
Arizona,2024,46,84,2,602,86
Arkansas,2024,46,4,0,588,4
California,2024,46,512,40,13701,552
Colorado,2024,46,31,0,1238,31
Connecticut,2024,46,2,2,1661,4
Florida,2024,46,13,1,389,14
Georgia,2024,46,46,1,2307,47
Idaho,2024,46,3,0,332,3
Illinois,2024,46,10,1,421,11
Indiana,2024,46,0,0,294,0
Iowa,2024,46,8,7,1752,15
Kentucky,2024,46,1,0,735,1
Louisiana,2024,46,7,0,53,7
Maine,2024,46,1,0,908,1
Maryland,2024,46,7,0,402,7
Massachusetts,2024,46,17,6,1809,23
Michigan,2024,46,8,0,566,8
Minnesota,2024,46,13,0,1713,13
Mississippi,2024,46,6,8,219,14
Missouri,2024,46,11,0,3355,11
Montana,2024,46,2,0,383,2
Nebraska,2024,46,8,0,982,8
Nevada,2024,46,90,1,839,91
New Mexico,2024,46,73,16,3842,89
New York,2024,46,22,5,4777,27
North Carolina,2024,46,15,0,3055,15
North Dakota,2024,46,2,0,235,2
Ohio,2024,46,60,3,6957,63
Oklahoma,2024,46,2,0,516,2
Oregon,2024,46,112,2,2262,114
Pennsylvania,2024,46,21,0,1372,21
South Carolina,2024,46,1,0,333,1
South Dakota,2024,46,1,0,133,1
Tennessee,2024,46,0,0,27,0
Texas,2024,46,236,7,6630,243
Vermont,2024,46,2,2,398,4
Virginia,2024,46,8,3,1326,11
Washington,2024,46,46,6,2535,52
West Virginia,2024,46,6,0,1400,6
Wisconsin,2024,46,93,11,8900,104
Wyoming,2024,46,1,0,15,1
Alabama,2024,47,6,1,338,7
Arizona,2024,47,173,2,758,175
Arkansas,2024,47,3,1,695,4
California,2024,47,695,63,14848,758
Colorado,2024,47,33,4,1288,37
Connecticut,2024,47,7,2,1649,9
Florida,2024,47,14,1,351,15
Georgia,2024,47,17,2,1405,19
Idaho,2024,47,1,1,38,2
Illinois,2024,47,6,0,479,6
Indiana,2024,47,4,0,341,4
Iowa,2024,47,11,1,1829,12
Kentucky,2024,47,3,0,824,3
Louisiana,2024,47,5,0,69,5
Maine,2024,47,1,0,1002,1
Maryland,2024,47,1,0,473,1
Massachusetts,2024,47,23,15,2148,38
Michigan,2024,47,9,0,584,9
Minnesota,2024,47,17,2,1761,19
Mississippi,2024,47,9,5,224,14
Missouri,2024,47,20,4,3602,24
Montana,2024,47,0,0,392,0
Nebraska,2024,47,16,2,1539,18
Nevada,2024,47,143,1,952,144
New Mexico,2024,47,112,10,4299,122
New York,2024,47,43,6,4751,49
North Carolina,2024,47,9,2,3008,11
North Dakota,2024,47,2,0,217,2
Ohio,2024,47,85,0,7138,85
Oklahoma,2024,47,4,0,591,4
Oregon,2024,47,213,2,2335,215
Pennsylvania,2024,47,31,2,1560,33
South Carolina,2024,47,5,0,366,5
South Dakota,2024,47,1,0,114,1
Tennessee,2024,47,0,0,42,0
Texas,2024,47,344,14,7209,358
Vermont,2024,47,1,0,316,1
Virginia,2024,47,19,4,1360,23
Washington,2024,47,70,13,2782,83
West Virginia,2024,47,2,0,1412,2
Wisconsin,2024,47,104,7,9963,111
Wyoming,2024,47,1,0,15,1
Alabama,2024,48,4,0,365,4
Arizona,2024,48,258,0,940,258
Arkansas,2024,48,2,0,591,2
California,2024,48,932,72,13868,1004
Colorado,2024,48,67,1,1291,68
Connecticut,2024,48,16,2,1663,18
Florida,2024,48,18,1,392,19
Georgia,2024,48,66,10,2526,76
Idaho,2024,48,17,0,354,17
Illinois,2024,48,3,0,393,3
Indiana,2024,48,2,0,286,2
Iowa,2024,48,18,3,1806,21
Kansas,2024,48,18,0,875,18
Kentucky,2024,48,12,0,706,12
Louisiana,2024,48,5,0,70,5
Maine,2024,48,5,0,884,5
Maryland,2024,48,4,0,450,4
Massachusetts,2024,48,24,5,1946,29
Michigan,2024,48,8,0,514,8
Minnesota,2024,48,37,2,1647,39
Mississippi,2024,48,13,1,238,14
Missouri,2024,48,32,1,3429,33
Montana,2024,48,13,0,365,13
Nebraska,2024,48,25,5,1295,30
Nevada,2024,48,199,7,1110,206
New Mexico,2024,48,145,5,4052,150
New York,2024,48,86,6,4384,92
North Carolina,2024,48,35,0,3136,35
North Dakota,2024,48,1,0,223,1
Ohio,2024,48,108,1,6609,109
Oklahoma,2024,48,5,1,521,6
Oregon,2024,48,176,1,2226,177
Pennsylvania,2024,48,35,2,1419,37
South Carolina,2024,48,3,0,364,3
South Dakota,2024,48,1,0,116,1
Texas,2024,48,448,16,7029,464
Vermont,2024,48,7,1,409,8
Virginia,2024,48,28,1,1233,29
Washington,2024,48,102,29,2625,131
West Virginia,2024,48,3,0,1256,3
Wisconsin,2024,48,110,9,8679,119
Alabama,2024,49,13,0,358,13
Arizona,2024,49,235,1,842,236
Arkansas,2024,49,6,0,732,6
California,2024,49,1512,101,18032,1613
Colorado,2024,49,90,2,1490,92
Connecticut,2024,49,38,1,1950,39
Florida,2024,49,20,1,405,21
Georgia,2024,49,75,1,2588,76
Idaho,2024,49,32,1,372,33
Illinois,2024,49,26,3,588,29
Indiana,2024,49,7,0,375,7
Iowa,2024,49,44,2,2126,46
Kentucky,2024,49,13,2,851,15
Louisiana,2024,49,8,0,98,8
Maine,2024,49,9,2,999,11
Maryland,2024,49,13,0,487,13
Massachusetts,2024,49,48,19,2402,67
Michigan,2024,49,14,1,616,15
Minnesota,2024,49,54,6,2017,60
Mississippi,2024,49,21,2,267,23
Missouri,2024,49,60,2,3891,62
Montana,2024,49,17,0,398,17
Nebraska,2024,49,132,5,1833,137
Nevada,2024,49,208,13,1160,221
New Mexico,2024,49,269,9,4906,278
New York,2024,49,126,13,5074,139
North Carolina,2024,49,48,3,3375,51
North Dakota,2024,49,5,0,287,5
Ohio,2024,49,217,0,7874,217
Oklahoma,2024,49,5,0,619,5
Oregon,2024,49,333,5,2667,338
Pennsylvania,2024,49,40,0,1516,40
South Carolina,2024,49,3,0,417,3
South Dakota,2024,49,1,0,120,1
Texas,2024,49,514,24,7636,538
Vermont,2024,49,7,0,394,7
Virginia,2024,49,71,2,1401,73
Washington,2024,49,147,24,3024,171
West Virginia,2024,49,7,0,1474,7
Wisconsin,2024,49,242,12,10775,254
Wyoming,2024,49,2,0,20,2
Alabama,2024,50,56,1,409,57
Arizona,2024,50,341,0,913,341
Arkansas,2024,50,40,1,813,41
California,2024,50,2315,174,19962,2489
Colorado,2024,50,112,1,1559,113
Connecticut,2024,50,81,10,1997,91
Florida,2024,50,42,0,470,42
Georgia,2024,50,233,3,2951,236
Idaho,2024,50,47,0,424,47
Illinois,2024,50,50,1,605,51
Indiana,2024,50,11,0,384,11
Iowa,2024,50,77,4,2198,81
Kentucky,2024,50,36,4,912,40
Louisiana,2024,50,17,0,117,17
Maine,2024,50,13,4,929,17
Maryland,2024,50,19,0,514,19
Massachusetts,2024,50,99,23,2537,122
Michigan,2024,50,31,0,688,31
Minnesota,2024,50,133,5,2088,138
Mississippi,2024,50,30,5,317,35
Missouri,2024,50,156,1,4194,157
Montana,2024,50,35,0,458,35
Nebraska,2024,50,228,15,1965,243
Nevada,2024,50,316,12,1323,328
New Mexico,2024,50,469,10,5091,479
New York,2024,50,227,15,5344,242
North Carolina,2024,50,100,2,3594,102
North Dakota,2024,50,13,1,318,14
Ohio,2024,50,435,4,8571,439
Oklahoma,2024,50,26,0,733,26
Oregon,2024,50,723,6,3372,729
Pennsylvania,2024,50,68,1,1683,69
South Carolina,2024,50,17,1,435,18
South Dakota,2024,50,1,0,106,1
Texas,2024,50,1108,23,7926,1131
Vermont,2024,50,5,0,381,5
Virginia,2024,50,115,1,1520,116
Washington,2024,50,213,25,3177,238
West Virginia,2024,50,20,0,1536,20
Wisconsin,2024,50,579,14,11475,593
Wyoming,2024,50,2,0,29,2
Alabama,2024,51,98,1,501,99
Arizona,2024,51,514,4,1247,518
Arkansas,2024,51,62,0,813,62
California,2024,51,4355,230,25096,4585
Colorado,2024,51,258,0,1877,258
Connecticut,2024,51,136,7,2105,143
Florida,2024,51,70,0,472,70
Georgia,2024,51,580,4,3696,584
Idaho,2024,51,98,1,534,99
Illinois,2024,51,101,2,678,103
Indiana,2024,51,12,0,369,12
Iowa,2024,51,143,8,2242,151
Kentucky,2024,51,75,1,1000,76
Louisiana,2024,51,24,0,117,24
Maine,2024,51,38,1,1008,39
Maryland,2024,51,36,0,564,36
Massachusetts,2024,51,139,35,2659,174
Michigan,2024,51,61,2,761,63
Minnesota,2024,51,350,7,2601,357
Mississippi,2024,51,42,7,305,49
Missouri,2024,51,452,2,4700,454
Montana,2024,51,127,0,578,127
Nebraska,2024,51,486,34,2449,520
Nevada,2024,51,536,16,1595,552
New Mexico,2024,51,920,25,6044,945
New York,2024,51,405,26,5937,431
North Carolina,2024,51,222,6,3793,228
North Dakota,2024,51,73,0,393,73
Ohio,2024,51,975,5,10277,980
Oklahoma,2024,51,50,0,780,50
Oregon,2024,51,1230,8,4355,1238
Pennsylvania,2024,51,143,4,1745,147
South Carolina,2024,51,37,0,519,37
South Dakota,2024,51,3,0,123,3
Texas,2024,51,1922,25,9032,1947
Vermont,2024,51,30,0,486,30
Virginia,2024,51,219,1,1619,220
Washington,2024,51,450,31,3396,481
West Virginia,2024,51,56,0,1311,56
Wisconsin,2024,51,1273,18,13336,1291
Wyoming,2024,51,6,0,25,6
Alabama,2024,52,21,0,210,21
Arizona,2024,52,622,6,1395,628
Arkansas,2024,52,74,1,730,75
California,2024,52,5288,258,26824,5546
Colorado,2024,52,438,8,2210,446
Connecticut,2024,52,252,16,2305,268
Florida,2024,52,88,2,571,90
Georgia,2024,52,333,0,2676,333
Idaho,2024,52,196,5,773,201
Illinois,2024,52,182,8,799,190
Indiana,2024,52,38,3,463,41
Iowa,2024,52,335,10,2468,345
Kentucky,2024,52,137,0,1044,137
Louisiana,2024,52,40,0,166,40
Maine,2024,52,113,6,1235,119
Maryland,2024,52,67,2,652,69
Massachusetts,2024,52,287,34,2836,321
Michigan,2024,52,131,0,871,131
Minnesota,2024,52,614,8,2880,622
Mississippi,2024,52,84,4,351,88
Missouri,2024,52,972,3,5628,975
Montana,2024,52,181,1,728,182
Nebraska,2024,52,737,35,2708,772
Nevada,2024,52,550,22,1583,572
New Mexico,2024,52,920,25,6044,945
New York,2024,52,791,43,6234,834
North Carolina,2024,52,429,6,4368,435
North Dakota,2024,52,130,0,494,130
Ohio,2024,52,1516,10,10958,1526
Oklahoma,2024,52,122,2,854,124
Oregon,2024,52,1066,3,3690,1069
Pennsylvania,2024,52,346,3,1842,349
South Carolina,2024,52,57,0,511,57
South Dakota,2024,52,2,0,108,2
Texas,2024,52,2676,23,9871,2699
Vermont,2024,52,66,0,573,66
Virginia,2024,52,317,2,1630,319
Washington,2024,52,570,34,3597,604
West Virginia,2024,52,110,0,1606,110
Wisconsin,2024,52,1991,18,14063,2009
Wyoming,2024,52,5,0,19,5
Alabama,2025,1,126,0,595,126
Arizona,2025,1,381,9,1144,390
Arkansas,2025,1,60,0,551,60
California,2025,1,5055,260,27500,5315
Colorado,2025,1,533,8,2286,541
Connecticut,2025,1,429,19,2759,448
Florida,2025,1,75,1,546,76
Georgia,2025,1,691,3,3897,694
Idaho,2025,1,154,0,765,154
Illinois,2025,1,150,4,834,154
Indiana,2025,1,43,0,477,43
Iowa,2025,1,445,11,3015,456
Kentucky,2025,1,107,4,809,111
Louisiana,2025,1,27,0,133,27
Maine,2025,1,195,5,1744,200
Maryland,2025,1,97,1,713,98
Massachusetts,2025,1,425,48,3148,473
Michigan,2025,1,110,1,968,111
Minnesota,2025,1,670,7,2990,677
Mississippi,2025,1,60,4,384,64
Missouri,2025,1,767,6,5367,773
Montana,2025,1,157,6,813,163
Nebraska,2025,1,718,40,2914,758
Nevada,2025,1,630,16,1818,646
New Mexico,2025,1,1804,23,6834,1827
New York,2025,1,966,52,6980,1018
North Carolina,2025,1,524,5,4877,529
North Dakota,2025,1,116,0,512,116
Ohio,2025,1,1581,19,10479,1600
Oklahoma,2025,1,99,1,822,100
Oregon,2025,1,897,3,4086,900
Pennsylvania,2025,1,413,2,2180,415
South Carolina,2025,1,77,0,594,77
South Dakota,2025,1,8,0,127,8
Texas,2025,1,2107,35,9135,2142
Vermont,2025,1,91,2,691,93
Virginia,2025,1,247,2,1388,249
Washington,2025,1,562,29,3925,591
West Virginia,2025,1,94,1,733,95
Wisconsin,2025,1,2479,23,16193,2502
Wyoming,2025,1,5,0,21,5
Alabama,2025,2,149,1,615,150
Arizona,2025,2,280,7,963,287
Arkansas,2025,2,50,1,501,51
California,2025,2,5316,318,29160,5634
Colorado,2025,2,409,1,2132,410
Connecticut,2025,2,493,20,2769,513
Florida,2025,2,61,1,589,62
Georgia,2025,2,264,2,2239,266
Idaho,2025,2,114,1,619,115
Illinois,2025,2,178,4,804,182
Indiana,2025,2,19,0,352,19
Iowa,2025,2,549,8,3497,557
Kentucky,2025,2,105,1,742,106
Maine,2025,2,198,8,1605,206
Maryland,2025,2,97,2,593,99
Massachusetts,2025,2,452,40,3060,492
Michigan,2025,2,97,0,804,97
Minnesota,2025,2,858,11,3317,869
Mississippi,2025,2,34,10,297,44
Missouri,2025,2,573,6,4177,579
Montana,2025,2,140,2,722,142
Nebraska,2025,2,808,64,3058,872
Nevada,2025,2,337,6,1150,343
New Mexico,2025,2,1326,12,5962,1338
New York,2025,2,962,42,7080,1004
North Carolina,2025,2,465,4,4230,469
North Dakota,2025,2,150,2,587,152
Ohio,2025,2,1368,7,10246,1375
Oklahoma,2025,2,108,1,772,109
Oregon,2025,2,578,7,3563,585
Pennsylvania,2025,2,364,9,2010,373
South Carolina,2025,2,84,0,632,84
South Dakota,2025,2,9,0,131,9
Texas,2025,2,1811,23,7552,1834
Vermont,2025,2,25,0,181,25
Virginia,2025,2,238,5,1299,243
Washington,2025,2,607,39,3992,646
West Virginia,2025,2,67,1,503,68
Wisconsin,2025,2,3600,22,18002,3622
Wyoming,2025,2,13,0,45,13
Alabama,2025,3,150,0,600,150
Arizona,2025,3,255,14,991,269
Arkansas,2025,3,85,1,525,86
California,2025,3,6319,351,29530,6670
Colorado,2025,3,431,0,2003,431
Connecticut,2025,3,640,27,2900,667
Florida,2025,3,85,1,545,86
Georgia,2025,3,1000,17,3905,1017
Idaho,2025,3,116,2,621,118
Illinois,2025,3,234,1,838,235
Indiana,2025,3,38,0,347,38
Iowa,2025,3,917,8,3831,925
Kentucky,2025,3,112,1,752,113
Maine,2025,3,232,11,1621,243
Maryland,2025,3,116,0,586,116
Massachusetts,2025,3,754,71,3243,825
Michigan,2025,3,167,1,838,168
Minnesota,2025,3,1192,24,3681,1216
Mississippi,2025,3,35,7,342,42
Missouri,2025,3,650,6,4542,656
Montana,2025,3,143,7,640,150
Nebraska,2025,3,972,104,3342,1076
Nevada,2025,3,388,25,1207,413
New Mexico,2025,3,1281,15,5849,1296
New York,2025,3,1477,57,7351,1534
North Carolina,2025,3,720,2,4467,722
North Dakota,2025,3,231,4,646,235
Ohio,2025,3,2165,14,10345,2179
Oklahoma,2025,3,193,0,876,193
Oregon,2025,3,515,13,3258,528
Pennsylvania,2025,3,520,7,2165,527
South Carolina,2025,3,110,0,626,110
South Dakota,2025,3,17,0,134,17
Texas,2025,3,2887,27,8717,2914
Vermont,2025,3,204,2,861,206
Virginia,2025,3,317,1,1562,318
Washington,2025,3,656,45,4011,701
West Virginia,2025,3,71,0,550,71
Wisconsin,2025,3,5853,39,19670,5892
Wyoming,2025,3,22,0,59,22
Alabama,2025,4,188,0,610,188
Arizona,2025,4,256,12,1083,268
Arkansas,2025,4,143,0,617,143
California,2025,4,7483,589,31235,8072
Colorado,2025,4,492,1,2497,493
Connecticut,2025,4,807,40,2929,847
Florida,2025,4,95,1,540,96
Georgia,2025,4,1150,13,4255,1163
Idaho,2025,4,129,3,339,132
Illinois,2025,4,243,3,780,246
Indiana,2025,4,75,0,421,75
Iowa,2025,4,1336,19,4378,1355
Kentucky,2025,4,150,1,779,151
Maine,2025,4,298,12,1560,310
Maryland,2025,4,180,0,579,180
Massachusetts,2025,4,1169,82,3730,1251
Michigan,2025,4,205,1,901,206
Minnesota,2025,4,1141,11,3587,1152
Mississippi,2025,4,59,6,320,65
Missouri,2025,4,1028,3,5006,1031
Montana,2025,4,219,3,679,222
Nebraska,2025,4,806,91,2394,897
Nevada,2025,4,308,19,1157,327
New Mexico,2025,4,1366,26,6115,1392
New York,2025,4,1921,92,7338,2013
North Carolina,2025,4,1146,4,4714,1150
North Dakota,2025,4,243,4,663,247
Ohio,2025,4,2940,29,10704,2969
Oklahoma,2025,4,330,0,1049,330
Oregon,2025,4,672,22,3480,694
Pennsylvania,2025,4,571,17,2078,588
South Carolina,2025,4,200,1,748,201
South Dakota,2025,4,20,1,105,21
Texas,2025,4,3174,37,8092,3211
Vermont,2025,4,362,4,982,366
Virginia,2025,4,452,7,1622,459
Washington,2025,4,880,67,4155,947
West Virginia,2025,4,70,0,490,70
Wisconsin,2025,4,8238,57,22290,8295
Wyoming,2025,4,19,0,60,19
Alabama,2025,5,151,0,640,151
Arizona,2025,5,266,34,1315,300
Arkansas,2025,5,284,3,821,287
California,2025,5,9012,963,36660,9975
Colorado,2025,5,570,8,2101,578
Connecticut,2025,5,1001,43,3449,1044
Florida,2025,5,127,2,632,129
Georgia,2025,5,1117,15,4320,1132
Idaho,2025,5,139,1,401,140
Illinois,2025,5,339,13,1085,352
Indiana,2025,5,114,2,481,116
Iowa,2025,5,1890,33,5009,1923
Kentucky,2025,5,303,2,1045,305
Maine,2025,5,456,26,1899,482
Maryland,2025,5,68,0,278,68
Massachusetts,2025,5,1401,121,4087,1522
Michigan,2025,5,203,5,992,208
Minnesota,2025,5,990,25,3381,1015
Mississippi,2025,5,80,11,438,91
Missouri,2025,5,1891,6,5900,1897
Montana,2025,5,263,4,844,267
Nebraska,2025,5,1606,163,4523,1769
Nevada,2025,5,272,37,1064,309
New Mexico,2025,5,1708,32,6747,1740
New York,2025,5,2180,137,8258,2317
North Carolina,2025,5,1748,10,6121,1758
North Dakota,2025,5,310,3,818,313
Ohio,2025,5,4349,41,13755,4390
Oklahoma,2025,5,461,1,1173,462
Oregon,2025,5,974,47,4508,1021
Pennsylvania,2025,5,803,15,2442,818
South Carolina,2025,5,243,0,815,243
South Dakota,2025,5,13,0,114,13
Texas,2025,5,4994,66,11492,5060
Vermont,2025,5,456,6,1259,462
Virginia,2025,5,672,13,1984,685
Washington,2025,5,1187,109,4556,1296
West Virginia,2025,5,147,0,680,147
Wisconsin,2025,5,9335,101,24684,9436
Wyoming,2025,5,9,0,47,9
Alabama,2025,6,125,1,584,126
Arizona,2025,6,194,55,1344,249
Arkansas,2025,6,378,4,982,382
California,2025,6,8195,1308,36065,9503
Colorado,2025,6,946,11,3174,957
Connecticut,2025,6,960,83,3453,1043
Florida,2025,6,106,2,618,108
Georgia,2025,6,1014,20,4826,1034
Idaho,2025,6,122,4,342,126
Illinois,2025,6,288,4,931,292
Indiana,2025,6,147,0,545,147
Iowa,2025,6,1916,33,5154,1949
Kentucky,2025,6,443,4,1308,447
Maine,2025,6,511,46,1923,557
Maryland,2025,6,72,1,310,73
Massachusetts,2025,6,1526,128,4134,1654
Michigan,2025,6,248,4,961,252
Minnesota,2025,6,761,16,3097,777
Mississippi,2025,6,51,9,397,60
Missouri,2025,6,1812,8,6484,1820
Montana,2025,6,311,5,944,316
Nebraska,2025,6,1802,189,4724,1991
Nevada,2025,6,280,48,1168,328
New Mexico,2025,6,1778,38,7293,1816
New York,2025,6,2245,187,8496,2432
North Carolina,2025,6,1783,6,5881,1789
North Dakota,2025,6,210,10,672,220
Ohio,2025,6,5709,58,15617,5767
Oklahoma,2025,6,379,0,1134,379
Oregon,2025,6,1039,75,4508,1114
Pennsylvania,2025,6,837,29,2623,866
South Carolina,2025,6,231,2,748,233
South Dakota,2025,6,16,0,133,16
Texas,2025,6,3861,93,10663,3954
Vermont,2025,6,354,14,1133,368
Virginia,2025,6,851,11,2301,862
Washington,2025,6,1232,176,4791,1408
West Virginia,2025,6,211,4,835,215
Wisconsin,2025,6,9364,184,24991,9548
Wyoming,2025,6,26,0,62,26
Alabama,2025,7,68,2,472,70
Arizona,2025,7,167,74,1395,241
Arkansas,2025,7,262,5,813,267
California,2025,7,5975,1506,32482,7481
Colorado,2025,7,775,8,3007,783
Connecticut,2025,7,548,69,2859,617
Florida,2025,7,68,0,521,68
Georgia,2025,7,529,15,3369,544
Idaho,2025,7,104,1,348,105
Illinois,2025,7,211,4,757,215
Indiana,2025,7,133,0,512,133
Iowa,2025,7,1399,39,4446,1438
Kentucky,2025,7,275,7,1068,282
Maine,2025,7,599,63,2067,662
Maryland,2025,7,52,0,290,52
Massachusetts,2025,7,1198,130,3856,1328
Michigan,2025,7,262,0,1004,262
Minnesota,2025,7,543,43,2578,586
Mississippi,2025,7,21,7,299,28
Missouri,2025,7,1447,17,6071,1464
Montana,2025,7,316,20,1078,336
Nebraska,2025,7,1496,143,4173,1639
Nevada,2025,7,177,53,1023,230
New Mexico,2025,7,1596,59,7153,1655
New York,2025,7,2204,250,8404,2454
North Carolina,2025,7,1117,7,4856,1124
North Dakota,2025,7,148,8,534,156
Ohio,2025,7,5648,53,15773,5701
Oklahoma,2025,7,264,0,957,264
Oregon,2025,7,852,78,4329,930
Pennsylvania,2025,7,735,23,2434,758
South Carolina,2025,7,94,0,608,94
South Dakota,2025,7,13,1,139,14
Texas,2025,7,2031,61,8105,2092
Vermont,2025,7,250,16,980,266
Virginia,2025,7,416,11,1537,427
Washington,2025,7,1158,163,4988,1321
West Virginia,2025,7,250,5,867,255
Wisconsin,2025,7,7438,215,21607,7653
Wyoming,2025,7,11,1,48,12
Alabama,2025,8,59,3,451,62
Arizona,2025,8,121,96,1236,217
Arkansas,2025,8,169,4,568,173
California,2025,8,3861,1614,27324,5475
Colorado,2025,8,596,12,2828,608
Connecticut,2025,8,337,65,2415,402
Florida,2025,8,33,1,425,34
Georgia,2025,8,304,15,2678,319
Idaho,2025,8,82,4,340,86
Illinois,2025,8,131,9,643,140
Indiana,2025,8,107,1,502,108
Iowa,2025,8,993,46,3908,1039
Kentucky,2025,8,171,6,918,177
Maine,2025,8,471,83,1903,554
Maryland,2025,8,155,2,736,157
Massachusetts,2025,8,756,133,3119,889
Michigan,2025,8,203,1,873,204
Minnesota,2025,8,347,65,2470,412
Mississippi,2025,8,12,6,239,18
Missouri,2025,8,994,15,4898,1009
Montana,2025,8,338,22,1056,360
Nebraska,2025,8,1010,96,3355,1106
Nevada,2025,8,169,61,1074,230
New Mexico,2025,8,1093,82,5520,1175
New York,2025,8,1481,287,7057,1768
North Carolina,2025,8,686,14,4052,700
North Dakota,2025,8,125,4,539,129
Ohio,2025,8,4400,72,13906,4472
Oklahoma,2025,8,115,1,724,116
Oregon,2025,8,866,141,4549,1007
Pennsylvania,2025,8,484,32,2079,516
South Carolina,2025,8,62,0,512,62
South Dakota,2025,8,14,0,126,14
Texas,2025,8,1461,83,7569,1544
Vermont,2025,8,223,23,960,246
Virginia,2025,8,359,13,1639,372
Washington,2025,8,1167,195,5202,1362
West Virginia,2025,8,193,2,689,195
Wisconsin,2025,8,5697,287,19841,5984
Wyoming,2025,8,4,0,32,4
Alabama,2025,9,71,1,481,72
Arizona,2025,9,85,72,1059,157
Arkansas,2025,9,117,3,529,120
California,2025,9,2447,1486,24092,3933
Colorado,2025,9,510,21,2734,531
Connecticut,2025,9,214,113,2353,327
Florida,2025,9,35,1,445,36
Georgia,2025,9,361,21,2924,382
Idaho,2025,9,64,5,312,69
Illinois,2025,9,105,13,581,118
Indiana,2025,9,112,4,494,116
Iowa,2025,9,885,44,3767,929
Kentucky,2025,9,138,11,913,149
Maine,2025,9,357,76,1828,433
Maryland,2025,9,125,1,719,126
Massachusetts,2025,9,469,115,2883,584
Michigan,2025,9,138,2,819,140
Minnesota,2025,9,240,90,2441,330
Mississippi,2025,9,17,2,250,19
Missouri,2025,9,699,20,4640,719
Montana,2025,9,225,14,982,239
Nebraska,2025,9,569,66,2405,635
Nevada,2025,9,139,39,902,178
New Mexico,2025,9,1086,92,6626,1178
New York,2025,9,1008,281,6833,1289
North Carolina,2025,9,517,7,3764,524
North Dakota,2025,9,64,2,484,66
Ohio,2025,9,3420,83,12841,3503
Oklahoma,2025,9,45,2,619,47
Oregon,2025,9,525,111,3945,636
Pennsylvania,2025,9,327,37,1958,364
South Carolina,2025,9,64,1,543,65
South Dakota,2025,9,7,0,132,7
Texas,2025,9,1153,99,7660,1252
Vermont,2025,9,165,21,875,186
Virginia,2025,9,324,19,1670,343
Washington,2025,9,674,144,4331,818
West Virginia,2025,9,483,13,2279,496
Wisconsin,2025,9,4075,450,17986,4525
Wyoming,2025,9,3,1,37,4
Alabama,2025,10,48,5,509,53
Arizona,2025,10,74,113,1024,187
Arkansas,2025,10,130,8,592,138
California,2025,10,1427,1245,19766,2672
Colorado,2025,10,356,16,2468,372
Connecticut,2025,10,172,165,2271,337
Florida,2025,10,24,1,406,25
Georgia,2025,10,284,25,2835,309
Idaho,2025,10,39,9,233,48
Illinois,2025,10,64,18,552,82
Indiana,2025,10,57,0,441,57
Iowa,2025,10,496,54,2981,550
Kentucky,2025,10,77,11,759,88
Maine,2025,10,283,86,1553,369
Maryland,2025,10,70,5,827,75
Massachusetts,2025,10,323,146,2651,469
Michigan,2025,10,99,3,824,102
Minnesota,2025,10,148,103,2165,251
Mississippi,2025,10,27,9,322,36
Missouri,2025,10,537,16,4250,553
Montana,2025,10,150,7,899,157
Nebraska,2025,10,395,48,2300,443
Nevada,2025,10,118,74,963,192
New Mexico,2025,10,934,65,6060,999
New York,2025,10,783,297,6354,1080
North Carolina,2025,10,404,11,3635,415
North Dakota,2025,10,52,6,479,58
Ohio,2025,10,2427,81,12136,2508
Oklahoma,2025,10,33,3,624,36
Oregon,2025,10,407,85,3714,492
Pennsylvania,2025,10,272,79,2000,351
South Carolina,2025,10,51,3,497,54
South Dakota,2025,10,15,0,129,15
Texas,2025,10,665,82,6304,747
Vermont,2025,10,106,24,634,130
Virginia,2025,10,191,35,1604,226
Washington,2025,10,446,149,3652,595
West Virginia,2025,10,148,5,698,153
Wisconsin,2025,10,2331,570,14786,2901
Wyoming,2025,10,4,0,37,4
Alabama,2025,11,49,3,500,52
Arizona,2025,11,54,97,829,151
Arkansas,2025,11,88,6,556,94
California,2025,11,1161,1186,18893,2347
Colorado,2025,11,257,15,2323,272
Connecticut,2025,11,99,207,2239,306
Florida,2025,11,25,0,464,25
Georgia,2025,11,235,23,2827,258
Idaho,2025,11,32,9,239,41
Illinois,2025,11,43,31,491,74
Indiana,2025,11,38,0,398,38
Iowa,2025,11,290,55,2577,345
Kentucky,2025,11,73,7,754,80
Maine,2025,11,255,99,1469,354
Maryland,2025,11,67,8,662,75
Massachusetts,2025,11,165,178,2562,343
Michigan,2025,11,94,8,762,102
Minnesota,2025,11,122,99,2079,221
Mississippi,2025,11,21,7,255,28
Missouri,2025,11,359,30,3980,389
Montana,2025,11,96,3,793,99
Nebraska,2025,11,293,34,1973,327
Nevada,2025,11,84,63,940,147
New Mexico,2025,11,734,58,5771,792
New York,2025,11,605,329,6053,934
North Carolina,2025,11,333,19,3297,352
North Dakota,2025,11,49,13,516,62
Ohio,2025,11,1652,99,9892,1751
Oklahoma,2025,11,26,1,658,27
Oregon,2025,11,296,82,3126,378
Pennsylvania,2025,11,162,98,1745,260
South Carolina,2025,11,24,4,483,28
South Dakota,2025,11,4,0,115,4
Texas,2025,11,421,86,5652,507
Vermont,2025,11,74,16,609,90
Virginia,2025,11,206,37,1403,243
Washington,2025,11,327,134,3634,461
West Virginia,2025,11,148,4,764,152
Wisconsin,2025,11,1397,622,13716,2019
Wyoming,2025,11,3,0,30,3
Alabama,2025,12,34,2,364,36
Arizona,2025,12,31,69,702,100
Arkansas,2025,12,70,13,543,83
California,2025,12,845,1282,17892,2127
Colorado,2025,12,188,13,2164,201
Connecticut,2025,12,50,196,2031,246
Florida,2025,12,13,0,360,13
Georgia,2025,12,143,36,2426,179
Idaho,2025,12,16,5,199,21
Illinois,2025,12,21,61,509,82
Indiana,2025,12,20,2,344,22
Iowa,2025,12,142,26,2061,168
Kentucky,2025,12,46,7,702,53
Maine,2025,12,188,97,1344,285
Maryland,2025,12,38,18,474,56
Massachusetts,2025,12,107,200,2355,307
Michigan,2025,12,55,4,690,59
Minnesota,2025,12,76,88,1918,164
Mississippi,2025,12,12,4,268,16
Missouri,2025,12,174,29,3497,203
Montana,2025,12,50,21,672,71
Nebraska,2025,12,164,29,1677,193
Nevada,2025,12,74,64,786,138
New Mexico,2025,12,478,50,4900,528
New York,2025,12,414,361,5807,775
North Carolina,2025,12,193,18,3011,211
North Dakota,2025,12,41,4,352,45
Ohio,2025,12,875,96,8499,971
Oklahoma,2025,12,13,0,585,13
Oregon,2025,12,248,126,3344,374
Pennsylvania,2025,12,104,111,1657,215
South Carolina,2025,12,14,3,399,17
South Dakota,2025,12,4,1,110,5
Texas,2025,12,236,82,5179,318
Vermont,2025,12,41,16,602,57
Virginia,2025,12,120,57,1353,177
Washington,2025,12,260,121,3420,381
West Virginia,2025,12,122,8,717,130
Wisconsin,2025,12,716,614,11639,1330
Wyoming,2025,12,0,0,17,0
Alabama,2025,13,26,2,358,28
Arizona,2025,13,15,47,586,62
Arkansas,2025,13,37,18,474,55
California,2025,13,602,1227,16364,1829
Colorado,2025,13,100,30,1878,130
Connecticut,2025,13,37,172,1997,209
Florida,2025,13,13,0,373,13
Georgia,2025,13,142,40,2232,182
Idaho,2025,13,14,4,168,18
Illinois,2025,13,13,32,414,45
Indiana,2025,13,10,2,274,12
Iowa,2025,13,100,35,1850,135
Kentucky,2025,13,39,5,708,44
Maine,2025,13,125,110,1248,235
Maryland,2025,13,25,21,491,46
Massachusetts,2025,13,51,198,2129,249
Michigan,2025,13,28,9,648,37
Minnesota,2025,13,59,76,1835,135
Mississippi,2025,13,10,4,200,14
Missouri,2025,13,113,33,3289,146
Montana,2025,13,32,24,646,56
Nebraska,2025,13,107,38,1575,145
Nevada,2025,13,71,45,816,116
New Mexico,2025,13,455,55,4995,510
New York,2025,13,305,350,5825,655
North Carolina,2025,13,132,19,2709,151
North Dakota,2025,13,20,10,323,30
Ohio,2025,13,493,93,7783,586
Oklahoma,2025,13,18,3,563,21
Oregon,2025,13,173,103,2906,276
Pennsylvania,2025,13,51,111,1624,162
South Carolina,2025,13,14,4,389,18
South Dakota,2025,13,0,0,99,0
Texas,2025,13,179,92,5123,271
Vermont,2025,13,23,19,515,42
Virginia,2025,13,87,71,1248,158
Washington,2025,13,159,123,3254,282
West Virginia,2025,13,76,15,619,91
Wisconsin,2025,13,484,604,10624,1088
Wyoming,2025,13,0,0,13,0
Alabama,2025,14,7,1,286,8
Arizona,2025,14,17,54,550,71
Arkansas,2025,14,23,9,370,32
California,2025,14,490,981,14844,1471
Colorado,2025,14,61,22,1757,83
Connecticut,2025,14,36,147,1866,183
Florida,2025,14,5,0,326,5
Georgia,2025,14,37,4,1319,41
Idaho,2025,14,3,1,146,4
Illinois,2025,14,10,44,406,54
Indiana,2025,14,5,2,282,7
Iowa,2025,14,34,35,1751,69
Kentucky,2025,14,19,0,573,19
Maine,2025,14,78,105,1163,183
Maryland,2025,14,17,30,444,47
Massachusetts,2025,14,49,161,2114,210
Michigan,2025,14,17,6,586,23
Minnesota,2025,14,36,91,1642,127
Mississippi,2025,14,3,8,210,11
Missouri,2025,14,78,41,2947,119
Montana,2025,14,20,10,525,30
Nebraska,2025,14,47,46,1447,93
Nevada,2025,14,39,41,686,80
New Mexico,2025,14,270,67,4417,337
New York,2025,14,270,374,5646,644
North Carolina,2025,14,83,19,2756,102
North Dakota,2025,14,13,9,299,22
Ohio,2025,14,276,94,6800,370
Oklahoma,2025,14,9,1,484,10
Oregon,2025,14,118,59,2496,177
Pennsylvania,2025,14,24,70,1377,94
South Carolina,2025,14,5,3,407,8
South Dakota,2025,14,0,0,114,0
Texas,2025,14,149,96,4917,245
Vermont,2025,14,24,15,458,39
Virginia,2025,14,60,55,1062,115
Washington,2025,14,110,98,2908,208
West Virginia,2025,14,52,16,1130,68
Wisconsin,2025,14,233,574,9762,807
Wyoming,2025,14,1,0,15,1
Alabama,2025,15,5,1,311,6
Arizona,2025,15,12,59,534,71
Arkansas,2025,15,8,5,338,13
California,2025,15,320,826,14000,1146
Colorado,2025,15,50,23,1720,73
Connecticut,2025,15,23,110,1785,133
Florida,2025,15,5,1,332,6
Georgia,2025,15,53,27,1813,80
Idaho,2025,15,7,1,164,8
Illinois,2025,15,5,14,400,19
Indiana,2025,15,2,1,238,3
Iowa,2025,15,31,33,1711,64
Kentucky,2025,15,8,4,532,12
Maine,2025,15,53,95,1040,148
Maryland,2025,15,9,33,389,42
Massachusetts,2025,15,36,164,2019,200
Michigan,2025,15,8,4,558,12
Minnesota,2025,15,22,69,1646,91
Mississippi,2025,15,3,7,196,10
Missouri,2025,15,52,30,3032,82
Montana,2025,15,15,9,401,24
Nebraska,2025,15,37,50,1458,87
Nevada,2025,15,39,53,762,92
New Mexico,2025,15,221,82,4479,303
New York,2025,15,146,353,5634,499
North Carolina,2025,15,44,15,2488,59
North Dakota,2025,15,9,8,305,17
Ohio,2025,15,150,97,6334,247
Oklahoma,2025,15,0,3,467,3
Oregon,2025,15,63,41,2000,104
Pennsylvania,2025,15,16,49,1325,65
South Carolina,2025,15,5,0,385,5
South Dakota,2025,15,1,0,125,1
Texas,2025,15,107,97,5147,204
Vermont,2025,15,12,22,486,34
Virginia,2025,15,28,36,1017,64
Washington,2025,15,73,85,2778,158
West Virginia,2025,15,19,6,1021,25
Wisconsin,2025,15,131,510,9051,641
Wyoming,2025,15,0,0,10,0
Alabama,2025,16,9,0,301,9
Arizona,2025,16,7,47,494,54
Arkansas,2025,16,4,17,409,21
California,2025,16,230,673,12758,903
Colorado,2025,16,36,33,1676,69
Connecticut,2025,16,6,78,1643,84
Florida,2025,16,3,1,326,4
Georgia,2025,16,34,23,1772,57
Idaho,2025,16,1,0,147,1
Illinois,2025,16,5,26,405,31
Indiana,2025,16,1,0,262,1
Iowa,2025,16,28,35,1675,63
Kentucky,2025,16,10,3,547,13
Maine,2025,16,41,83,996,124
Maryland,2025,16,5,31,381,36
Massachusetts,2025,16,32,141,1802,173
Michigan,2025,16,10,4,523,14
Minnesota,2025,16,16,72,1578,88
Mississippi,2025,16,1,6,194,7
Missouri,2025,16,15,20,1757,35
Montana,2025,16,13,8,354,21
Nebraska,2025,16,21,39,1204,60
Nevada,2025,16,26,33,647,59
New Mexico,2025,16,156,80,4353,236
New York,2025,16,111,245,5093,356
North Carolina,2025,16,30,11,2477,41
North Dakota,2025,16,11,3,276,14
Ohio,2025,16,127,106,6373,233
Oklahoma,2025,16,0,5,498,5
Oregon,2025,16,59,32,2102,91
Pennsylvania,2025,16,12,45,1253,57
South Carolina,2025,16,3,0,347,3
South Dakota,2025,16,3,0,119,3
Texas,2025,16,78,93,5109,171
Vermont,2025,16,15,26,425,41
Virginia,2025,16,12,36,1005,48
Washington,2025,16,58,50,2647,108
West Virginia,2025,16,15,4,434,19
Wisconsin,2025,16,90,464,8900,554
Alabama,2025,17,6,2,352,8
Arizona,2025,17,9,53,573,62
Arkansas,2025,17,6,22,428,28
California,2025,17,164,550,11429,714
Colorado,2025,17,23,48,1599,71
Connecticut,2025,17,12,52,1519,64
Florida,2025,17,6,2,316,8
Georgia,2025,17,19,24,1874,43
Idaho,2025,17,3,0,158,3
Illinois,2025,17,5,24,382,29
Indiana,2025,17,0,1,243,1
Iowa,2025,17,15,20,1564,35
Kentucky,2025,17,4,8,507,12
Maine,2025,17,26,50,878,76
Maryland,2025,17,4,24,348,28
Massachusetts,2025,17,22,75,1680,97
Michigan,2025,17,3,5,463,8
Minnesota,2025,17,11,43,1512,54
Mississippi,2025,17,1,7,233,8
Missouri,2025,17,18,22,2880,40
Montana,2025,17,7,1,404,8
Nebraska,2025,17,25,31,1238,56
Nevada,2025,17,56,44,740,100
New Mexico,2025,17,106,79,4154,185
New York,2025,17,98,169,4888,267
North Carolina,2025,17,16,17,2309,33
North Dakota,2025,17,2,1,241,3
Ohio,2025,17,61,88,5811,149
Oklahoma,2025,17,2,2,475,4
Oregon,2025,17,42,31,2109,73
Pennsylvania,2025,17,7,34,1168,41
South Carolina,2025,17,1,3,368,4
South Dakota,2025,17,2,0,122,2
Texas,2025,17,46,78,4710,124
Vermont,2025,17,10,13,398,23
Virginia,2025,17,23,45,940,68
Washington,2025,17,57,55,2610,112
West Virginia,2025,17,4,2,446,6
Wisconsin,2025,17,66,432,8657,498
Alabama,2025,18,1,1,307,2
Arizona,2025,18,8,47,464,55
Arkansas,2025,18,0,14,430,14
California,2025,18,109,310,8145,419
Colorado,2025,18,13,38,1499,51
Connecticut,2025,18,9,26,1451,35
Florida,2025,18,2,5,337,7
Georgia,2025,18,9,13,1820,22
Idaho,2025,18,1,1,15,2
Illinois,2025,18,1,13,366,14
Indiana,2025,18,0,0,234,0
Iowa,2025,18,3,11,1467,14
Kentucky,2025,18,3,4,479,7
Maine,2025,18,13,30,820,43
Maryland,2025,18,3,9,325,12
Massachusetts,2025,18,8,56,1634,64
Michigan,2025,18,2,6,472,8
Minnesota,2025,18,12,23,1496,35
Mississippi,2025,18,2,5,173,7
Missouri,2025,18,8,11,2638,19
Montana,2025,18,6,2,350,8
Nebraska,2025,18,7,49,1147,56
Nevada,2025,18,23,32,586,55
New Mexico,2025,18,62,74,3470,136
New York,2025,18,51,111,4136,162
North Carolina,2025,18,6,11,2091,17
North Dakota,2025,18,3,4,211,7
Ohio,2025,18,29,86,5415,115
Oklahoma,2025,18,1,0,472,1
Oregon,2025,18,41,47,2015,88
Pennsylvania,2025,18,3,16,1045,19
South Carolina,2025,18,2,1,339,3
South Dakota,2025,18,1,0,101,1
Texas,2025,18,59,86,4606,145
Vermont,2025,18,0,9,325,9
Virginia,2025,18,7,14,933,21
Washington,2025,18,64,64,2445,128
West Virginia,2025,18,4,4,920,8
Wisconsin,2025,18,33,272,7850,305
Alabama,2025,19,3,1,293,4
Arizona,2025,19,5,52,473,57
Arkansas,2025,19,2,12,403,14
California,2025,19,40,65,2723,105
Colorado,2025,19,15,53,1577,68
Connecticut,2025,19,1,16,1412,17
Florida,2025,19,1,4,302,5
Georgia,2025,19,8,15,1873,23
Idaho,2025,19,3,1,148,4
Illinois,2025,19,1,8,362,9
Indiana,2025,19,1,0,221,1
Iowa,2025,19,7,4,1257,11
Kentucky,2025,19,1,6,561,7
Maine,2025,19,7,12,665,19
Maryland,2025,19,3,10,315,13
Massachusetts,2025,19,2,43,1502,45
Michigan,2025,19,3,5,409,8
Minnesota,2025,19,6,25,1258,31
Mississippi,2025,19,1,5,174,6
Missouri,2025,19,4,9,2696,13
Montana,2025,19,3,0,322,3
Nebraska,2025,19,8,40,1050,48
Nevada,2025,19,26,28,624,54
New Mexico,2025,19,18,55,3146,73
New York,2025,19,37,76,3855,113
North Carolina,2025,19,9,11,2118,20
North Dakota,2025,19,2,1,213,3
Ohio,2025,19,17,53,5159,70
Oklahoma,2025,19,1,2,486,3
Oregon,2025,19,17,38,1977,55
Pennsylvania,2025,19,2,17,932,19
South Carolina,2025,19,1,0,292,1
South Dakota,2025,19,0,1,116,1
Texas,2025,19,30,62,4110,92
Vermont,2025,19,1,10,313,11
Virginia,2025,19,3,13,940,16
Washington,2025,19,38,76,2462,114
West Virginia,2025,19,1,4,822,5
Wisconsin,2025,19,57,215,6746,272
Alabama,2025,20,1,4,281,5
Arizona,2025,20,6,54,444,60
Arkansas,2025,20,1,6,395,7
California,2025,20,25,70,2703,95
Colorado,2025,20,13,42,1454,55
Connecticut,2025,20,6,11,1367,17
Florida,2025,20,1,1,285,2
Georgia,2025,20,7,22,1737,29
Idaho,2025,20,0,2,85,2
Illinois,2025,20,0,1,292,1
Indiana,2025,20,2,0,218,2
Iowa,2025,20,7,6,1274,13
Kentucky,2025,20,1,6,523,7
Maine,2025,20,3,8,602,11
Maryland,2025,20,0,4,266,4
Massachusetts,2025,20,4,20,1467,24
Michigan,2025,20,0,4,421,4
Minnesota,2025,20,6,13,1276,19
Mississippi,2025,20,0,2,163,2
Missouri,2025,20,2,8,2711,10
Montana,2025,20,0,0,181,0
Nebraska,2025,20,4,30,950,34
Nevada,2025,20,6,28,616,34
New Mexico,2025,20,32,56,3059,88
New York,2025,20,28,51,3692,79
North Carolina,2025,20,6,16,2053,22
North Dakota,2025,20,1,0,175,1
Ohio,2025,20,12,47,4917,59
Oklahoma,2025,20,1,0,474,1
Oregon,2025,20,16,34,1893,50
Pennsylvania,2025,20,0,13,881,13
South Carolina,2025,20,1,0,309,1
South Dakota,2025,20,0,0,103,0
Texas,2025,20,26,70,4219,96
Vermont,2025,20,1,3,296,4
Virginia,2025,20,1,11,895,12
Washington,2025,20,41,66,2542,107
West Virginia,2025,20,1,1,917,2
Wisconsin,2025,20,17,137,6219,154
Alabama,2025,21,1,1,244,2
Arizona,2025,21,4,37,375,41
Arkansas,2025,21,2,7,306,9
California,2025,21,25,67,2730,92
Colorado,2025,21,10,51,1451,61
Connecticut,2025,21,3,4,1253,7
Florida,2025,21,7,2,313,9
Georgia,2025,21,3,16,1621,19
Idaho,2025,21,1,1,15,2
Illinois,2025,21,0,2,319,2
Indiana,2025,21,1,0,211,1
Iowa,2025,21,11,1,1148,12
Kentucky,2025,21,2,3,561,5
Maine,2025,21,3,10,609,13
Maryland,2025,21,1,2,302,3
Massachusetts,2025,21,5,9,1449,14
Michigan,2025,21,1,2,387,3
Minnesota,2025,21,3,8,1194,11
Mississippi,2025,21,0,2,174,2
Missouri,2025,21,3,9,2380,12
Montana,2025,21,3,0,170,3
Nebraska,2025,21,1,15,836,16
Nevada,2025,21,9,27,610,36
New Mexico,2025,21,6,66,2725,72
New York,2025,21,17,39,3417,56
North Carolina,2025,21,7,12,2120,19
North Dakota,2025,21,0,1,157,1
Ohio,2025,21,11,21,4604,32
Oklahoma,2025,21,0,1,459,1
Oregon,2025,21,23,29,1927,52
Pennsylvania,2025,21,0,1,700,1
South Carolina,2025,21,0,2,365,2
South Dakota,2025,21,0,0,92,0
Texas,2025,21,37,80,4267,117
Vermont,2025,21,1,0,260,1
Virginia,2025,21,1,10,920,11
Washington,2025,21,38,83,2458,121
West Virginia,2025,21,0,1,862,1
Wisconsin,2025,21,12,70,5594,82
Alabama,2025,22,1,0,261,1
Arizona,2025,22,7,31,391,38
Arkansas,2025,22,0,8,311,8
California,2025,22,32,40,2411,72
Colorado,2025,22,18,54,1353,72
Connecticut,2025,22,6,3,1301,9
Florida,2025,22,1,1,279,2
Georgia,2025,22,4,6,849,10
Illinois,2025,22,1,4,292,5
Indiana,2025,22,1,0,185,1
Iowa,2025,22,5,1,1060,6
Kentucky,2025,22,1,5,552,6
Maine,2025,22,2,6,608,8
Maryland,2025,22,3,1,254,4
Massachusetts,2025,22,5,7,1378,12
Michigan,2025,22,2,3,437,5
Minnesota,2025,22,1,5,1062,6
Mississippi,2025,22,1,4,142,5
Missouri,2025,22,3,7,2379,10
Montana,2025,22,3,0,147,3
Nebraska,2025,22,6,5,904,11
Nevada,2025,22,8,19,583,27
New Mexico,2025,22,16,75,2621,91
New York,2025,22,13,29,3227,42
North Carolina,2025,22,3,7,1947,10
North Dakota,2025,22,0,1,168,1
Ohio,2025,22,10,19,4351,29
Oklahoma,2025,22,1,0,458,1
Oregon,2025,22,14,38,1748,52
Pennsylvania,2025,22,1,5,799,6
South Carolina,2025,22,1,0,297,1
South Dakota,2025,22,0,1,77,1
Texas,2025,22,47,91,4111,138
Vermont,2025,22,2,2,271,4
Virginia,2025,22,1,2,885,3
Washington,2025,22,42,61,2362,103
West Virginia,2025,22,0,0,911,0
Wisconsin,2025,22,11,43,4776,54
Alabama,2025,23,3,1,248,4
Arizona,2025,23,4,28,337,32
Arkansas,2025,23,0,7,302,7
California,2025,23,33,45,2802,78
Colorado,2025,23,10,26,1159,36
Connecticut,2025,23,8,2,1328,10
Florida,2025,23,0,0,268,0
Georgia,2025,23,7,2,873,9
Idaho,2025,23,0,1,18,1
Illinois,2025,23,0,1,290,1
Indiana,2025,23,0,1,220,1
Iowa,2025,23,6,2,948,8
Kentucky,2025,23,2,4,525,6
Maine,2025,23,1,2,550,3
Maryland,2025,23,1,1,291,2
Massachusetts,2025,23,3,5,1275,8
Michigan,2025,23,0,0,369,0
Minnesota,2025,23,1,4,1054,5
Mississippi,2025,23,1,4,154,5
Missouri,2025,23,4,3,2276,7
Montana,2025,23,2,2,142,4
Nebraska,2025,23,5,3,686,8
Nevada,2025,23,4,16,567,20
New Mexico,2025,23,8,45,2282,53
New York,2025,23,8,20,3153,28
North Carolina,2025,23,2,8,1930,10
North Dakota,2025,23,0,0,146,0
Ohio,2025,23,17,21,4550,38
Oklahoma,2025,23,1,2,387,3
Oregon,2025,23,13,19,1756,32
Pennsylvania,2025,23,2,5,715,7
South Carolina,2025,23,2,1,347,3
South Dakota,2025,23,0,0,89,0
Texas,2025,23,42,79,3765,121
Vermont,2025,23,0,0,279,0
Virginia,2025,23,4,1,805,5
Washington,2025,23,30,47,2184,77
West Virginia,2025,23,1,1,410,2
Wisconsin,2025,23,21,49,4688,70
Alabama,2025,24,0,0,229,0
Arizona,2025,24,3,10,302,13
Arkansas,2025,24,0,5,271,5
California,2025,24,20,41,2397,61
Colorado,2025,24,6,12,1427,18
Connecticut,2025,24,3,0,1210,3
Florida,2025,24,2,0,272,2
Georgia,2025,24,8,9,1237,17
Idaho,2025,24,0,0,10,0
Illinois,2025,24,0,1,266,1
Indiana,2025,24,0,0,203,0
Iowa,2025,24,6,0,969,6
Kentucky,2025,24,0,2,462,2
Maine,2025,24,4,1,481,5
Maryland,2025,24,0,5,262,5
Massachusetts,2025,24,4,3,1187,7
Michigan,2025,24,0,2,347,2
Minnesota,2025,24,5,1,957,6
Mississippi,2025,24,3,3,182,6
Missouri,2025,24,0,1,2104,1
Montana,2025,24,2,0,145,2
Nebraska,2025,24,6,4,627,10
Nevada,2025,24,0,3,480,3
New Mexico,2025,24,9,16,2031,25
New York,2025,24,5,16,3014,21
North Carolina,2025,24,6,8,2012,14
North Dakota,2025,24,1,0,135,1
Ohio,2025,24,11,10,3558,21
Oklahoma,2025,24,0,0,388,0
Oregon,2025,24,12,30,1558,42
Pennsylvania,2025,24,1,2,655,3
South Carolina,2025,24,0,1,305,1
South Dakota,2025,24,0,0,79,0
Texas,2025,24,14,48,3335,62
Vermont,2025,24,0,3,240,3
Virginia,2025,24,3,3,758,6
Washington,2025,24,24,38,2026,62
West Virginia,2025,24,1,0,339,1
Wisconsin,2025,24,30,29,4288,59
Alabama,2025,25,0,0,223,0
Arizona,2025,25,1,8,267,9
Arkansas,2025,25,0,0,234,0
California,2025,25,17,23,2357,40
Colorado,2025,25,8,3,1280,11
Connecticut,2025,25,4,2,1108,6
Florida,2025,25,0,0,257,0
Georgia,2025,25,5,3,1228,8
Illinois,2025,25,0,0,26,0
Indiana,2025,25,1,0,199,1
Iowa,2025,25,7,0,910,7
Kentucky,2025,25,0,0,454,0
Maine,2025,25,3,1,499,4
Maryland,2025,25,2,0,237,2
Massachusetts,2025,25,1,0,1100,1
Michigan,2025,25,0,2,318,2
Minnesota,2025,25,1,2,990,3
Mississippi,2025,25,2,3,154,5
Missouri,2025,25,6,1,2086,7
Montana,2025,25,2,0,143,2
Nebraska,2025,25,1,1,589,2
Nevada,2025,25,5,3,476,8
New Mexico,2025,25,15,8,1933,23
New York,2025,25,10,5,2777,15
North Carolina,2025,25,9,9,1776,18
North Dakota,2025,25,0,0,30,0
Ohio,2025,25,15,7,3353,22
Oregon,2025,25,16,14,1495,30
Pennsylvania,2025,25,2,0,678,2
South Carolina,2025,25,0,1,280,1
South Dakota,2025,25,0,0,92,0
Texas,2025,25,13,34,3119,47
Vermont,2025,25,1,1,219,2
Virginia,2025,25,3,2,665,5
Washington,2025,25,13,62,2098,75
West Virginia,2025,25,0,0,318,0
Wisconsin,2025,25,19,19,3804,38
Alabama,2025,26,2,0,231,2
Arizona,2025,26,2,7,269,9
Arkansas,2025,26,3,0,266,3
California,2025,26,11,9,1235,20
Colorado,2025,26,2,2,946,4
Connecticut,2025,26,1,3,1090,4
Florida,2025,26,0,1,121,1
Georgia,2025,26,0,0,669,0
Illinois,2025,26,0,0,34,0
Indiana,2025,26,0,0,177,0
Iowa,2025,26,4,1,1242,5
Kentucky,2025,26,0,0,368,0
Maine,2025,26,0,0,448,0
Maryland,2025,26,0,1,231,1
Massachusetts,2025,26,9,0,1126,9
Michigan,2025,26,0,0,325,0
Minnesota,2025,26,5,0,842,5
Mississippi,2025,26,2,1,153,3
Missouri,2025,26,4,1,1755,5
Montana,2025,26,2,0,157,2
Nebraska,2025,26,2,0,571,2
Nevada,2025,26,9,5,460,14
New Mexico,2025,26,6,4,1765,10
New York,2025,26,6,2,2645,8
North Carolina,2025,26,6,0,1660,6
North Dakota,2025,26,1,0,108,1
Ohio,2025,26,20,3,3084,23
Oregon,2025,26,13,22,1520,35
Pennsylvania,2025,26,1,1,585,2
South Carolina,2025,26,0,1,288,1
South Dakota,2025,26,0,0,86,0
Texas,2025,26,14,33,3070,47
Vermont,2025,26,0,0,231,0
Virginia,2025,26,1,1,684,2
Washington,2025,26,27,24,2051,51
West Virginia,2025,26,0,1,238,1
Wisconsin,2025,26,13,1,3117,14
Alabama,2025,27,3,0,210,3
Arizona,2025,27,1,4,243,5
Arkansas,2025,27,0,2,206,2
California,2025,27,20,9,2102,29
Colorado,2025,27,2,6,869,8
Connecticut,2025,27,4,0,975,4
Florida,2025,27,1,1,211,2
Georgia,2025,27,2,6,1086,8
Illinois,2025,27,2,1,176,3
Indiana,2025,27,2,0,172,2
Iowa,2025,27,3,1,801,4
Kentucky,2025,27,2,1,370,3
Maine,2025,27,0,0,348,0
Maryland,2025,27,0,0,210,0
Massachusetts,2025,27,6,1,949,7
Michigan,2025,27,0,0,481,0
Minnesota,2025,27,4,1,823,5
Mississippi,2025,27,2,2,130,4
Missouri,2025,27,6,2,1873,8
Montana,2025,27,1,2,124,3
Nebraska,2025,27,3,2,536,5
Nevada,2025,27,5,1,391,6
New Mexico,2025,27,5,3,1614,8
New York,2025,27,4,4,2498,8
North Carolina,2025,27,1,3,1448,4
North Dakota,2025,27,1,0,132,1
Ohio,2025,27,14,1,2797,15
Oregon,2025,27,15,8,1263,23
Pennsylvania,2025,27,0,1,576,1
South Carolina,2025,27,0,0,257,0
South Dakota,2025,27,0,0,79,0
Texas,2025,27,18,32,2883,50
Vermont,2025,27,0,0,222,0
Virginia,2025,27,0,1,636,1
Washington,2025,27,15,16,1994,31
West Virginia,2025,27,1,0,262,1
Wisconsin,2025,27,15,2,3183,17
Alabama,2025,28,1,1,197,2
Arizona,2025,28,0,2,218,2
Arkansas,2025,28,0,0,181,0
California,2025,28,24,15,1990,39
Colorado,2025,28,4,2,955,6
Connecticut,2025,28,5,0,966,5
Florida,2025,28,1,1,276,2
Georgia,2025,28,5,6,1139,11
Illinois,2025,28,1,1,204,2
Indiana,2025,28,1,0,204,1
Iowa,2025,28,4,1,688,5
Kentucky,2025,28,1,1,395,2
Maine,2025,28,2,0,391,2
Maryland,2025,28,0,1,237,1
Massachusetts,2025,28,3,0,898,3
Michigan,2025,28,1,0,474,1
Minnesota,2025,28,4,1,781,5
Mississippi,2025,28,0,6,140,6
Missouri,2025,28,2,0,1865,2
Montana,2025,28,1,0,116,1
Nebraska,2025,28,3,5,527,8
Nevada,2025,28,6,4,468,10
New Mexico,2025,28,6,3,1760,9
New York,2025,28,7,7,2313,14
North Carolina,2025,28,6,4,1484,10
North Dakota,2025,28,0,0,121,0
Ohio,2025,28,7,4,3126,11
Oregon,2025,28,5,4,1167,9
Pennsylvania,2025,28,0,0,603,0
South Carolina,2025,28,0,0,275,0
South Dakota,2025,28,0,0,60,0
Texas,2025,28,9,27,3038,36
Vermont,2025,28,0,0,221,0
Virginia,2025,28,5,3,703,8
Washington,2025,28,20,15,1867,35
West Virginia,2025,28,0,0,277,0
Wisconsin,2025,28,9,1,3232,10
Alabama,2025,29,0,0,185,0
Arizona,2025,29,0,0,207,0
Arkansas,2025,29,0,0,212,0
California,2025,29,18,10,1886,28
Colorado,2025,29,2,2,797,4
Connecticut,2025,29,2,0,940,2
Florida,2025,29,0,1,137,1
Georgia,2025,29,6,3,1086,9
Illinois,2025,29,0,1,40,1
Indiana,2025,29,0,0,203,0
Iowa,2025,29,4,1,793,5
Kentucky,2025,29,6,1,419,7
Maine,2025,29,1,0,363,1
Maryland,2025,29,0,0,226,0
Massachusetts,2025,29,3,0,935,3
Michigan,2025,29,0,0,512,0
Minnesota,2025,29,1,0,764,1
Mississippi,2025,29,1,1,129,2
Missouri,2025,29,1,1,1764,2
Montana,2025,29,0,1,97,1
Nebraska,2025,29,2,1,533,3
Nevada,2025,29,7,6,441,13
New Mexico,2025,29,3,0,1777,3
New York,2025,29,5,2,2349,7
North Carolina,2025,29,3,4,1399,7
North Dakota,2025,29,0,0,125,0
Ohio,2025,29,4,3,2781,7
Oregon,2025,29,4,5,1188,9
Pennsylvania,2025,29,3,1,584,4
South Carolina,2025,29,1,0,251,1
South Dakota,2025,29,0,0,70,0
Texas,2025,29,5,7,2440,12
Vermont,2025,29,0,0,180,0
Virginia,2025,29,2,1,744,3
Washington,2025,29,14,3,1705,17
West Virginia,2025,29,0,0,238,0
Wisconsin,2025,29,6,2,2985,8
Alabama,2025,30,0,0,214,0
Arizona,2025,30,2,5,210,7
Arkansas,2025,30,0,0,213,0
California,2025,30,7,4,1802,11
Colorado,2025,30,1,0,816,1
Connecticut,2025,30,1,0,944,1
Florida,2025,30,2,2,128,4
Georgia,2025,30,0,0,1115,0
Illinois,2025,30,1,0,30,1
Indiana,2025,30,0,0,175,0
Iowa,2025,30,1,0,854,1
Kentucky,2025,30,2,0,382,2
Maine,2025,30,2,0,365,2
Maryland,2025,30,4,0,224,4
Massachusetts,2025,30,3,1,944,4
Michigan,2025,30,0,0,468,0
Minnesota,2025,30,3,0,822,3
Mississippi,2025,30,1,2,116,3
Missouri,2025,30,4,2,1864,6
Montana,2025,30,1,0,102,1
Nebraska,2025,30,1,0,515,1
Nevada,2025,30,4,5,473,9
New Mexico,2025,30,4,1,1693,5
New York,2025,30,10,1,2125,11
North Carolina,2025,30,1,3,1454,4
North Dakota,2025,30,2,0,129,2
Ohio,2025,30,7,0,2868,7
Oregon,2025,30,1,0,1173,1
Pennsylvania,2025,30,1,0,551,1
South Carolina,2025,30,0,0,263,0
South Dakota,2025,30,0,0,75,0
Texas,2025,30,7,6,2671,13
Vermont,2025,30,3,0,200,3
Virginia,2025,30,0,0,704,0
Washington,2025,30,10,1,1703,11
West Virginia,2025,30,0,0,220,0
Wisconsin,2025,30,8,2,3177,10
Alabama,2025,31,0,0,29,0
Arizona,2025,31,0,0,265,0
Arkansas,2025,31,0,0,227,0
California,2025,31,20,3,1886,23
Colorado,2025,31,1,2,859,3
Connecticut,2025,31,2,0,962,2
Florida,2025,31,0,0,119,0
Georgia,2025,31,1,0,1128,1
Illinois,2025,31,1,1,29,2
Indiana,2025,31,0,0,187,0
Iowa,2025,31,0,0,822,0
Maine,2025,31,2,0,371,2
Maryland,2025,31,2,0,237,2
Massachusetts,2025,31,2,2,905,4
Michigan,2025,31,0,0,440,0
Minnesota,2025,31,3,0,881,3
Mississippi,2025,31,0,3,122,3
Missouri,2025,31,1,0,1809,1
Montana,2025,31,1,0,102,1
Nebraska,2025,31,2,0,549,2
Nevada,2025,31,5,1,445,6
New Mexico,2025,31,4,2,1610,6
New York,2025,31,4,2,2149,6
North Carolina,2025,31,2,3,1460,5
North Dakota,2025,31,1,0,132,1
Ohio,2025,31,0,0,441,0
Oregon,2025,31,4,0,1035,4
Pennsylvania,2025,31,0,0,553,0
South Carolina,2025,31,0,0,246,0
South Dakota,2025,31,1,0,76,1
Texas,2025,31,5,7,2845,12
Vermont,2025,31,4,0,191,4
Virginia,2025,31,0,0,649,0
Washington,2025,31,12,2,1667,14
West Virginia,2025,31,0,0,219,0
Wisconsin,2025,31,9,0,2655,9
Alabama,2025,32,0,0,165,0
Arizona,2025,32,0,0,342,0
Arkansas,2025,32,0,0,236,0
California,2025,32,21,3,1852,24
Colorado,2025,32,3,1,1153,4
Connecticut,2025,32,6,0,1047,6
Georgia,2025,32,5,0,905,5
Illinois,2025,32,0,0,32,0
Indiana,2025,32,0,0,178,0
Iowa,2025,32,0,0,803,0
Maryland,2025,32,1,0,137,1
Massachusetts,2025,32,1,0,751,1
Michigan,2025,32,0,0,464,0
Minnesota,2025,32,5,1,927,6
Mississippi,2025,32,2,3,149,5
Missouri,2025,32,1,0,1515,1
Montana,2025,32,0,0,113,0
Nebraska,2025,32,3,1,616,4
Nevada,2025,32,0,2,451,2
New Mexico,2025,32,2,0,1859,2
New York,2025,32,3,6,2160,9
North Carolina,2025,32,2,1,1493,3
Ohio,2025,32,0,0,530,0
Oregon,2025,32,1,0,1029,1
Pennsylvania,2025,32,2,2,452,4
South Carolina,2025,32,3,0,266,3
Texas,2025,32,4,5,2242,9
Vermont,2025,32,2,0,200,2
Virginia,2025,32,0,0,462,0
Washington,2025,32,7,2,1395,9
West Virginia,2025,32,0,0,248,0
Wisconsin,2025,32,12,1,2829,13
